Customer ID,frequency,recency,T,monetary_value,probability_alive,predicted_purchases_90_days,expected_avg_sales,CLV_3_Months
12346.0,7.0,400.0,725.0,11066.637142857144,0.7086267227832301,0.6184548268170748,9520.529481633117,5772.262199272084
12347.0,7.0,402.0,404.0,717.3985714285715,0.9928471925839798,1.4610902652586897,672.7406833895437,963.6183473203405
12348.0,4.0,363.0,438.0,449.31,0.9734983287757958,0.8115860970297527,440.2127575312274,350.2495393725931
12349.0,3.0,571.0,589.0,1120.0566666666666,0.9807778392481787,0.4933212551311995,918.5313230889274,444.22457569487244
12350.0,0.0,0.0,310.0,0.0,1.0,0.15555531190357522,409.57932521320134,62.46221951676047
12351.0,0.0,0.0,375.0,0.0,1.0,0.13262773575291603,409.57932521320134,53.2554400292951
12352.0,8.0,356.0,392.0,338.26125,0.9877739064078648,1.6870057062254875,347.481829203174,574.6839521769444
12353.0,1.0,204.0,408.0,89.0,0.8360767284446111,0.26271059053573964,263.054510522425,67.74963853347018
12354.0,0.0,0.0,232.0,0.0,1.0,0.19629445357034828,409.57932521320134,78.8216491602098
12355.0,1.0,353.0,567.0,459.4,0.8679444997065148,0.2040680719775081,432.35049155728876,86.49517530219005
12356.0,5.0,402.0,424.0,1092.648,0.9871709342814624,1.0287892960097773,961.5197413818119,969.7615411516226
12357.0,1.0,355.0,388.0,6207.67,0.9201160975626879,0.3018948863481286,3059.6696300650538,905.5541281218655
12358.0,4.0,730.0,731.0,614.3100000000001,0.9873094787577965,0.5197296109733714,567.4322512749825,289.11377543908594
12359.0,9.0,677.0,734.0,908.3611111111111,0.9891568317489217,1.0767532500828905,850.2042862197086,897.4624086834226
12360.0,7.0,603.0,655.0,590.6985714285713,0.9877480282479056,0.9460032545963982,564.4221019788997,523.4486676500255
12361.0,3.0,395.0,682.0,134.01666666666668,0.9050468657688479,0.3984853731227992,212.17941190943372,82.88836418473656
12362.0,10.0,735.0,738.0,522.6229999999999,0.9950362213735731,1.1894546619427597,510.62048088402616,595.4192073011739
12363.0,1.0,133.0,242.0,252.9,0.8624615928090528,0.4178033122199541,337.9670680051847,138.4316583509379
12364.0,3.0,105.0,112.0,229.7266666666667,0.9798564892992971,1.8300306773184558,280.7414797961212,503.6849320943717
12365.0,0.0,0.0,291.0,0.0,1.0,0.16383613752862622,409.57932521320134,65.78748723792762
12366.0,0.0,0.0,633.0,0.0,1.0,0.08368999099243025,409.57932521320134,33.60441916533165
12367.0,0.0,0.0,4.0,0.0,1.0,,409.57932521320134,
12368.0,0.0,0.0,628.0,0.0,1.0,0.08429262746511776,409.57932521320134,33.846405303443795
12369.0,2.0,228.0,641.0,721.415,0.7686599216006007,0.25994377486167736,605.2173449126271,154.23026204187659
12370.0,5.0,617.0,668.0,751.47,0.9851624239745654,0.6844106189408031,685.8374648283599,460.1670608814319
12371.0,3.0,601.0,645.0,1153.2333333333333,0.9781190381077002,0.4531296585936499,942.2975008368535,418.58993392956415
12372.0,2.0,225.0,296.0,449.41,0.9508726859448653,0.629583706286959,434.56810927040965,268.22309747795316
12373.0,2.0,362.0,673.0,344.875,0.8899704758221941,0.2879055689463091,368.9854256879048,104.14484904917323
12374.0,2.0,563.0,588.0,800.34,0.9690946261802366,0.3543556196577223,654.7329454459336,227.448392048739
12375.0,1.0,88.0,98.0,227.20000000000002,0.9215061532805273,0.8429088538326481,326.22055960184775,269.58311981083847
12376.0,1.0,28.0,417.0,70.6,0.4515424772346527,0.13923116400517083,254.64455898073632,34.75796185819601
12377.0,3.0,274.0,589.0,738.4533333333334,0.8346002163875184,0.41979540096121293,645.1689404143247,265.51551923953735
12378.0,1.0,433.0,562.0,4008.62,0.8990985456661313,0.21307958331363022,2054.5661551873077,429.18338542667584
12379.0,3.0,453.0,534.0,417.58,0.970720192493963,0.5331642733111388,415.3106260999613,217.07683245198956
12380.0,7.0,641.0,662.0,951.2857142857143,0.9913431647533336,0.9402900641466052,872.6958808992067,804.4557798788817
12381.0,4.0,115.0,119.0,144.14249999999998,0.9860178592693938,2.257208389684682,204.92030385215233,453.47057738174
12383.0,4.0,168.0,352.0,312.46,0.8353051188169084,0.8403791951708751,334.6976804473917,275.7464730627911
12384.0,1.0,93.0,121.0,292.58000000000004,0.9084728237681929,0.7276626925492403,356.1033113298698,254.04115891525976
12385.0,0.0,0.0,379.0,0.0,1.0,0.1314357640138626,409.57932521320134,52.776795764804184
12386.0,1.0,29.0,366.0,143.0,0.5024514296129726,0.17328131963373128,287.7358900469462,48.87991818923743
12387.0,0.0,0.0,415.0,0.0,1.0,0.12160066724525968,409.57932521320134,48.82745813423959
12388.0,7.0,567.0,582.0,491.3557142857143,0.9917200811303076,1.0571660367780227,479.4917360831262,496.9382245898403
12389.0,2.0,253.0,655.0,634.24,0.79703644690086,0.26429380817308873,550.5258976336789,142.64068658438737
12390.0,0.0,0.0,79.0,0.0,1.0,,409.57932521320134,
12391.0,4.0,641.0,662.0,515.2574999999999,0.9855577832915925,0.568115246718313,491.06007609890185,273.4946835922018
12392.0,0.0,0.0,591.0,0.0,1.0,0.08903718706671052,409.57932521320134,35.75156632101591
12393.0,5.0,356.0,428.0,419.13,0.9760240528637243,1.0089001335565495,417.29656304168475,412.736842177185
12394.0,1.0,154.0,217.0,891.4,0.895365259905992,0.4722887171467948,629.8015277534581,291.6095475558234
12395.0,13.0,583.0,602.0,303.2176923076923,0.9946006514121427,1.8352085302917236,312.12284689348,561.5501759441181
12396.0,0.0,0.0,674.0,0.0,1.0,0.07905550940806474,409.57932521320134,31.74346558341808
12397.0,1.0,100.0,135.0,1195.09,0.9043313048070883,0.6733994972903582,768.6068638238626,507.42698831602763
12398.0,0.0,0.0,45.0,0.0,1.0,,409.57932521320134,
12399.0,6.0,525.0,644.0,292.72,0.9727084350100615,0.8223722460579972,312.0324069630866,251.56243324777802
12400.0,0.0,0.0,414.0,0.0,1.0,0.12185393310166391,409.57932521320134,48.92915818078036
12401.0,0.0,0.0,303.0,0.0,1.0,0.15850678977805005,409.57932521320134,63.647420344772215
12402.0,5.0,347.0,670.0,213.04000000000002,0.7882120682939784,0.5460933529922638,250.76952913298922,134.25152363462314
12403.0,1.0,472.0,521.0,427.70000000000005,0.9186943691581161,0.23296622191229602,417.8616076512273,95.43484138289993
12404.0,0.0,0.0,682.0,0.0,1.0,0.07821044859618616,409.57932521320134,31.404136089687622
12405.0,0.0,0.0,148.0,0.0,1.0,0.2735096421362848,409.57932521320134,109.82937267081363
12406.0,4.0,675.0,697.0,1377.29,0.9855591866906135,0.5419872620097068,1155.7106108908022,614.0669565837989
12407.0,4.0,215.0,264.0,370.455,0.9734480542497195,1.2422607359492353,379.4134049302346,462.07218810476104
12408.0,6.0,466.0,498.0,691.1116666666667,0.9879929485222476,1.052349211378612,644.5850660594799,664.9962727738784
12409.0,6.0,487.0,565.0,2769.4683333333337,0.9805018863849473,0.9330977821000735,2379.468332654036,2176.634128518281
12410.0,1.0,194.0,502.0,693.3299999999999,0.7798649794441839,0.2043926365324125,539.2711417826821,108.05733626185017
12411.0,0.0,0.0,409.0,0.0,1.0,0.12313626602353894,409.57932521320134,49.44408496168795
12412.0,5.0,465.0,539.0,385.21,0.979411058970301,0.8259979022633622,389.88816384627034,315.71685478932955
12413.0,3.0,336.0,402.0,252.70000000000002,0.9699438937836934,0.6836344609538072,297.1984773886769,199.182837080602
12414.0,3.0,246.0,463.0,187.47,0.889568278333684,0.554412165453086,250.47082418369698,136.1351418555041
12415.0,22.0,503.0,527.0,6460.528636363637,0.9945611742411432,3.431994622623272,6150.54662373618,20693.713889877217
12416.0,0.0,0.0,656.0,0.0,1.0,0.08102535458563881,409.57932521320134,32.534446704261384
12417.0,19.0,730.0,733.0,342.5163157894737,0.9973423835474747,2.213691242792846,346.4623998740155,751.8820381144849
12418.0,3.0,518.0,630.0,559.0866666666667,0.967385431654079,0.45784220222349264,516.6792363436022,231.907725970253
12419.0,1.0,28.0,413.0,180.1,0.4549748205048835,0.141464581452627,304.6929119054598,42.25650814266389
12420.0,0.0,0.0,63.0,0.0,1.0,,409.57932521320134,
12421.0,5.0,490.0,505.0,204.16,0.9884958239927571,0.8834841470531829,243.59421707947268,210.9817562741182
12422.0,13.0,626.0,721.0,396.6769230769231,0.9790858977316933,1.532627536003048,397.75717995539384,597.6286095248845
12423.0,9.0,465.0,465.0,258.1766666666667,0.994678445350709,1.633590635532141,275.829873239422,441.73697682761735
12424.0,2.0,386.0,548.0,1446.745,0.9388204604892234,0.3657133890105853,1060.271517035822,380.13492611952677
12425.0,1.0,370.0,448.0,777.2,0.9085096791121019,0.2631924881229549,577.6049806849338,149.03463947089188
12426.0,1.0,468.0,662.0,582.73,0.8864140648260358,0.1811646102344665,488.72002001579244,86.7987027686116
12427.0,2.0,350.0,371.0,261.15,0.9682492237278131,0.5305822379649241,316.4584234116795,164.60846704140909
12428.0,6.0,258.0,283.0,497.8733333333334,0.9866260997572821,1.7024648203374857,483.2816880871615,806.6064263745428
12429.0,5.0,537.0,546.0,1215.71,0.9892362049465456,0.824708625152861,1060.9576075901282,857.7826615611918
12430.0,0.0,0.0,43.0,0.0,1.0,,409.57932521320134,
12431.0,23.0,658.0,693.0,423.3782608695652,0.9937796517007701,2.795177553196266,422.7005853296062,1158.2945432933136
12432.0,2.0,130.0,172.0,871.33,0.9536611929102383,0.9632438981556378,699.2703224729773,660.3465430906311
12433.0,8.0,476.0,476.0,2553.6075,0.9939825523677365,1.433410866861987,2276.410147991279,3198.8977450087314
12434.0,2.0,297.0,381.0,403.07,0.9521991962570893,0.5100653097374708,405.4955349439805,202.7656769057977
12435.0,5.0,658.0,737.0,2583.5860000000002,0.9823035714597296,0.6236344040896575,2166.2433227383203,1324.3854455511105
12436.0,0.0,0.0,99.0,0.0,1.0,0.35512554550763475,409.57932521320134,142.60523789670128
12437.0,33.0,736.0,737.0,366.8218181818182,0.9985299005765712,3.7765746015589303,368.3074604708243,1363.5938041157524
12438.0,1.0,126.0,140.0,2016.78,0.9206334573516999,0.6687432472521789,1144.1706182961552,750.1467593250443
12439.0,1.0,43.0,725.0,76.52000000000001,0.3188238697936425,0.059962687222778206,257.3503694767579,15.128121989440942
12440.0,1.0,255.0,717.0,290.69,0.7473845617034355,0.14200259719313296,355.23946304651156,49.453461877800194
12441.0,0.0,0.0,366.0,0.0,1.0,0.13539043855301083,409.57932521320134,54.36482306188462
12442.0,0.0,0.0,3.0,0.0,1.0,,409.57932521320134,
12443.0,0.0,0.0,732.0,0.0,1.0,0.07331262079470888,409.57932521320134,29.437443950680915
12444.0,4.0,150.0,171.0,783.8149999999999,0.9805475407111381,1.747125682468826,698.1252227115594,1195.765700979458
12445.0,1.0,398.0,420.0,133.4,0.9236188803510256,0.28303064963209323,283.34808924258687,78.62074199021141
12446.0,0.0,0.0,57.0,0.0,1.0,,409.57932521320134,
12447.0,0.0,0.0,243.0,0.0,1.0,0.18930078879730222,409.57932521320134,76.01321368380192
12448.0,0.0,0.0,44.0,0.0,1.0,,409.57932521320134,
12449.0,5.0,416.0,438.0,831.458,0.9872656490183039,1.0001850756572257,750.4702193933011,735.8578463655722
12450.0,4.0,318.0,474.0,134.945,0.9404353206251506,0.7315520458642193,197.82878085998152,141.87782300676244
12451.0,6.0,519.0,529.0,1753.1016666666667,0.9908804369624824,1.0002355699354337,1531.0684641403768,1501.3281723823811
12452.0,0.0,0.0,16.0,0.0,1.0,,409.57932521320134,
12453.0,0.0,0.0,134.0,0.0,1.0,0.2927196099124687,409.57932521320134,117.54376300168627
12454.0,4.0,365.0,421.0,2986.565,0.9778281060251394,0.8437750233103561,2396.50546419069,1982.3745701148678
12455.0,9.0,648.0,721.0,471.50222222222214,0.9864240452222778,1.0915650287641943,464.28215288540986,496.8307524855531
12456.0,2.0,210.0,254.0,1120.435,0.958971546531898,0.7187961210485525,855.5526623000194,602.8910205382919
12457.0,7.0,369.0,435.0,337.6042857142857,0.9796718239799659,1.3520938678665926,348.04630093934503,461.34273924456
12458.0,3.0,416.0,487.0,465.6266666666667,0.9714969343531087,0.5791019652400456,449.7289608792848,255.3206235960655
12459.0,0.0,0.0,605.0,0.0,1.0,0.08718041858065256,409.57932521320134,35.005986895308865
12460.0,0.0,0.0,456.0,0.0,1.0,0.11205258107773555,409.57932521320134,44.99339139030649
12461.0,1.0,60.0,154.0,200.0,0.8354853908909429,0.5679379455033666,313.7884573228297,174.71598401943405
12462.0,1.0,285.0,303.0,427.48,0.9231672505686247,0.37295717413982526,417.76105388279404,152.74730192088862
12463.0,3.0,188.0,241.0,331.40333333333336,0.9655106071610816,1.0398299975627272,353.5777824028718,360.4401330496198
12464.0,6.0,299.0,309.0,166.35833333333332,0.9902419081950009,1.5895069783125677,206.55352330708956,321.86779014624
12465.0,1.0,152.0,169.0,301.25,0.9200758750271588,0.5852029688658476,360.06604393130687,206.57714628756491
12466.0,0.0,0.0,682.0,0.0,1.0,0.07821044859618616,409.57932521320134,31.404136089687622
12467.0,0.0,0.0,423.0,0.0,1.0,0.11961184824549,409.57932521320134,48.0288393852403
12468.0,4.0,495.0,682.0,807.3775,0.9531634710901845,0.5347115144573465,716.2925519317852,375.48071136774405
12469.0,1.0,14.0,536.0,1113.7,0.30132202962670546,0.074502207878305,731.4065401294037,53.42066434235305
12470.0,0.0,0.0,689.0,0.0,1.0,0.07748570820629053,409.57932521320134,31.11312073739644
12471.0,47.0,730.0,732.0,825.2717021276595,0.9988876490756621,5.383428371423227,815.024429188951,4301.3619585334145
12472.0,18.0,693.0,725.0,921.8977777777777,0.9943600598218565,2.115989050953215,890.1811495625623,1846.5812580146999
12473.0,3.0,162.0,191.0,1088.7866666666666,0.9731346577112029,1.253696408382541,896.1309901789211,1101.417695475749
12474.0,28.0,649.0,666.0,438.0625,0.9967289301443243,3.521890949165681,436.9032959708333,1508.4750497827988
12475.0,1.0,356.0,409.0,723.38,0.914709791540731,0.28681158873286133,553.0058724254943,155.4927213701996
12476.0,17.0,486.0,501.0,757.8629411764706,0.9955541602967785,2.800221626527266,735.1158972614451,2018.0257457801936
12477.0,8.0,601.0,623.0,2281.8925,0.9920337247749934,1.1243940652802853,2039.8246669905052,2248.4799465261085
12478.0,0.0,0.0,3.0,0.0,1.0,,409.57932521320134,
12479.0,0.0,0.0,11.0,0.0,1.0,,409.57932521320134,
12480.0,6.0,479.0,507.0,835.4916666666667,0.9886367675875845,1.0364323395128074,765.1045370666644,777.3931606917882
12481.0,12.0,585.0,607.0,782.6491666666667,0.9939801886130409,1.6870075728015939,749.045310326372,1238.8042847860258
12482.0,5.0,77.0,653.0,3450.728,0.009382217869635676,0.006654374244677961,2866.9206250705734,18.702540008729038
12483.0,17.0,660.0,677.0,283.46352941176474,0.9958367400484913,2.1354530422850972,291.70038413012225,610.6663126287608
12484.0,11.0,649.0,681.0,527.7136363636364,0.9928011286107716,1.3975948228437047,516.1997527303131,707.2551587563045
12485.0,0.0,0.0,529.0,0.0,1.0,0.09831028755638106,409.57932521320134,39.47516239391828
12486.0,0.0,0.0,431.0,0.0,1.0,0.11768708317852562,409.57932521320134,47.25594259279252
12487.0,0.0,0.0,730.0,0.0,1.0,0.07349672263995158,409.57932521320134,29.51136878672702
12488.0,2.0,66.0,75.0,372.635,0.9667188312249917,1.6592387996700653,386.4013657677856,628.5615085069428
12489.0,0.0,0.0,336.0,0.0,1.0,0.1454936525539372,409.57932521320134,58.42185428691623
12490.0,20.0,733.0,738.0,460.985,0.9973348622330104,2.3118316599843123,458.10297611732136,1038.2354019194859
12491.0,0.0,0.0,38.0,0.0,1.0,,409.57932521320134,
12492.0,2.0,340.0,403.0,131.60500000000002,0.9594287945011609,0.48973476485255846,235.1850819978413,112.9153065388777
12493.0,1.0,32.0,197.0,201.24,0.7095865432370093,0.402945644648435,314.35521492672603,124.18203764384211
12494.0,8.0,561.0,576.0,191.0,0.992616848000289,1.2077016016020874,219.2597079951981,259.59511914435353
12495.0,0.0,0.0,640.0,0.0,1.0,0.08286063835947574,409.57932521320134,33.271396253129815
12496.0,0.0,0.0,620.0,0.0,1.0,0.08527511584589519,409.57932521320134,34.24091956607151
12497.0,2.0,563.0,644.0,2518.37,0.9618113550242177,0.32388562839432394,1732.582640526535,550.1288451090222
12498.0,1.0,36.0,57.0,156.45,0.9045077595112846,1.108136644021991,293.8833817988871,319.28306921809434
12499.0,0.0,0.0,560.0,0.0,1.0,0.0934441338798042,409.57932521320134,37.52116498415212
12500.0,16.0,650.0,673.0,347.11125,0.9950159634157988,2.0237185359756453,351.4285259363254,697.210790907545
12501.0,0.0,0.0,336.0,0.0,1.0,0.1454936525539372,409.57932521320134,58.42185428691623
12502.0,4.0,214.0,309.0,776.655,0.9518016679133746,1.0680216574969208,692.6046677103153,725.1844859690575
12503.0,0.0,0.0,584.0,0.0,1.0,0.08999556301189293,409.57932521320134,36.13639943082764
12504.0,3.0,578.0,596.0,214.88333333333333,0.9807986645453628,0.4881000621482236,270.1084254897297,129.2485578567398
12505.0,0.0,0.0,408.0,0.0,1.0,0.12339598066025656,409.57932521320134,49.54837463201599
12506.0,0.0,0.0,232.0,0.0,1.0,0.19629445357034828,409.57932521320134,78.8216491602098
12507.0,3.0,450.0,584.0,434.93666666666667,0.9602875100039746,0.48674134374270694,427.74411223815594,204.10850940029204
12508.0,1.0,3.0,29.0,123.08,0.8820648853425701,1.40742160861389,278.6312033779006,384.4752240370166
12509.0,0.0,0.0,284.0,0.0,1.0,0.167113948199116,409.57932521320134,67.10373623208977
12510.0,7.0,593.0,735.0,677.4485714285714,0.9696508991585645,0.8356706194405565,638.586560837411,523.1567209545713
12511.0,0.0,0.0,428.0,0.0,1.0,0.11840156150632994,409.57932521320134,47.54284400951994
12512.0,0.0,0.0,66.0,0.0,1.0,,409.57932521320134,
12513.0,0.0,0.0,112.0,0.0,1.0,0.3290577867732987,409.57932521320134,132.13667994648495
12514.0,1.0,374.0,641.0,1017.68,0.855791925109411,0.18011092328852354,687.5193908341347,121.39616552376259
12515.0,0.0,0.0,353.0,0.0,1.0,0.1395907090342494,409.57932521320134,56.051474718227496
12516.0,3.0,522.0,599.0,653.0533333333334,0.972941727829564,0.48199937948892396,583.992463583031,275.9512740143022
12517.0,3.0,162.0,190.0,578.63,0.9735105127450838,1.2591228774635461,530.679145932278,655.0709833031358
12518.0,4.0,110.0,110.0,433.015,0.9873828232931685,2.3775680650467588,427.6488687399881,996.8127992306127
12519.0,1.0,413.0,476.0,340.84,0.9140429434123685,0.25108030202289705,378.16115162345113,93.0833127547022
12520.0,4.0,194.0,273.0,411.71,0.9572174997317965,1.1889045828109255,411.22213350234745,479.3001705268829
12521.0,0.0,0.0,142.0,0.0,1.0,0.2814239237509493,409.57932521320134,113.00760487913104
12522.0,1.0,12.0,51.0,103.32,0.8663009945480372,1.1168541242036774,269.599646722261,295.2055980666208
12523.0,22.0,713.0,732.0,195.345,0.9963256218830834,2.5522929319963,206.31993697081515,516.2359481136675
12524.0,15.0,660.0,669.0,704.4806666666666,0.9961884341368834,1.91479681817858,682.8404920479683,1281.7962300208408
12525.0,2.0,149.0,647.0,203.64999999999998,0.5827881838362337,0.19542355222946856,280.384340032964,53.716710496691654
12526.0,2.0,94.0,94.0,398.17999999999995,0.9720622341813079,1.4672782963874373,402.4276694183818,578.8925320530025
12527.0,4.0,448.0,529.0,108.42750000000001,0.9752554679357919,0.6882685935060958,177.38306616089045,119.68761632703763
12528.0,5.0,303.0,312.0,287.99,0.9886520268004698,1.3374000275660844,311.3314253504511,408.1942764742357
12529.0,0.0,0.0,528.0,0.0,1.0,0.09847571700874509,409.57932521320134,39.541590464079555
12530.0,8.0,583.0,642.0,425.2825,0.9872519172652101,1.0888522113171073,423.2522661998012,451.7994640447936
12531.0,1.0,672.0,686.0,125.22,0.9267989515374677,0.18336273225712488,279.6093173072057,50.262282795903744
12532.0,0.0,0.0,30.0,0.0,1.0,,409.57932521320134,
12533.0,1.0,111.0,738.0,437.97,0.509959944428989,0.09435728171458138,422.5556403867242,39.08754051945952
12534.0,0.0,0.0,130.0,0.0,1.0,0.2987155319967784,409.57932521320134,119.95163179540306
12535.0,1.0,95.0,186.0,344.9,0.8598354032613482,0.5097293321722699,380.0168257136281,189.90430825479592
12536.0,1.0,16.0,59.0,8322.12,0.8632658494995861,1.0403728603239977,4026.1056103543838,4106.5897297294005
12537.0,0.0,0.0,408.0,0.0,1.0,0.12339598066025656,409.57932521320134,49.54837463201599
12538.0,1.0,349.0,378.0,363.95,0.9210794655934568,0.3090402244705552,388.7238679347787,117.7716042951547
12539.0,5.0,694.0,716.0,1213.1380000000001,0.9883749946868925,0.6443840963795325,1058.879352792646,668.911295213821
12540.0,30.0,713.0,732.0,728.063,0.9967437561870763,3.4552872587948236,715.9325932324793,2425.1174142762757
12541.0,2.0,251.0,280.0,334.39,0.9649181171610172,0.6685938874614717,362.40739500571647,237.54441752659977
12542.0,1.0,156.0,640.0,117.09,0.6542686907916435,0.1378935210402395,275.8933985010139,37.29624818921691
12543.0,0.0,0.0,448.0,0.0,1.0,0.11379596812820288,409.57932521320134,45.693452928454846
12544.0,0.0,0.0,36.0,0.0,1.0,,409.57932521320134,
12545.0,1.0,184.0,259.0,372.24,0.8937856963475473,0.4102143827293075,392.5129167543764,157.85313420603416
12546.0,1.0,31.0,77.0,401.3,0.8704114000584623,0.9148541325527657,405.7951554392391,363.96748138557757
12547.0,2.0,303.0,500.0,103.9,0.9171814290050843,0.38767860534563786,217.80364756293153,82.77847886545815
12548.0,0.0,0.0,166.0,0.0,1.0,0.2522355217211054,409.57932521320134,101.2861157786181
12549.0,4.0,122.0,697.0,254.315,0.096560595169148,0.05310144058368266,289.86630187932724,15.089733887046457
12550.0,0.0,0.0,79.0,0.0,1.0,,409.57932521320134,
12551.0,0.0,0.0,357.0,0.0,1.0,0.1382707972718491,409.57932521320134,55.52145337058123
12552.0,1.0,1.0,39.0,120.0,0.8566399566135154,1.2335439737157552,277.2234506198353,335.2712103894203
12553.0,11.0,415.0,423.0,370.0690909090909,0.994758135427484,2.142631167544713,373.91993014176364,785.4268263775114
12554.0,0.0,0.0,448.0,0.0,1.0,0.11379596812820288,409.57932521320134,45.693452928454846
12555.0,0.0,0.0,682.0,0.0,1.0,0.07821044859618616,409.57932521320134,31.404136089687622
12556.0,1.0,101.0,151.0,290.81,0.8935376011943115,0.6158702317639716,355.2943105565661,214.5223327449028
12557.0,7.0,706.0,722.0,2394.785714285714,0.9919034474495264,0.868989657639947,2106.7753778705114,1794.7742326115417
12558.0,0.0,0.0,7.0,0.0,1.0,,409.57932521320134,
12559.0,1.0,9.0,319.0,75.60000000000001,0.44787779598257343,0.1733913148678712,256.92987189967346,43.67450845561523
12560.0,2.0,138.0,143.0,420.85,0.9702259488759778,1.1173732165683923,416.6502689000424,456.41782384301297
12561.0,0.0,0.0,302.0,0.0,1.0,0.15893760810559904,409.57932521320134,63.82042067958021
12562.0,8.0,427.0,435.0,567.615,0.9930813499402522,1.549837875354784,547.1828661833965,831.3779115389743
12563.0,0.0,0.0,408.0,0.0,1.0,0.12339598066025656,409.57932521320134,49.54837463201599
12564.0,0.0,0.0,261.0,0.0,1.0,0.1788737502528713,409.57932521320134,71.82605977936896
12565.0,0.0,0.0,288.0,0.0,1.0,0.1652250153016189,409.57932521320134,66.34520955031968
12566.0,0.0,0.0,86.0,0.0,1.0,,409.57932521320134,
12567.0,13.0,644.0,666.0,1014.4292307692308,0.9944780757353372,1.674049282185166,963.7880196197115,1581.7099819247628
12568.0,0.0,0.0,644.0,0.0,1.0,0.08239406388473804,409.57932521320134,33.084045393398625
12569.0,25.0,250.0,252.0,151.0404,0.9978008787409685,7.297201825625238,162.76774303547654,1164.4149944629658
12570.0,0.0,0.0,682.0,0.0,1.0,0.07821044859618616,409.57932521320134,31.404136089687622
12571.0,1.0,82.0,121.0,271.26,0.8978331832130225,0.7191406220022991,346.35873704352184,244.19565533824232
12572.0,1.0,43.0,51.0,487.68,0.9204288006824286,1.1866368716502869,445.2762214267973,518.0314898623435
12573.0,4.0,238.0,465.0,141.34750000000003,0.8503989574870594,0.6727699765827725,202.76528273085665,133.73347816391222
12574.0,0.0,0.0,315.0,0.0,1.0,0.1535135989178952,409.57932521320134,61.64234653901282
12575.0,1.0,69.0,526.0,281.02,0.5220638717273254,0.1312663345433451,350.81966786128714,45.14594448104488
12576.0,7.0,491.0,526.0,252.56714285714287,0.9889721182068637,1.1543310791313888,275.3462008485796,311.5933091380192
12577.0,4.0,701.0,736.0,360.8,0.9845006297245747,0.5150119973517241,371.96913697813795,187.80256841394163
12578.0,3.0,422.0,443.0,1210.1966666666667,0.9797579084151652,0.6347084020895041,983.1033092900143,611.7219606311821
12579.0,0.0,0.0,78.0,0.0,1.0,,409.57932521320134,
12580.0,1.0,330.0,576.0,415.7,0.853867333472334,0.19793802993870527,412.3768566457781,80.02105494401526
12581.0,0.0,0.0,39.0,0.0,1.0,,409.57932521320134,
12582.0,3.0,339.0,577.0,381.09666666666664,0.9115481120001242,0.4670818274532647,389.17571045130757,178.2040643842423
12583.0,26.0,731.0,733.0,524.2307692307693,0.9980814127096225,3.004581496882767,519.2214556505253,1529.371920357226
12584.0,8.0,277.0,280.0,234.315,0.9935086429103207,2.2497543901297163,256.9745934801677,566.7718296383212
12585.0,1.0,117.0,351.0,777.25,0.7664061330825106,0.2738538014181244,577.6278338141232,155.07864208566806
12586.0,3.0,706.0,723.0,546.7733333333333,0.9811965634889631,0.409510351210509,507.8585530721424,203.88500523910432
12587.0,0.0,0.0,7.0,0.0,1.0,,409.57932521320134,
12588.0,2.0,558.0,597.0,314.94,0.9673168289662722,0.3488915112754132,350.204944193264,119.78210198132257
12589.0,4.0,661.0,689.0,995.04,0.9849797145257795,0.5474233311150004,860.9854503844363,462.0582435496212
12590.0,0.0,0.0,211.0,0.0,1.0,0.21119277030214587,409.57932521320134,84.80437231425995
12591.0,2.0,91.0,408.0,327.0,0.639022818695044,0.32273127207099744,357.77109107234764,113.19527732714232
12592.0,2.0,427.0,519.0,218.8,0.9565717678722788,0.391156327220919,289.88907678405167,111.16354920658188
12593.0,2.0,110.0,218.0,91.05,0.9051672705591253,0.7650837372014636,209.74187414699247,157.31931548373817
12594.0,13.0,609.0,646.0,379.69,0.9924567506608931,1.717724226128369,382.1924913045939,643.5952500219313
12595.0,0.0,0.0,504.0,0.0,1.0,0.10262017491297018,409.57932521320134,41.20579644943851
12596.0,1.0,191.0,242.0,348.32,0.9060455023339172,0.4389167182090538,381.5799797501811,164.19384114100387
12597.0,3.0,249.0,268.0,1098.3566666666666,0.9785007880479346,0.9680815230955624,902.9864806154021,856.9944382301424
12598.0,9.0,639.0,648.0,433.85555555555555,0.9939851294731371,1.212737182004211,431.0250021613452,512.4441399853328
12599.0,12.0,548.0,577.0,149.77,0.9929104249999601,1.7640944308440933,173.1720396993744,299.4866312913394
12600.0,20.0,704.0,732.0,237.901,0.9950954691305866,2.3240337152781247,247.52602749851624,563.9490177531048
12601.0,5.0,215.0,404.0,115.41199999999999,0.8406773483934329,0.9135737607876669,171.88311413741383,153.9421274253657
12602.0,0.0,0.0,58.0,0.0,1.0,,409.57932521320134,
12603.0,0.0,0.0,21.0,0.0,1.0,,409.57932521320134,
12604.0,1.0,182.0,261.0,75.68,0.8915095674135105,0.4066546268329942,256.9664369063765,102.44491483854708
12605.0,3.0,82.0,458.0,325.32,0.34111740995537854,0.21463338334091467,349.2199732609081,73.48129048524017
12606.0,0.0,0.0,682.0,0.0,1.0,0.07821044859618616,409.57932521320134,31.404136089687622
12607.0,0.0,0.0,60.0,0.0,1.0,,409.57932521320134,
12608.0,0.0,0.0,404.0,0.0,1.0,0.12444589668634813,409.57932521320134,49.96997364676915
12609.0,8.0,641.0,719.0,388.15749999999997,0.985174664219653,0.9796849691892574,390.92708730959004,375.4560812111449
12610.0,4.0,104.0,126.0,288.1975,0.9776912327783035,2.155490890952665,315.99063216279865,667.7474661649507
12611.0,0.0,0.0,52.0,0.0,1.0,,409.57932521320134,
12612.0,0.0,0.0,74.0,0.0,1.0,,409.57932521320134,
12613.0,7.0,668.0,725.0,783.4657142857143,0.9877580306813115,0.8620670123797399,729.2229185287707,616.2803222467396
12614.0,0.0,0.0,277.0,0.0,1.0,0.17052576982316237,409.57932521320134,68.47380130696493
12615.0,6.0,629.0,631.0,764.25,0.9916944848548926,0.854109482166211,705.6364114236609,590.8432421971183
12616.0,2.0,293.0,388.0,356.65,0.9488468592779364,0.500400714718651,376.37277058850265,184.6369182803075
12617.0,0.0,0.0,29.0,0.0,1.0,,409.57932521320134,
12618.0,0.0,0.0,21.0,0.0,1.0,,409.57932521320134,
12619.0,9.0,544.0,560.0,404.5822222222222,0.9931663126805946,1.3826837599625341,405.16487309646675,549.2028523962427
12620.0,2.0,190.0,204.0,388.875,0.9678903187897916,0.8608444563351657,396.58994166466107,334.6994746533546
12621.0,31.0,667.0,668.0,790.3667741935484,0.9984320193087234,3.886696155312734,776.3139278804844,2957.977353602929
12622.0,0.0,0.0,232.0,0.0,1.0,0.19629445357034828,409.57932521320134,78.8216491602098
12623.0,6.0,420.0,696.0,361.3533333333333,0.8568301360852087,0.6748313834233618,369.3232576819749,244.33134165476739
12624.0,1.0,71.0,177.0,341.19,0.8321032441240876,0.5116944825283337,378.32112352777676,189.7860640701426
12625.0,3.0,385.0,596.0,1398.3966666666665,0.9322894432263501,0.4639591708557713,1117.9207910189305,508.474887053059
12626.0,8.0,303.0,326.0,690.56,0.9898291683662669,1.976821530539929,654.2325394132148,1267.8893721144173
12627.0,6.0,130.0,140.0,618.4183333333334,0.9886096939103033,2.904032594775498,583.9051791008827,1662.3928264762048
12628.0,2.0,60.0,64.0,226.41,0.9696376663692681,1.8077850221970542,294.6634032973043,522.2458436277967
12629.0,1.0,38.0,423.0,853.86,0.4898681030188875,0.14918986219369382,612.6433983580781,89.6046169434374
12630.0,1.0,34.0,43.0,569.09,0.9184418932707943,1.2729069877691104,482.4856863729319,602.1320859379343
12631.0,4.0,636.0,693.0,685.8475,0.981921350225819,0.5428399872537293,622.5896120852484,331.32276673820763
12632.0,1.0,44.0,564.0,410.56,0.40961918258913327,0.0967678206385144,410.02755496511077,38.897788360491184
12633.0,6.0,467.0,525.0,576.9616666666667,0.9838482402590414,0.999883361101965,549.2997244922952,538.4402233834229
12634.0,1.0,13.0,548.0,130.0,0.2899200412667405,0.0702789743206783,281.7940764577096,19.415045030421503
12635.0,3.0,367.0,456.0,733.0266666666666,0.9659749275907794,0.6101355476481907,641.2815358756304,383.5796192315688
12636.0,0.0,0.0,738.0,0.0,1.0,0.07276580952758933,409.57932521320134,29.217875679057347
12637.0,10.0,476.0,543.0,764.2470000000001,0.9835349833432708,1.5535457837262001,726.5898240945362,1106.6024285562576
12638.0,1.0,606.0,639.0,671.69,0.923444804812193,0.1949015958895037,529.3803074695221,101.14936580753488
12639.0,2.0,389.0,627.0,529.395,0.91875613356807,0.31699545207647806,484.74872768861064,150.64289535689835
12640.0,2.0,58.0,81.0,204.995,0.9562098154804486,1.5730929105790927,281.22815989634444,433.72307928326336
12641.0,0.0,0.0,115.0,0.0,1.0,0.323578353397533,409.57932521320134,129.93620333895345
12642.0,2.0,82.0,107.0,323.40500000000003,0.9578835797046087,1.3357443126146125,355.51567664197404,465.56270385628375
12643.0,10.0,483.0,611.0,613.722,0.956589198641009,1.358711447243141,592.0469583744007,788.6076949036999
12644.0,3.0,565.0,694.0,415.52000000000004,0.9661499707996389,0.4186552076888936,413.834940593258,169.84841645548008
12645.0,7.0,635.0,668.0,452.2357142857143,0.9901651361600167,0.9314729603132004,446.0471985552305,407.31314566359197
12646.0,1.0,45.0,49.0,615.28,0.92476877779008,1.2133975955562502,503.5974071180732,599.0952528808261
12647.0,31.0,673.0,695.0,533.5787096774193,0.9961886703799353,3.7399526393125564,529.0025496767253,1939.548150640167
12648.0,3.0,547.0,701.0,302.0833333333333,0.9612584707694041,0.41272473176636354,332.5743362589194,134.56342164054507
12649.0,6.0,589.0,696.0,331.39166666666665,0.9778872351714216,0.7701748198982011,344.3131162693121,259.96814382106334
12650.0,0.0,0.0,3.0,0.0,1.0,,409.57932521320134,
12651.0,3.0,131.0,465.0,92.91666666666667,0.5900021630780298,0.3663212321723014,182.737336994139,65.62505868245357
12652.0,1.0,103.0,434.0,919.98,0.679393957599397,0.2023450350037986,642.8643763981029,127.52490172125903
12653.0,2.0,378.0,526.0,1104.925,0.9416091075109937,0.38047142761126684,845.8220704182129,315.4867768118595
12654.0,3.0,285.0,295.0,145.12666666666667,0.980751459086596,0.8973100632944951,220.13808471500363,193.6518596660656
12655.0,0.0,0.0,423.0,0.0,1.0,0.11961184824549,409.57932521320134,48.0288393852403
12656.0,7.0,545.0,562.0,780.4042857142857,0.9914613164231838,1.0906662542513115,726.605636761232,776.9067717148777
12657.0,2.0,67.0,78.0,512.37,0.9655120946150474,1.622051768276766,474.06766213169533,753.8845263871156
12658.0,0.0,0.0,18.0,0.0,1.0,,409.57932521320134,
12659.0,0.0,0.0,29.0,0.0,1.0,,409.57932521320134,
12660.0,0.0,0.0,11.0,0.0,1.0,,409.57932521320134,
12661.0,0.0,0.0,436.0,0.0,1.0,0.11651527025927619,409.57932521320134,46.78539702245427
12662.0,18.0,617.0,617.0,361.75888888888886,0.997392433785568,2.459183971596238,364.7193580900181,879.2800049598882
12663.0,1.0,44.0,668.0,85.65,0.3499309566628601,0.07093295594999233,261.52335086673713,18.18604281810395
12664.0,10.0,718.0,726.0,552.096,0.9946851381719158,1.2071009467906497,536.9641572259599,635.4270204811692
12665.0,2.0,345.0,669.0,72.4,0.8804151203853755,0.2863680331677845,198.0413236250265,55.597966689962306
12666.0,0.0,0.0,394.0,0.0,1.0,0.12715061629745983,409.57932521320134,51.0560683881216
12667.0,0.0,0.0,58.0,0.0,1.0,,409.57932521320134,
12668.0,9.0,666.0,677.0,1076.548888888889,0.9938544661161568,1.165109033322165,998.7817505946261,1140.812654300624
12669.0,2.0,106.0,256.0,803.865,0.8648135085315087,0.644168894529569,656.9444436008896,414.8725092244117
12670.0,6.0,656.0,666.0,589.115,0.9910729202399117,0.812642536472321,559.4445735316865,445.6912274079323
12671.0,0.0,0.0,606.0,0.0,1.0,0.08705075241559392,409.57932521320134,34.95391989407609
12672.0,1.0,266.0,595.0,225.9,0.8057038059519726,0.18139353307942027,325.6263782429241,57.90577535692117
12673.0,2.0,396.0,401.0,305.26,0.9712694107461156,0.49791037869682997,344.1319506783776,167.9802908079883
12674.0,3.0,169.0,207.0,461.2866666666667,0.9700566661570116,1.175886486625859,446.6199923845797,514.8620744493105
12675.0,1.0,25.0,578.0,12.75,0.32538192677968614,0.07519320745283135,228.20348850863354,16.82215416468498
12676.0,8.0,459.0,483.0,284.8825,0.991139461699727,1.4110119759921949,301.00431694227547,416.37293030151625
12677.0,1.0,111.0,666.0,204.4,0.5487389766305067,0.11153690419837231,315.79953269149433,34.53104873635996
12678.0,17.0,659.0,701.0,1891.2282352941174,0.9925233618767463,2.0615517534517904,1794.4590182551663,3626.6409696691126
12679.0,3.0,225.0,283.0,106.32000000000001,0.9664989061262997,0.9148590051181331,192.33884415021362,172.50651151908775
12680.0,3.0,113.0,113.0,189.67666666666665,0.982616386256414,1.8247927982447112,252.05157467793256,450.9172792906335
12681.0,42.0,712.0,726.0,710.8033333333333,0.997628910425181,4.84900748305673,702.5181569922669,3339.5417579259474
12682.0,47.0,735.0,738.0,502.2895744680851,0.9988202791238145,5.342776115487709,500.00416515800293,2618.888376883302
12683.0,16.0,722.0,726.0,777.405,0.9967998042849023,1.891287918220004,751.9839360549386,1394.2570478812713
12684.0,6.0,206.0,213.0,299.0883333333333,0.990339985350145,2.1412439468560924,317.34829672988775,666.1745344601958
12685.0,5.0,65.0,93.0,462.76800000000003,0.9700202589195204,3.147492511292425,452.55740396413444,1396.4741727085247
12686.0,0.0,0.0,371.0,0.0,1.0,0.13384154431334586,409.57932521320134,53.74285332451236
12687.0,0.0,0.0,480.0,0.0,1.0,0.1071290298652645,409.57932521320134,43.01633048010273
12688.0,0.0,0.0,113.0,0.0,1.0,0.32721073399969464,409.57932521320134,131.39492465559124
12689.0,1.0,102.0,127.0,736.5799999999999,0.9117451738168133,0.7073473464940926,559.0390985314883,387.67896274336823
12690.0,0.0,0.0,205.0,0.0,1.0,0.21587483967410642,409.57932521320134,86.68456062913484
12691.0,6.0,392.0,420.0,172.63333333333333,0.9879128108426131,1.221909176723456,211.79150419481698,253.70419935598053
12692.0,0.0,0.0,637.0,0.0,1.0,0.08321405308457124,409.57932521320134,33.41330836528442
12693.0,6.0,395.0,522.0,187.27833333333334,0.9596864063052846,0.9803222368578142,224.0162420594812,215.2916413101774
12694.0,2.0,351.0,421.0,434.83500000000004,0.9582798144159924,0.4710006225365694,425.42411335310914,196.4379278563627
12695.0,6.0,658.0,665.0,152.24333333333334,0.9913142838193981,0.8139556325582464,194.7711965771657,155.41858189872175
12696.0,1.0,74.0,508.0,534.76,0.5502366279057993,0.14269892579345025,466.7947278715094,65.30228529160425
12697.0,2.0,141.0,169.0,283.54499999999996,0.9610770182711893,0.9832399009898678,330.50849466848535,318.59053231886907
12698.0,0.0,0.0,590.0,0.0,1.0,0.08917284576440061,409.57932521320134,35.806039668244615
12699.0,0.0,0.0,417.0,0.0,1.0,0.12109728318500539,409.57932521320134,48.62532203680053
12700.0,3.0,208.0,215.0,1282.52,0.9809442666901261,1.154964242843189,1034.912287346555,1171.8149683320053
12701.0,5.0,554.0,633.0,379.81800000000004,0.980600348439921,0.7154535545765739,385.53126265341444,270.40761136301563
12702.0,0.0,0.0,19.0,0.0,1.0,,409.57932521320134,
12703.0,3.0,613.0,684.0,149.66666666666666,0.9751425596923651,0.42820016109490533,223.39032364725273,93.77543999208807
12704.0,6.0,162.0,169.0,335.2133333333333,0.9900166339716061,2.5454762856254445,347.50320662138614,867.1930928614981
12705.0,11.0,518.0,533.0,928.8390909090908,0.9941885109747757,1.7466491806702213,878.2297763122857,1503.8071665553207
12707.0,0.0,0.0,291.0,0.0,1.0,0.16383613752862622,409.57932521320134,65.78748723792762
12708.0,17.0,692.0,721.0,300.5076470588235,0.9946315408389746,2.0132769484398647,307.63131908686637,607.1705808613581
12709.0,28.0,715.0,730.0,1051.135,0.9971243027127082,3.239181398640049,1025.0250621607565,3254.9644753281773
12710.0,2.0,105.0,201.0,215.03000000000003,0.9124464219039529,0.8207219291494456,287.52387166513415,231.3442742276309
12711.0,1.0,65.0,676.0,789.75,0.41624366595962425,0.08346361616188026,583.341116111466,47.730873583763305
12712.0,20.0,702.0,730.0,342.99300000000005,0.9950861495122405,2.3298679988689215,346.72611663197034,791.9439256860081
12713.0,0.0,0.0,0.0,0.0,1.0,,409.57932521320134,
12714.0,11.0,726.0,735.0,1219.1872727272728,0.9950694424278115,1.3060899317464083,1140.2793618459007,1460.027529503966
12715.0,0.0,0.0,106.0,0.0,1.0,0.3405950459555679,409.57932521320134,136.76992084274931
12716.0,1.0,130.0,133.0,375.59000000000003,0.9271757849792062,0.697417019473563,394.04407641006435,269.42262151973966
12717.0,2.0,439.0,590.0,515.49,0.9453598296192879,0.3446201471335847,476.0250732645926,160.8236156719376
12718.0,0.0,0.0,71.0,0.0,1.0,,409.57932521320134,
12719.0,1.0,60.0,65.0,361.35,0.9243704419368806,1.0620934662344785,387.53550521693137,403.53407488194364
12720.0,24.0,504.0,506.0,305.34083333333336,0.9978775546054174,3.8856820372121827,310.2568181521437,1181.8624181623009
12721.0,7.0,440.0,471.0,465.93285714285713,0.989092050696948,1.273200175791639,457.7571834302474,571.3617621814682
12722.0,3.0,65.0,150.0,231.57000000000002,0.8966567146219818,1.3767697687831675,282.0619556621519,380.71202235725787
12723.0,2.0,62.0,65.0,212.82999999999998,0.970284560163485,1.794915175198516,286.1436458662963,503.53524358671615
12724.0,6.0,530.0,535.0,291.02000000000004,0.9913863981340088,0.9907195125079137,310.6133523799573,301.6820700511773
12725.0,3.0,213.0,584.0,561.87,0.7139511371904201,0.36188072037015306,518.6730832660896,184.00854484017
12726.0,10.0,596.0,624.0,363.32399999999996,0.9925834841747386,1.3831884227334281,368.2352029145735,499.3259813986003
12727.0,8.0,644.0,654.0,615.02625,0.9932089419609548,1.0771097076437168,588.4644052449055,621.3803678780553
12728.0,4.0,312.0,383.0,209.08249999999998,0.972105488777274,0.9101646473217981,254.9908124807551,227.5232681091776
12729.0,0.0,0.0,113.0,0.0,1.0,0.32721073399969464,409.57932521320134,131.39492465559124
12730.0,0.0,0.0,521.0,0.0,1.0,0.09964950627271499,409.57932521320134,40.012924829648284
12731.0,15.0,624.0,647.0,1609.9540000000002,0.9947460808391,1.9712097081490483,1521.8692275055066,2940.9480268785187
12732.0,0.0,0.0,179.0,0.0,1.0,0.23882379440549464,409.57932521320134,95.90027187464288
12733.0,3.0,455.0,689.0,431.55,0.9352948805175906,0.4079757192238525,425.3180661624107,170.10850770176677
12734.0,2.0,40.0,392.0,254.65,0.3978637156455313,0.2079845188421831,312.3804835514769,63.69381219188702
12735.0,1.0,22.0,337.0,459.8,0.4982802371149118,0.1842551051687657,432.5333165908038,78.13122099766393
12736.0,0.0,0.0,332.0,0.0,1.0,0.14695593991904743,409.57932521320134,59.00904990772134
12737.0,0.0,0.0,498.0,0.0,1.0,0.1037114081012959,409.57932521320134,41.6439815123831
12738.0,0.0,0.0,372.0,0.0,1.0,0.1335360122039588,409.57932521320134,53.62016474529493
12739.0,3.0,316.0,394.0,427.0133333333333,0.9660832154934202,0.6928073890423605,422.0682150707873,286.66633896266126
12740.0,0.0,0.0,63.0,0.0,1.0,,409.57932521320134,
12741.0,1.0,4.0,533.0,170.0,0.25605527186836147,0.063627752981809,300.0765798092068,18.718025474316292
12742.0,0.0,0.0,625.0,0.0,1.0,0.0846583949931315,409.57932521320134,33.993277757494
12743.0,0.0,0.0,134.0,0.0,1.0,0.2927196099124687,409.57932521320134,117.54376300168627
12744.0,7.0,540.0,591.0,3437.73,0.9871762890939312,1.0378591663889107,2998.4110962517952,3050.7568403520436
12745.0,2.0,196.0,682.0,361.925,0.677037874473768,0.2163805263883356,379.6821756288979,80.54096358263695
12746.0,0.0,0.0,540.0,0.0,1.0,0.09652659955141336,409.57932521320134,38.758924246417195
12747.0,25.0,730.0,732.0,355.8356,0.9980084327419212,2.8952541327696015,358.2734189901573,1016.8989156467729
12748.0,202.0,735.0,735.0,279.10143564356434,0.9997717995825199,22.82996021791991,279.86424009189165,6263.670441122687
12749.0,6.0,518.0,521.0,1010.7433333333333,0.991569192814778,1.014622501193391,911.393761057481,906.5449841507354
12750.0,0.0,0.0,128.0,0.0,1.0,0.30180685052232553,409.57932521320134,121.19305897588939
12751.0,0.0,0.0,444.0,0.0,1.0,0.11468817868508084,409.57932521320134,46.05172262703864
12752.0,0.0,0.0,81.0,0.0,1.0,,409.57932521320134,
12753.0,5.0,340.0,362.0,3567.7599999999998,0.9866626891893937,1.1779744910068948,2961.486066539846,3420.007329916447
12754.0,2.0,73.0,308.0,1482.585,0.7054176354513985,0.45200145196296837,1082.7566500496164,479.7943795244416
12755.0,9.0,413.0,693.0,1003.0788888888887,0.6805380052752334,0.7809370946977026,933.8781859488751,714.9626164597953
12756.0,0.0,0.0,86.0,0.0,1.0,,409.57932521320134,
12757.0,8.0,196.0,211.0,837.06875,0.9902204252072144,2.8057245998579625,781.7994499244935,2150.432502286552
12758.0,6.0,622.0,738.0,1241.4266666666667,0.9772339116363689,0.7293485635165731,1103.953903068198,789.3380558676508
12759.0,7.0,683.0,735.0,644.64,0.9884517477824978,0.8518736847181778,610.5378006538858,509.87610741501055
12760.0,0.0,0.0,455.0,0.0,1.0,0.11226757562148675,409.57932521320134,45.079722963525235
12761.0,1.0,7.0,464.0,25.0,0.31231799317908926,0.08773886438095364,233.80250516002957,20.11053688451582
12762.0,1.0,18.0,25.0,1436.93,0.9191434009599286,1.5328911854661211,879.1428790870144,1321.2542147164402
12763.0,1.0,231.0,369.0,174.0,0.8734872134274982,0.2991564214060465,301.9048301443565,88.54274836493104
12764.0,0.0,0.0,316.0,0.0,1.0,0.15311167810166987,409.57932521320134,61.48095077970312
12765.0,5.0,169.0,641.0,251.516,0.15594470298955188,0.11248720975276165,281.8593159090141,31.08231350313414
12766.0,8.0,404.0,407.0,1149.24,0.9936410217331794,1.642949321785016,1053.6106687967042,1697.0103447778524
12767.0,0.0,0.0,375.0,0.0,1.0,0.13262773575291603,409.57932521320134,53.2554400292951
12768.0,0.0,0.0,450.0,0.0,1.0,0.11335505180516044,409.57932521320134,45.516401784652615
12769.0,0.0,0.0,238.0,0.0,1.0,0.1924168318544242,409.57932521320134,77.26451734961051
12770.0,1.0,246.0,456.0,1351.4499999999998,0.8469602085822199,0.24159122184114024,840.0731694248649,198.96693565616926
12771.0,0.0,0.0,485.0,0.0,1.0,0.10615728827680376,409.57932521320134,42.626126534860646
12772.0,0.0,0.0,59.0,0.0,1.0,,409.57932521320134,
12773.0,0.0,0.0,564.0,0.0,1.0,0.09285112620900142,409.57932521320134,37.2830439411003
12774.0,0.0,0.0,535.0,0.0,1.0,0.09732927227350179,409.57932521320134,39.08123658861957
12775.0,6.0,392.0,409.0,252.33333333333334,0.9896163229228722,1.2524941669613996,278.3201220038806,341.74383979518916
12776.0,0.0,0.0,667.0,0.0,1.0,0.0798100663351792,409.57932521320134,32.046453892862615
12777.0,0.0,0.0,457.0,0.0,1.0,0.11183840893171149,409.57932521320134,44.90739006318225
12778.0,8.0,583.0,602.0,174.635,0.9922769808245225,1.160142609197185,205.01050792682625,233.1660482922233
12779.0,13.0,699.0,736.0,488.49615384615385,0.9930651071078992,1.5253542133395468,481.8888224316306,720.5998963217503
12780.0,0.0,0.0,598.0,0.0,1.0,0.0880990164425854,409.57932521320134,35.37484681415767
12781.0,1.0,221.0,284.0,277.48,0.9035794566040011,0.3849502301348523,349.20166631467964,131.78568197993408
12782.0,10.0,515.0,519.0,433.014,0.994867535889591,1.6361652104727162,430.5258012340304,690.5654457484088
12783.0,4.0,73.0,75.0,471.72249999999997,0.986499727412805,2.9759468968973235,457.4934054314208,1334.773108215686
12784.0,2.0,520.0,529.0,287.21,0.9709355494409866,0.3903372449592656,332.8078253742765,127.35429097306476
12785.0,2.0,367.0,731.0,366.75,0.8721534905491004,0.261565613846975,382.70926175589443,98.13584479322003
12786.0,0.0,0.0,609.0,0.0,1.0,0.08666405887585936,409.57932521320134,34.79864446148442
12787.0,3.0,404.0,413.0,154.5533333333333,0.9813816283780562,0.6757447157783684,226.8908980045781,150.30759123589453
12788.0,3.0,65.0,528.0,94.60000000000001,0.1708995963816591,0.0948171880134572,183.94319651013444,17.09819500941565
12789.0,2.0,628.0,693.0,92.05,0.9647946086048175,0.30386839251049136,210.3692495101006,62.66804285875338
12790.0,1.0,218.0,410.0,324.92,0.8464555831323543,0.2648508684036576,370.8847152895553,96.29947966963172
12791.0,4.0,251.0,624.0,227.35750000000002,0.6700323661235218,0.40756659703921533,269.0813351969195,107.51283044336523
12792.0,1.0,278.0,534.0,400.53999999999996,0.8378904284463908,0.2078614795166235,405.44778787556066,82.62096838918733
12793.0,2.0,67.0,401.0,338.64,0.5393393860128434,0.27648629202630803,365.0737402989258,98.95468326285123
12794.0,1.0,45.0,98.0,543.41,0.8703500670183936,0.7961159833951867,470.74831922127066,367.42260522928296
12795.0,0.0,0.0,18.0,0.0,1.0,,409.57932521320134,
12796.0,0.0,0.0,628.0,0.0,1.0,0.08429262746511776,409.57932521320134,33.846405303443795
12797.0,1.0,59.0,424.0,508.06,0.5674798798055175,0.17247286625507655,454.5911568843851,76.86436774489206
12798.0,3.0,411.0,421.0,2325.68,0.9812616497438617,0.6645171502699547,1782.182235488619,1161.0190447696723
12799.0,0.0,0.0,529.0,0.0,1.0,0.09831028755638106,409.57932521320134,39.47516239391828
12800.0,1.0,206.0,676.0,180.92,0.7102380146636772,0.14241425849159978,305.0677032241655,42.592124473478094
12801.0,0.0,0.0,500.0,0.0,1.0,0.10334509272028221,409.57932521320134,41.49688741423654
12802.0,6.0,377.0,563.0,273.695,0.9206355442722401,0.8789210950986327,296.15151670188914,255.17740541453009
12803.0,0.0,0.0,393.0,0.0,1.0,0.1274275739372378,409.57932521320134,51.16728231032482
12804.0,1.0,35.0,500.0,147.09,0.4171878452636496,0.1097269040549911,289.6052760146368,31.15311365801514
12805.0,3.0,293.0,674.0,389.48333333333335,0.7976015156390345,0.35498424194364636,395.1835174656532,137.52634609800174
12806.0,3.0,153.0,588.0,508.15333333333336,0.49811132676448977,0.2509291443560134,480.1930315823935,118.12606904112835
12807.0,0.0,0.0,383.0,0.0,1.0,0.1302650446336998,409.57932521320134,52.30668582096297
12808.0,4.0,426.0,462.0,179.1125,0.9825152516149696,0.7817240254245124,231.88312625348033,177.70620420789507
12809.0,2.0,470.0,647.0,561.13,0.9420116904968804,0.3158802390034689,504.65848483684607,156.2783401233729
12810.0,1.0,142.0,676.0,375.33,0.609582262598579,0.12223114522913477,393.9252401382796,47.20361797881228
12811.0,4.0,167.0,427.0,187.7375,0.6960542110979633,0.5932891758690633,238.5332361537221,138.73813543437555
12812.0,0.0,0.0,44.0,0.0,1.0,,409.57932521320134,
12813.0,2.0,192.0,693.0,721.8,0.6592173518031216,0.2076248304259413,605.4588844274238,123.23733350064762
12814.0,0.0,0.0,101.0,0.0,1.0,0.3508485097226406,409.57932521320134,140.88761648546543
12815.0,1.0,51.0,198.0,448.1,0.7670580215744625,0.43392044861072265,427.1856843604908,181.7265537328658
12816.0,1.0,81.0,176.0,253.55,0.8490875690613308,0.5243126127553173,338.2641586846465,173.87588579235052
12817.0,2.0,153.0,434.0,247.69,0.791100970376354,0.37868459377335534,308.01395102424453,114.34825599240727
12818.0,0.0,0.0,261.0,0.0,1.0,0.1788737502528713,409.57932521320134,71.82605977936896
12819.0,0.0,0.0,458.0,0.0,1.0,0.11162505447089624,409.57932521320134,44.821717089718035
12820.0,10.0,731.0,734.0,254.122,0.9950352254772559,1.1954171661501487,270.627828575625,317.1528966955368
12821.0,1.0,397.0,611.0,92.72,0.8740991823397356,0.1921317942502193,264.7547833341143,49.86816200472851
12822.0,1.0,17.0,87.0,257.98,0.8204544471690489,0.8051812646400632,340.2889459308248,268.6233790395838
12823.0,14.0,605.0,679.0,434.64285714285717,0.9844320515814077,1.7474287191971707,432.68257268806457,741.2178175242634
12824.0,0.0,0.0,59.0,0.0,1.0,,409.57932521320134,
12825.0,1.0,120.0,641.0,303.8,0.5834943426458863,0.12280287030535457,361.2315535199648,43.4884733074539
12826.0,11.0,719.0,721.0,227.05,0.9955478841818636,1.330028965256164,244.84010170464012,319.24230336128267
12827.0,2.0,39.0,44.0,106.2,0.9683541214501762,2.141415737753844,219.24661089808012,460.29870890951725
12828.0,5.0,128.0,130.0,158.342,0.9894996733015572,2.596654298930275,206.57186936911017,525.8674543062361
12829.0,2.0,214.0,550.0,146.5,0.8080015076770801,0.3137285932449858,244.5298380313364,75.20829724040689
12830.0,4.0,134.0,171.0,1148.2,0.9722034305888035,1.7322582655544905,979.0759816680335,1662.7143855958261
12831.0,1.0,201.0,463.0,215.05,0.806558546119604,0.22701433743352673,320.66724920883047,71.36584416199585
12832.0,1.0,66.0,98.0,115.23,0.9003050928127967,0.8235160787380132,275.04326209516927,222.06179403566352
12833.0,0.0,0.0,145.0,0.0,1.0,0.2774101919509744,409.57932521320134,111.39576175499775
12834.0,0.0,0.0,282.0,0.0,1.0,0.16807472516045927,409.57932521320134,67.48954954261946
12835.0,36.0,309.0,736.0,159.95055555555555,4.903729942217056e-10,2.0225399688031768e-09,167.9243909813573,3.3295636732451705e-07
12836.0,13.0,679.0,738.0,473.9807692307692,0.9897111093679676,1.516410284734768,468.5887420602773,696.602768603798
12837.0,1.0,396.0,569.0,134.1,0.8849852770603285,0.2074178959205541,283.66803305123807,57.68162139852063
12838.0,9.0,559.0,592.0,352.27000000000004,0.991257198793438,1.3126845451434432,358.95213732999224,461.92849480165506
12839.0,25.0,730.0,732.0,389.0292,0.9980084327419212,2.8952541327696015,389.96135506175125,1106.8397991237393
12840.0,6.0,531.0,674.0,648.6616666666666,0.9665698228485466,0.7839582260595794,609.1504383807502,468.1606332424036
12841.0,38.0,515.0,519.0,189.35736842105263,0.9984039758229803,5.959996624745,196.03285462671724,1145.3889249666186
12842.0,3.0,667.0,737.0,506.93,0.9758692934327696,0.40016942407973866,479.3166940727492,188.0372927875266
12843.0,27.0,661.0,726.0,241.16925925925923,0.9816273947884256,3.0931174528776073,248.26633873901937,752.8193606336876
12844.0,3.0,564.0,593.0,175.19000000000003,0.9795536991944105,0.48970616118505633,241.67401931849457,116.02304918627914
12845.0,3.0,23.0,290.0,96.33333333333333,0.23818400982185445,0.22099835361979256,185.18487363551588,40.12163759901741
12846.0,0.0,0.0,682.0,0.0,1.0,0.07821044859618616,409.57932521320134,31.404136089687622
12847.0,1.0,365.0,387.0,871.54,0.9232072837144226,0.30357997323114505,620.7242648394398,184.7378938138528
12848.0,0.0,0.0,675.0,0.0,1.0,0.0789488791158882,409.57932521320134,31.70064876973475
12849.0,5.0,560.0,591.0,523.654,0.9870048234514842,0.7663083136324722,501.75515730764863,376.94121222438173
12850.0,0.0,0.0,445.0,0.0,1.0,0.11446381610191417,409.57932521320134,45.96162917394773
12851.0,1.0,381.0,477.0,135.18,0.9042845946865723,0.2479411211002858,284.16166064172853,69.07108874016174
12852.0,0.0,0.0,294.0,0.0,1.0,0.162470442944863,409.57932521320134,65.23907480553501
12853.0,6.0,538.0,672.0,582.4166666666666,0.9695422993531795,0.7885063282132353,553.8532202281602,428.13160840834826
12854.0,6.0,650.0,728.0,411.44666666666666,0.9838583800331672,0.7435652348097801,411.13806606485275,299.69796882566663
12855.0,2.0,30.0,402.0,133.81,0.3215793097428524,0.16450038759880348,236.56844467349464,38.15099537256141
12856.0,5.0,56.0,63.0,357.238,0.9863274846273963,3.960243581809964,367.2859308776934,1426.0171042499946
12857.0,5.0,473.0,683.0,696.6800000000001,0.9389539136633417,0.6392089610247512,641.5654662459084,402.0326312177425
12858.0,0.0,0.0,383.0,0.0,1.0,0.1302650446336998,409.57932521320134,52.30668582096297
12859.0,0.0,0.0,458.0,0.0,1.0,0.11162505447089624,409.57932521320134,44.821717089718035
12860.0,0.0,0.0,693.0,0.0,1.0,0.07707757164264108,409.57932521320134,30.94923589573626
12861.0,0.0,0.0,619.0,0.0,1.0,0.08539954027496804,409.57932521320134,34.29088171254572
12862.0,1.0,70.0,495.0,497.64,0.5474421695399616,0.14527229482722967,449.8285647613201,64.06366417466413
12863.0,5.0,537.0,589.0,432.03999999999996,0.9842404791315771,0.7665028752975738,427.72823856093,321.4104339393651
12864.0,1.0,370.0,508.0,147.12,0.8920524050237253,0.23134577651225052,289.6189878921504,65.68562560727183
12865.0,3.0,450.0,476.0,760.1066666666667,0.9792401716282157,0.5956074326826399,660.6803531190899,385.77285044046016
12866.0,2.0,219.0,502.0,442.26,0.8457077333666373,0.35620512174451907,430.08237542418675,150.18696299926802
12867.0,12.0,697.0,723.0,634.8041666666667,0.993961843228592,1.4382465308650565,614.5172863683782,866.4513467586514
12868.0,7.0,207.0,392.0,278.0014285714286,0.7227729130873108,1.0916504371069828,297.090524035355,317.9456757760219
12869.0,0.0,0.0,681.0,0.0,1.0,0.07831509152165012,409.57932521320134,31.446154867833933
12870.0,2.0,249.0,624.0,733.825,0.8101784192415017,0.28075164224791055,613.0030731687987,168.7189763470782
12871.0,2.0,355.0,439.0,190.32,0.9553267058291275,0.45275222965295736,272.0214264427331,120.7383239575211
12872.0,11.0,410.0,736.0,298.02454545454543,0.33594452835624267,0.44039654972955156,308.8971593494752,133.36274173922754
12873.0,2.0,399.0,681.0,767.45,0.9075136807043889,0.29042949128174944,634.0985697533083,180.5410380021411
12874.0,1.0,169.0,554.0,459.15999999999997,0.7209955066556349,0.1730800966339787,432.2407965371798,73.34219898888226
12875.0,4.0,554.0,697.0,262.9275,0.9673504568278188,0.5319737592426645,296.5067739391339,154.6330698694448
12876.0,3.0,533.0,590.0,1065.4166666666667,0.975886130869863,0.4901103152394272,879.3898395519032,422.52660382651857
12877.0,19.0,687.0,690.0,139.7726315789474,0.9973310681802303,2.339957594387133,155.6484461122015,357.0504606924721
12878.0,1.0,30.0,266.0,539.81,0.6147930987833953,0.2761885874000379,469.1028939196359,127.01701739200352
12879.0,2.0,47.0,91.0,216.35999999999996,0.9339195667912659,1.4370516628433307,288.3582808980679,406.258826296237
12880.0,1.0,193.0,574.0,302.95,0.7426905412652225,0.17270488918035898,360.8430503237455,61.09472992184995
12881.0,0.0,0.0,275.0,0.0,1.0,0.17152634845839412,409.57932521320134,68.87559818295513
12882.0,1.0,24.0,33.0,991.1999999999999,0.9171992798869167,1.4028245598555775,675.4163736154436,928.9411499879894
12883.0,1.0,65.0,89.0,411.84000000000003,0.9074919872020165,0.8789478379957799,410.61259507235866,353.83222167170595
12884.0,0.0,0.0,88.0,0.0,1.0,,409.57932521320134,
12885.0,1.0,60.0,123.0,529.87,0.8677396284935531,0.6876041140948711,464.55969183678894,313.16825929050015
12886.0,1.0,152.0,219.0,603.4,0.8927914405883477,0.467606400923628,498.1675036226785,228.3737532572607
12887.0,0.0,0.0,383.0,0.0,1.0,0.1302650446336998,409.57932521320134,52.30668582096297
12888.0,1.0,41.0,255.0,81.36,0.6705927797732661,0.3116319898645489,259.5625523822891,79.29989648246521
12889.0,3.0,121.0,502.0,95.35000000000001,0.4804069574118725,0.2787782661940021,184.4804606509245,50.41840293444854
12890.0,1.0,363.0,387.0,380.47,0.9226556899404446,0.3033985916215189,396.274541818947,117.867447794611
12891.0,10.0,474.0,659.0,81.95,0.8985426038712866,1.1915060943317484,116.73635355973285,136.3576902078678
12892.0,0.0,0.0,396.0,0.0,1.0,0.12660029999842912,409.57932521320134,50.8350857837715
12893.0,0.0,0.0,30.0,0.0,1.0,,409.57932521320134,
12894.0,0.0,0.0,575.0,0.0,1.0,0.09125851578133239,409.57932521320134,36.643534826915015
12895.0,1.0,44.0,86.0,105.0,0.8826173640649516,0.8719663602668359,270.3675118630239,231.13019721152767
12897.0,3.0,339.0,543.0,136.70000000000002,0.9263810873103182,0.5012677868716827,214.10162361314923,105.212912474071
12898.0,1.0,196.0,659.0,152.64000000000001,0.7051995957795877,0.14472560452213015,292.141973354657,41.44948155351143
12899.0,0.0,0.0,413.0,0.0,1.0,0.12210825694748767,409.57932521320134,49.031283081816866
12900.0,0.0,0.0,422.0,0.0,1.0,0.11985688299638046,409.57932521320134,48.12723408741054
12901.0,22.0,262.0,270.0,786.5790909090908,0.9963103125283945,6.086699629132985,767.2658988591854,4578.364385003065
12902.0,0.0,0.0,264.0,0.0,1.0,0.17724672518603551,409.57932521320134,71.17270210598784
12903.0,0.0,0.0,428.0,0.0,1.0,0.11840156150632994,409.57932521320134,47.54284400951994
12904.0,1.0,154.0,172.0,264.89,0.919637239725401,0.5774942906050793,343.4472483847959,194.4469325295569
12905.0,1.0,106.0,682.0,424.76,0.5277672016277734,0.10497555423860962,416.5178436548922,42.86485169610674
12906.0,1.0,67.0,78.0,983.22,0.9194095148435268,0.9595405314039038,671.76901419682,631.9562299140529
12907.0,1.0,99.0,494.0,180.48000000000002,0.6275706439282583,0.1668337556611792,304.866595687299,49.86269320191463
12908.0,4.0,454.0,630.0,364.5,0.952322579901254,0.5742695411864788,374.8219377469373,211.0176922153363
12909.0,6.0,614.0,653.0,469.84666666666664,0.9882087141545153,0.8249879543322736,459.8867646852958,371.9427413935591
12910.0,9.0,598.0,621.0,530.9511111111111,0.9926078912798323,1.2588064611178047,516.7994361727117,637.7619191160658
12911.0,0.0,0.0,551.0,0.0,1.0,0.09480651352327918,409.57932521320134,38.06822611887558
12912.0,4.0,38.0,40.0,336.06,0.986178701244891,3.982878890887485,352.89392318892277,1377.9859494649709
12913.0,12.0,734.0,738.0,513.575,0.9957914884919287,1.4139368258566352,504.2077037802559,698.9017586249474
12914.0,0.0,0.0,400.0,0.0,1.0,0.12551384679449815,409.57932521320134,50.398814581765606
12915.0,3.0,441.0,589.0,322.81666666666666,0.9565875819886995,0.4811538023242105,347.4267049509822,163.87997994676104
12916.0,6.0,546.0,684.0,712.4483333333333,0.9689533041499832,0.7753832296007532,662.3955923077365,503.5135630914169
12917.0,4.0,602.0,730.0,701.575,0.9718005838465448,0.5122098505343887,634.7159429207327,318.716573798984
12918.0,0.0,0.0,626.0,0.0,1.0,0.08453612015088521,409.57932521320134,33.94417879133687
12919.0,5.0,161.0,169.0,225.798,0.9879388198264374,2.1577810044873234,261.07838399546256,552.2891967852204
12920.0,2.0,708.0,725.0,174.595,0.9704459408404367,0.2932566847531023,262.15594885785833,75.36778065522732
12921.0,49.0,729.0,738.0,727.7559183673469,0.9983419659471905,5.5643695344065245,720.225078003821,3928.806049697181
12922.0,0.0,0.0,161.0,0.0,1.0,0.25780486301622124,409.57932521320134,103.52264427872629
12923.0,2.0,511.0,575.0,181.83499999999998,0.963337257230119,0.35941378621510034,266.69814648676095,93.97108178253174
12924.0,10.0,642.0,730.0,225.98499999999999,0.983466102697362,1.1874719988036233,245.4783011697625,285.7677744908723
12925.0,2.0,588.0,592.0,347.025,0.9716170027739408,0.3531124786174834,370.33428271858725,128.19948803058338
12926.0,3.0,314.0,725.0,385.9333333333334,0.7919416326498874,0.329685568112757,392.64046719924704,126.90321116342179
12927.0,0.0,0.0,394.0,0.0,1.0,0.12715061629745983,409.57932521320134,51.0560683881216
12928.0,10.0,514.0,549.0,382.01000000000005,0.9910936836982694,1.550156041762515,384.9371991865979,584.9833290612071
12929.0,0.0,0.0,311.0,0.0,1.0,0.15514263121109734,409.57932521320134,62.29650284336744
12930.0,1.0,93.0,171.0,194.24,0.8694191193221754,0.5482807700038508,311.15577684021406,167.25315439144325
12931.0,42.0,717.0,738.0,2171.1271428571426,0.9965705546792138,4.771356562534235,2122.675711666505,9928.918008303424
12932.0,6.0,128.0,667.0,212.3066666666667,0.015536923638790157,0.012722262739021366,244.90834272110206,3.0545370794763373
12933.0,6.0,705.0,729.0,255.20666666666668,0.9900159505739207,0.7472752559421749,280.7186024953659,205.65005181537617
12934.0,0.0,0.0,736.0,0.0,1.0,0.07294717108955824,409.57932521320134,29.290700147951892
12935.0,12.0,605.0,607.0,313.76666666666665,0.9958971877553217,1.690261150797544,322.39688668347566,534.2225627579212
12936.0,2.0,61.0,78.0,132.72,0.9610407894505655,1.6145400151987845,235.8846055277068,373.3775476209927
12937.0,8.0,721.0,736.0,365.94375,0.9929162318988899,0.9663971446916171,371.58531107868293,352.0391816563134
12938.0,0.0,0.0,25.0,0.0,1.0,,409.57932521320134,
12939.0,15.0,632.0,696.0,1651.32,0.9876139548638763,1.8308516338130207,1560.1997463548778,2800.33635368332
12940.0,1.0,33.0,87.0,552.27,0.8611556217630059,0.8451247658849846,474.79789371362733,393.39779163797755
12941.0,0.0,0.0,724.0,0.0,1.0,0.0740546198161123,409.57932521320134,29.735388632106833
12942.0,2.0,234.0,365.0,212.575,0.9293900855508572,0.5164088298543573,285.9836651487038,144.78308625398765
12943.0,1.0,47.0,605.0,180.64999999999998,0.3955345985169765,0.08771962496259235,304.9442963265429,26.223922988914424
12944.0,1.0,319.0,354.0,317.56,0.9186803348344715,0.32591153994292354,367.5207346728798,117.42663142441631
12945.0,1.0,368.0,656.0,462.95,0.8485171439027055,0.17486302910013696,433.9730637297341,74.39445643857692
12946.0,0.0,0.0,436.0,0.0,1.0,0.11651527025927619,409.57932521320134,46.78539702245427
12947.0,5.0,230.0,373.0,259.99,0.9130005929710489,1.0625796488241945,288.7065675240477,300.74567484219847
12948.0,8.0,721.0,737.0,273.61875,0.9928395953706087,0.9651159123476976,291.19683589918816,275.5135409566571
12949.0,15.0,706.0,736.0,915.4666666666667,0.9942906021735596,1.7510372838053223,878.3441145870943,1507.7755043437824
12950.0,2.0,22.0,24.0,765.7,0.9703111932716988,2.637167527391836,633.0006628678692,1636.638607117743
12951.0,14.0,690.0,698.0,217.53,0.9960646768410318,1.7239764367365262,232.55068055793046,393.0300814440966
12952.0,2.0,73.0,78.0,328.125,0.9693154471078668,1.6284413667818134,358.47688835584427,572.3122929625631
12953.0,1.0,513.0,522.0,329.85,0.9271746112052349,0.23471588322655548,373.13803382762734,85.8605193742808
12954.0,0.0,0.0,638.0,0.0,1.0,0.08309591355073481,409.57932521320134,33.36586995711897
12955.0,10.0,266.0,267.0,428.334,0.9950735106748126,2.8836678924126877,426.3427046615658,1205.2779898948256
12956.0,3.0,418.0,724.0,156.29666666666665,0.9032106457578555,0.376483989324605,228.13973865183675,84.20251744678039
12957.0,10.0,719.0,728.0,759.902,0.9946140564913434,1.2039658780594558,722.7061585801433,853.0072307523524
12958.0,1.0,183.0,583.0,372.6,0.7252553415202327,0.16630692102932523,392.67745928453996,64.02166282268314
12959.0,0.0,0.0,484.0,0.0,1.0,0.1063502228800178,409.57932521320134,42.70359962809056
12960.0,3.0,248.0,661.0,302.8,0.7193375175483617,0.32589152773970054,333.0877219934522,106.4167054126739
12961.0,0.0,0.0,379.0,0.0,1.0,0.1314357640138626,409.57932521320134,52.776795764804184
12962.0,1.0,106.0,113.0,95.85000000000001,0.9242976941481963,0.7737976707973303,266.1853892213689,201.9344901161497
12963.0,10.0,511.0,519.0,288.55100000000004,0.9944747878361451,1.6355192946313128,301.4012969289122,483.2582695819804
12964.0,0.0,0.0,437.0,0.0,1.0,0.11628370431568634,409.57932521320134,46.69241094501818
12965.0,0.0,0.0,89.0,0.0,1.0,,409.57932521320134,
12966.0,0.0,0.0,9.0,0.0,1.0,,409.57932521320134,
12967.0,2.0,25.0,383.0,1514.65,0.3134050160278284,0.16713101388429688,1102.8734410676775,180.7029572867056
12968.0,0.0,0.0,112.0,0.0,1.0,0.3290577867732987,409.57932521320134,132.13667994648495
12969.0,0.0,0.0,602.0,0.0,1.0,0.08757174619214306,409.57932521320134,35.163123172315935
12970.0,4.0,728.0,735.0,316.0825,0.9868611594753933,0.5168929412893902,337.49072660549325,171.01717430131734
12971.0,98.0,721.0,724.0,162.36061224489796,0.99931284288357,11.263552330042417,165.3213286924718,1825.4951774553892
12972.0,3.0,248.0,661.0,230.56333333333336,0.7193375175483617,0.32589152773970054,281.3408277931803,89.88432180161007
12973.0,0.0,0.0,413.0,0.0,1.0,0.12210825694748767,409.57932521320134,49.031283081816866
12974.0,1.0,368.0,565.0,144.8,0.8750988796947126,0.2064037186323041,288.5586026977636,58.38918797930758
12975.0,4.0,297.0,733.0,414.615,0.6593762432492782,0.3462312612973805,413.4619676194724,140.33924612392863
12976.0,6.0,454.0,665.0,463.1266666666667,0.9255754348226857,0.7599782942991736,454.2773253919846,338.4540579774223
12977.0,2.0,355.0,511.0,146.34,0.9374122163110847,0.3886527537089066,244.4294579732391,93.13128537701856
12978.0,4.0,344.0,729.0,389.31,0.7784413986370942,0.4108128316489272,393.9511234425892,158.65861724865312
12979.0,0.0,0.0,729.0,0.0,1.0,0.07358912084200846,409.57932521320134,29.54847065565965
12980.0,20.0,580.0,737.0,774.579,0.8226847409526151,1.9093726361697108,754.1155436935059,1411.5787303311733
12981.0,1.0,104.0,133.0,185.04,0.9091672569472786,0.6838710941500121,306.95080106936973,205.7973278056835
12982.0,7.0,364.0,606.0,291.8342857142857,0.8208925054724067,0.8437115085219786,308.9165340003934,255.51299017015486
12983.0,0.0,0.0,598.0,0.0,1.0,0.0880990164425854,409.57932521320134,35.37484681415767
12984.0,0.0,0.0,18.0,0.0,1.0,,409.57932521320134,
12985.0,1.0,28.0,28.0,485.0,0.9288876117289906,1.4983325141332695,444.051293702247,652.3129964243047
12986.0,6.0,259.0,687.0,404.3283333333334,0.3021844820419359,0.2408502568346801,405.19612280549455,95.67306983960675
12987.0,4.0,615.0,688.0,257.47,0.9798375422180657,0.5452896120083671,292.2988928051548,156.2543114472507
12988.0,0.0,0.0,292.0,0.0,1.0,0.16337835894677077,409.57932521320134,65.60366025102039
12989.0,27.0,726.0,729.0,486.6166666666667,0.9980821089312255,3.1330640417957576,483.3701853348786,1484.655331445721
12990.0,6.0,588.0,619.0,139.75,0.9889228542096961,0.8666895583536668,184.34253662114853,156.6271232716071
12991.0,2.0,366.0,389.0,251.88,0.9680341961401783,0.5093930910442017,310.64265379566746,155.130267750266
12992.0,0.0,0.0,725.0,0.0,1.0,0.0739610493360486,409.57932521320134,29.697816031936803
12993.0,6.0,636.0,659.0,181.67999999999998,0.9899095079037488,0.8195485385239831,219.34310054503857,176.2285147525563
12994.0,2.0,264.0,268.0,310.90999999999997,0.9711700166068135,0.6972454703318388,347.6766214799384,237.65502229483724
12995.0,0.0,0.0,85.0,0.0,1.0,,409.57932521320134,
12996.0,0.0,0.0,375.0,0.0,1.0,0.13262773575291603,409.57932521320134,53.2554400292951
12997.0,7.0,590.0,612.0,301.13714285714286,0.9910931977029026,1.0095999563534253,316.86974859218634,313.6230024181049
12998.0,2.0,161.0,653.0,309.94,0.6127066298994279,0.20373734448600525,347.06806737772354,69.32086852001822
12999.0,2.0,49.0,245.0,67.8,0.7002091110503655,0.5401272044201216,195.15539695472927,103.33877977574613
13000.0,3.0,619.0,725.0,178.28333333333333,0.9708679891368612,0.40417267051621475,243.8899354191753,96.63588759516153
13001.0,32.0,732.0,736.0,728.1928125000001,0.9982870466919971,3.66802743272939,716.7887735594346,2577.509144275867
13002.0,2.0,116.0,434.0,116.875,0.6964006560245498,0.3333534016583192,225.94384289925904,73.83918984017089
13003.0,2.0,109.0,214.0,45.0,0.9070977929791542,0.7777490453038955,180.85123867586466,137.89518619253624
13004.0,34.0,713.0,724.0,333.6561764705882,0.9977727939519261,3.949996213011288,336.219215140759,1301.95422815655
13005.0,3.0,284.0,457.0,256.65000000000003,0.9278034929956551,0.5849006891702624,300.02806853017114,172.03803095676216
13006.0,0.0,0.0,56.0,0.0,1.0,,409.57932521320134,
13007.0,0.0,0.0,579.0,0.0,1.0,0.09069285239490678,409.57932521320134,36.41639411970418
13008.0,2.0,400.0,723.0,211.40999999999997,0.8950679315968905,0.2711654862441243,285.25277285068285,75.83023315068624
13009.0,0.0,0.0,672.0,0.0,1.0,0.07926963674508926,409.57932521320134,31.829447259134078
13010.0,1.0,274.0,648.0,153.0,0.791506754405362,0.16494524509754213,292.3065158848205,47.26701600973954
13011.0,0.0,0.0,372.0,0.0,1.0,0.1335360122039588,409.57932521320134,53.62016474529493
13012.0,10.0,583.0,592.0,259.094,0.9944753042306322,1.4534498841786188,275.07192177184163,391.94407945655234
13013.0,26.0,724.0,725.0,456.51,0.9981440543668683,3.035248539719485,454.4595202301726,1352.2780698207825
13014.0,10.0,422.0,432.0,346.628,0.9940753723778678,1.921782256238904,353.3119165099007,665.644094541788
13015.0,8.0,550.0,603.0,731.3475000000001,0.9877298551825143,1.1530943551974917,689.7467005979822,779.7085240971962
13016.0,1.0,50.0,123.0,364.64,0.8506347225660869,0.6740500440711821,389.039241117592,257.0888832181828
13017.0,0.0,0.0,7.0,0.0,1.0,,409.57932521320134,
13018.0,23.0,632.0,648.0,388.8895652173913,0.9965207831223356,2.980113300724259,389.9056540394532,1139.1197408756516
13019.0,5.0,354.0,733.0,194.99,0.7197929407713645,0.4592680841018715,236.18457614132558,106.33957529319866
13020.0,1.0,97.0,659.0,170.95000000000002,0.5179886492200596,0.10630496790217343,300.51078926380484,31.31795543747276
13021.0,15.0,730.0,734.0,310.2353333333333,0.9966014004721206,1.7595069993859576,317.52530129686704,547.7040368614374
13022.0,0.0,0.0,429.0,0.0,1.0,0.11816243941177733,409.57932521320134,47.44682363495717
13023.0,2.0,464.0,528.0,344.95000000000005,0.9624904341294309,0.38759548332996363,369.03247884013797,140.2243293370996
13024.0,1.0,112.0,582.0,308.04,0.6005039554410033,0.13791335838044344,363.1694988752235,49.10168186894336
13025.0,0.0,0.0,731.0,0.0,1.0,0.07340455624802243,409.57932521320134,29.474360001722538
13026.0,8.0,725.0,726.0,174.63750000000002,0.9939164656450847,0.9796184258359384,205.01268470654952,196.88587844323598
13027.0,18.0,575.0,688.0,936.4000000000001,0.9478304533865282,2.116251146631685,903.7855677173844,1875.0353326918762
13028.0,1.0,23.0,45.0,305.38,0.899219048611647,1.22331671232562,361.95371240234897,434.1123394642269
13029.0,4.0,493.0,523.0,394.9,0.9839369914980111,0.7014937274126547,398.26116568518063,273.88669222556337
13030.0,1.0,357.0,368.0,371.74,0.9260076823693772,0.31787716707457964,392.28438546248276,122.24890840699459
13031.0,4.0,147.0,554.0,610.2574999999999,0.3381901705028344,0.22901584736630157,564.3076634059123,126.69524312986098
13032.0,5.0,408.0,460.0,460.01599999999996,0.9822200989464636,0.9532839800665238,450.3337036520536,420.8588954772041
13033.0,1.0,72.0,429.0,190.55,0.6043245667312312,0.1818103228804593,309.46921590603847,55.1593553087182
13034.0,2.0,347.0,401.0,404.315,0.9615986277804605,0.49295276018702305,406.27661727105004,196.34022483859349
13035.0,2.0,358.0,431.0,460.94,0.9578874651706876,0.4612999318066745,441.80174720704593,199.79857875124662
13036.0,0.0,0.0,684.0,0.0,1.0,0.07800199972691431,409.57932521320134,31.320434626799575
13037.0,10.0,598.0,736.0,360.17600000000004,0.9650268967923081,1.1564665545923363,365.4214447927534,414.2894146574271
13038.0,2.0,210.0,290.0,256.68000000000006,0.9461074358162979,0.6370441133478008,313.65405553858636,195.8869259662113
13039.0,3.0,138.0,722.0,282.6433333333334,0.27757839960844416,0.11599696747435441,318.6484497296414,36.235652361596166
13040.0,1.0,25.0,33.0,373.74,0.918642020695154,1.4050311819972248,393.1985106300576,541.6404410062916
13041.0,3.0,139.0,589.0,180.99,0.43552700951167206,0.21906564603920306,245.82886200727094,52.79416554957663
13042.0,2.0,134.0,732.0,444.22,0.4596449877558135,0.1376779935412286,431.3120311358786,58.21489738619326
13043.0,0.0,0.0,273.0,0.0,1.0,0.17253875427715537,409.57932521320134,69.28214462827158
13044.0,10.0,409.0,700.0,467.65500000000003,0.5533299905679274,0.6943521746415144,461.488760286754,314.13612780550386
13045.0,2.0,387.0,486.0,241.74,0.9535128318163454,0.41329036014570913,304.2810676137514,123.28517937275184
13046.0,2.0,426.0,456.0,314.65500000000003,0.9674286961705667,0.44350415600446336,350.02614221477825,152.1876163158259
13047.0,18.0,692.0,723.0,471.60333333333335,0.9944861999903296,2.1216374178497177,467.76354892557623,972.9133615783433
13048.0,8.0,667.0,681.0,461.20125,0.9929133734136631,1.0377552128773362,454.52714887354585,462.41503198512544
13049.0,3.0,337.0,401.0,386.89333333333326,0.9704369622059162,0.6854529457555104,393.3281652994582,264.31030732772876
13050.0,34.0,710.0,724.0,353.43,0.9974531128324764,3.9487306551419494,355.3255074204484,1375.499393608818
13051.0,1.0,41.0,619.0,80.8,0.3653697661021862,0.07937053506696594,259.3065973353681,20.176837122302604
13052.0,5.0,442.0,654.0,521.512,0.9321438932640301,0.6602057721880683,500.0243556839287,323.629549951716
13053.0,0.0,0.0,621.0,0.0,1.0,0.08515105360010276,409.57932521320134,34.19110285664354
13055.0,2.0,351.0,429.0,607.2049999999999,0.9565027018924768,0.46250106610239333,533.5648046920514,241.92543161158193
13056.0,0.0,0.0,551.0,0.0,1.0,0.09480651352327918,409.57932521320134,38.06822611887558
13057.0,2.0,101.0,631.0,184.29999999999998,0.4278789462840595,0.14678035740342663,268.2446267568224,38.59916214675741
13058.0,2.0,127.0,151.0,111.925,0.9620242804883385,1.0666669046972534,222.83833485187398,233.02942529886428
13059.0,8.0,369.0,618.0,209.635,0.7613834346329605,0.869298195679339,235.48542405227784,200.68295393473744
13060.0,0.0,0.0,253.0,0.0,1.0,0.18336240382644728,409.57932521320134,73.6285522094384
13061.0,0.0,0.0,72.0,0.0,1.0,,409.57932521320134,
13062.0,0.0,0.0,191.0,0.0,1.0,0.22765283435812844,409.57932521320134,91.41429041776912
13063.0,0.0,0.0,480.0,0.0,1.0,0.1071290298652645,409.57932521320134,43.01633048010273
13064.0,5.0,579.0,591.0,288.218,0.9890152483318896,0.7678692029647054,311.51565633560904,234.50136162762678
13065.0,4.0,174.0,547.0,268.33500000000004,0.48690755165214905,0.33350214724782373,300.67610371137243,98.30519084987048
13066.0,1.0,8.0,32.0,318.99,0.8890716303023251,1.3740399082384602,368.17433416769586,495.98254361785865
13067.0,2.0,364.0,446.0,128.555,0.9561657923734971,0.44693248811045344,233.2715871403616,102.20804434684717
13068.0,1.0,309.0,319.0,179.0,0.9259300648211017,0.3584643687522096,304.19014306329365,106.89987958850071
13069.0,31.0,543.0,543.0,286.76129032258063,0.9984985212922609,4.687852907407985,291.29385297245807,1338.699773284788
13070.0,3.0,540.0,732.0,199.16666666666666,0.9536317333895241,0.3935065593713791,258.849756939396,99.85672193577261
13071.0,0.0,0.0,612.0,0.0,1.0,0.08628078706285405,409.57932521320134,34.64474304704305
13072.0,0.0,0.0,266.0,0.0,1.0,0.1761784089768162,409.57932521320134,70.74370308628293
13073.0,1.0,26.0,437.0,115.2,0.42574765657690083,0.12604270892080569,275.02955021765564,33.984439370705736
13074.0,3.0,212.0,723.0,355.1466666666667,0.5472556221861389,0.22840157658776,370.58637117997193,82.9786132691546
13075.0,0.0,0.0,129.0,0.0,1.0,0.3002532101308375,409.57932521320134,120.56914012563593
13076.0,0.0,0.0,457.0,0.0,1.0,0.11183840893171149,409.57932521320134,44.90739006318225
13077.0,9.0,727.0,728.0,316.2477777777778,0.994613324437549,1.0908971080942171,327.1300245127388,349.84930795635046
13078.0,54.0,735.0,738.0,535.2244444444444,0.9989468681729882,6.128460455468511,532.5200129803374,3199.3643425485016
13079.0,5.0,413.0,417.0,44.02,0.9896220677291556,1.0463579240603724,114.19619092517843,117.14191397361483
13080.0,3.0,430.0,609.0,70.14333333333333,0.9479126867001129,0.4626230542183295,166.42360983912738,75.47807113479023
13081.0,24.0,720.0,731.0,2371.64875,0.9972560114681522,2.783771518195032,2279.1157199095414,6219.800895722317
13082.0,15.0,591.0,717.0,476.238,0.9524559286881408,1.7181826606965087,471.3465154271332,793.9375494243186
13083.0,2.0,421.0,425.0,151.875,0.9714620089896832,0.4735753959752905,247.90198060804238,115.09350427291147
13084.0,0.0,0.0,491.0,0.0,1.0,0.10501423129926588,409.57932521320134,42.16713097572432
13085.0,4.0,581.0,738.0,445.545,0.9658934249291591,0.5040181755780251,437.3098399921654,216.07907318179178
13086.0,0.0,0.0,382.0,0.0,1.0,0.13055576324640986,409.57932521320134,52.42342573422593
13087.0,0.0,0.0,726.0,0.0,1.0,0.07386771509010787,409.57932521320134,29.660338292199476
13088.0,0.0,0.0,417.0,0.0,1.0,0.12109728318500539,409.57932521320134,48.62532203680053
13089.0,131.0,735.0,737.0,888.3187786259541,0.9995101089307251,14.790313934786692,884.0166670490927,12817.82037814906
13090.0,21.0,486.0,494.0,654.0009523809524,0.9969518123028911,3.482931213078367,640.9152257897981,2188.386285800589
13091.0,1.0,701.0,729.0,345.82,0.9248548443326798,0.17306516347206521,380.4373232907126,64.54637742914977
13092.0,11.0,597.0,667.0,153.8390909090909,0.9861165295598814,1.414779418769459,178.7646461475407,247.94052361059826
13093.0,42.0,460.0,735.0,1284.5280952380951,1.299599186522342e-05,6.245561862405595e-05,1260.4626002787281,0.0771752236807505
13094.0,12.0,368.0,389.0,179.25,0.9927985157820791,2.4964218599573242,199.99666106825168,489.4641917220747
13095.0,0.0,0.0,70.0,0.0,1.0,,409.57932521320134,
13096.0,0.0,0.0,394.0,0.0,1.0,0.12715061629745983,409.57932521320134,51.0560683881216
13097.0,22.0,706.0,738.0,583.5404545454545,0.9946564590049741,2.5289475709797453,574.6286593516018,1424.6349756301913
13098.0,25.0,316.0,317.0,1129.3455999999999,0.9980022493762676,6.051955846378774,1096.6969533684291,6506.743857564466
13099.0,0.0,0.0,99.0,0.0,1.0,0.35512554550763475,409.57932521320134,142.60523789670128
13101.0,3.0,447.0,681.0,175.61666666666667,0.9342060776087185,0.4118759886466897,241.97966291858847,97.70646312690766
13102.0,32.0,581.0,582.0,344.53999999999996,0.9984703647938041,4.543735752066512,346.8679334585475,1545.0934466043911
13103.0,2.0,538.0,577.0,293.15,0.9671511187505266,0.35971130333328016,336.5344350311386,118.67604610181911
13104.0,8.0,650.0,653.0,201.555,0.9937609475802903,1.079211806008462,228.45007198674503,241.6992950473248
13105.0,0.0,0.0,436.0,0.0,1.0,0.11651527025927619,409.57932521320134,46.78539702245427
13106.0,1.0,280.0,413.0,76.5,0.8836115599435067,0.27473990616755306,257.34122822508215,69.31299277275896
13107.0,8.0,629.0,673.0,580.84625,0.9897768119711955,1.0457087521999668,558.7034728686789,572.7556239537046
13108.0,1.0,63.0,435.0,700.12,0.5716108907249324,0.16990304323202995,542.3745967265987,90.34072301334855
13109.0,2.0,492.0,551.0,393.27,0.9637732560291415,0.37360298655723373,399.3472563855211,146.26513820875948
13110.0,10.0,707.0,738.0,259.469,0.9927505862715486,1.1867224404726209,275.4071057920712,320.4062751924974
13111.0,0.0,0.0,718.0,0.0,1.0,0.07462105423785817,409.57932521320134,29.962836631167114
13112.0,0.0,0.0,541.0,0.0,1.0,0.09636765189657807,409.57932521320134,38.69509900970857
13113.0,35.0,621.0,621.0,517.2057142857143,0.9986718667372885,4.679594434445605,513.6728278332281,2356.5247652240096
13114.0,0.0,0.0,730.0,0.0,1.0,0.07349672263995158,409.57932521320134,29.51136878672702
13115.0,9.0,588.0,599.0,526.6888888888889,0.9937482813871278,1.3020845662676563,513.0341793939645,654.8823211302517
13116.0,0.0,0.0,138.0,0.0,1.0,0.2869603300305637,409.57932521320134,115.23093060183395
13117.0,17.0,602.0,623.0,147.9758823529412,0.9952194395800346,2.301947918155443,165.06168464256652,372.49384233125306
13118.0,7.0,420.0,439.0,313.4342857142857,0.9907150180982173,1.3564567346550938,327.3828430648757,435.35308509133426
13119.0,0.0,0.0,668.0,0.0,1.0,0.07970139149885555,409.57932521320134,32.002816083278674
13120.0,0.0,0.0,238.0,0.0,1.0,0.1924168318544242,409.57932521320134,77.26451734961051
13121.0,0.0,0.0,269.0,0.0,1.0,0.17459989731691025,409.57932521320134,70.10982752256417
13122.0,1.0,146.0,240.0,18.72,0.8758258337838917,0.4270655620888215,230.9321521338445,96.68702804916613
13123.0,1.0,57.0,529.0,151.31,0.4802456833432645,0.12014144758403919,291.5340801182197,34.33709876214903
13124.0,3.0,296.0,385.0,1288.7766666666666,0.9617107869089556,0.7034965003055406,1039.394264201057,716.8428832554523
13125.0,0.0,0.0,523.0,0.0,1.0,0.09931129077497808,409.57932521320134,39.87711456908724
13126.0,11.0,643.0,647.0,321.21818181818185,0.9953848178514502,1.4682608068400407,329.8302430631329,474.75656077875044
13127.0,0.0,0.0,77.0,0.0,1.0,,409.57932521320134,
13128.0,0.0,0.0,631.0,0.0,1.0,0.0839300081803732,409.57932521320134,33.70079704587315
13129.0,1.0,77.0,529.0,124.5,0.544375815116018,0.13618466698644394,279.28023224687877,37.28634524596315
13130.0,0.0,0.0,94.0,0.0,1.0,0.3662906230885414,409.57932521320134,147.0890485329075
13131.0,5.0,645.0,668.0,532.472,0.9881567374924499,0.6864908241112462,508.88037146169233,342.47432628189864
13132.0,0.0,0.0,261.0,0.0,1.0,0.1788737502528713,409.57932521320134,71.82605977936896
13133.0,2.0,186.0,459.0,54.900000000000006,0.8292238144658738,0.3779663148872247,187.0622547706348,69.31390247137938
13134.0,5.0,331.0,416.0,440.276,0.9706275144676184,1.0284131915473542,434.38317888443925,437.94652512140675
13135.0,1.0,295.0,491.0,3096.0,0.8637610480590358,0.23086259318160676,1637.4416999712246,370.59660028033466
13136.0,8.0,675.0,731.0,715.68375,0.9887188255317257,0.968365374886784,676.108087241981,641.8480720853142
13137.0,15.0,492.0,502.0,458.1433333333333,0.9958468542933495,2.4792064800691476,454.5796546782148,1104.8446273256723
13138.0,6.0,374.0,396.0,192.60333333333332,0.988728178491526,1.2867513611654546,228.46122185663629,288.1958573100485
13139.0,6.0,421.0,437.0,844.1566666666666,0.9898978297714519,1.1828024438031894,772.3375417506736,895.5694824214743
13140.0,4.0,383.0,491.0,240.845,0.9660680553074542,0.7284700326412289,279.48056502642794,199.59188691695525
13141.0,14.0,646.0,730.0,522.6521428571428,0.9828028133539719,1.6324459288220818,513.8084217363877,822.2742183258101
13142.0,0.0,0.0,19.0,0.0,1.0,,409.57932521320134,
13143.0,0.0,0.0,584.0,0.0,1.0,0.08999556301189293,409.57932521320134,36.13639943082764
13144.0,1.0,99.0,431.0,110.95,0.6727005363133163,0.20156438312680355,273.0870342365591,53.96324055832086
13145.0,6.0,560.0,599.0,220.25333333333333,0.9878365919877258,0.8918585401938733,251.54172728223995,219.92977926836272
13146.0,0.0,0.0,26.0,0.0,1.0,,409.57932521320134,
13147.0,3.0,89.0,99.0,198.0,0.9781217361161498,1.972874006744568,258.01401272038925,499.043070835059
13148.0,17.0,703.0,732.0,487.67117647058825,0.9946815530099967,1.9855455786524345,482.570853950264,939.3285759435307
13149.0,3.0,275.0,289.0,433.10666666666674,0.9798849669177683,0.9117597970229973,426.4331877346283,381.1672417765975
13150.0,1.0,146.0,630.0,273.45,0.6419712669392107,0.13724938224482908,347.35970410201634,46.73797825044764
13151.0,2.0,332.0,627.0,779.6850000000001,0.8876707350454451,0.30627015773815525,641.774507320936,192.69306693837692
13152.0,6.0,277.0,694.0,277.65166666666664,0.36920615609345764,0.2915506576821278,299.4542966826235,85.58976599009652
13153.0,0.0,0.0,5.0,0.0,1.0,,409.57932521320134,
13154.0,2.0,336.0,735.0,643.87,0.8465557460362236,0.25261811124335093,556.5675223804099,137.83526853106056
13155.0,5.0,458.0,491.0,302.896,0.9860356132649463,0.9035208805858154,323.37593002046435,286.4344358158743
13156.0,2.0,291.0,676.0,396.31,0.8311067863237231,0.2677736016818162,401.2544774893697,105.33340957732162
13157.0,7.0,592.0,641.0,784.88,0.9880263231792694,0.9650651417560132,730.4320220984689,691.0572049654781
13158.0,4.0,294.0,388.0,300.265,0.9633659040415873,0.8920016638194667,325.295003318876,284.46201462519514
13159.0,3.0,107.0,115.0,326.84666666666664,0.9794785474245297,1.7985957009487248,350.313604267494,617.7094741174344
13160.0,0.0,0.0,22.0,0.0,1.0,,409.57932521320134,
13161.0,1.0,187.0,500.0,112.75,0.7729298081319872,0.2032925835711806,273.90974688737646,54.589722426456085
13162.0,15.0,613.0,735.0,572.086,0.9592447320888463,1.6914332539388242,560.1610870723141,928.8474673111896
13163.0,0.0,0.0,610.0,0.0,1.0,0.08653592366329478,409.57932521320134,34.747192224964095
13164.0,1.0,98.0,667.0,96.4,0.5160276711357905,0.1047446429087118,266.436773642452,27.359343719565896
13165.0,2.0,367.0,413.0,510.74,0.9637108810552681,0.48161131395118584,473.0450402898291,223.34749631070434
13166.0,1.0,131.0,414.0,417.2,0.7461402700126953,0.23151139348815783,413.06245052145925,93.75006985531931
13167.0,4.0,372.0,390.0,197.83249999999998,0.9847960504406162,0.9078263522354018,246.31675608913542,219.21886655704077
13168.0,4.0,506.0,542.0,329.7975,0.9832762085669156,0.6790417484488558,348.0653651309212,231.70544758792886
13169.0,2.0,499.0,562.0,356.44000000000005,0.9632860216364146,0.36685512100990464,376.24102176225,135.31326702638654
13170.0,0.0,0.0,26.0,0.0,1.0,,409.57932521320134,
13171.0,2.0,278.0,299.0,164.02999999999997,0.9674045964933932,0.6352370372892842,255.52772814662129,159.13239192340822
13172.0,0.0,0.0,400.0,0.0,1.0,0.12551384679449815,409.57932521320134,50.398814581765606
13173.0,9.0,725.0,729.0,259.6277777777778,0.9944129954370543,1.0893016795885835,277.11178808640943,295.9238647482104
13174.0,10.0,719.0,735.0,886.445,0.9940864008828644,1.1927821690192606,835.8133358385596,977.3433668314682
13175.0,1.0,153.0,735.0,512.3,0.5999769877470705,0.11142946925438066,456.52910223964375,49.87094248712273
13176.0,0.0,0.0,46.0,0.0,1.0,,409.57932521320134,
13177.0,1.0,366.0,430.0,282.45,0.9121002160652687,0.2738494193299563,351.4732673561032,94.35986067919173
13178.0,20.0,697.0,723.0,672.02,0.9953142159784921,2.3511374096542617,657.3064436531802,1515.03443394372
13179.0,0.0,0.0,618.0,0.0,1.0,0.08552432847625725,409.57932521320134,34.340989934128785
13180.0,0.0,0.0,607.0,0.0,1.0,0.08692147155173999,409.57932521320134,34.902007613269255
13181.0,0.0,0.0,381.0,0.0,1.0,0.13084778348887344,409.57932521320134,52.540688343296665
13182.0,0.0,0.0,45.0,0.0,1.0,,409.57932521320134,
13183.0,14.0,628.0,635.0,467.33857142857147,0.9960926097624447,1.8794677336145067,462.821069553963,852.7569998611835
13184.0,8.0,276.0,290.0,186.09625,0.9914705116252674,2.181654407285332,214.98995456805002,459.81887997749
13185.0,0.0,0.0,267.0,0.0,1.0,0.17564907227593266,409.57932521320134,70.53113976483758
13186.0,2.0,89.0,128.0,293.77500000000003,0.9497592831288044,1.1793523098146863,336.9265446330812,389.5585701971854
13187.0,1.0,287.0,624.0,236.02,0.8105411710953087,0.17479829467366906,330.2518515908529,56.592985926107346
13188.0,0.0,0.0,11.0,0.0,1.0,,409.57932521320134,
13189.0,1.0,97.0,115.0,133.68,0.9162447621315181,0.7584854455731396,283.4760667660473,210.79596229953623
13190.0,2.0,188.0,732.0,211.78,0.6187230032667386,0.18532681507847074,285.48490173503285,51.86799289402241
13191.0,0.0,0.0,658.0,0.0,1.0,0.08080164679337273,409.57932521320134,32.444617951479934
13192.0,4.0,591.0,686.0,458.41499999999996,0.976524700809978,0.5448951635458591,447.2329605041782,238.9045307685288
13193.0,0.0,0.0,61.0,0.0,1.0,,409.57932521320134,
13194.0,1.0,286.0,421.0,60.7,0.8837294210727403,0.27024933484265284,250.11963940124076,66.26676770833883
13195.0,0.0,0.0,414.0,0.0,1.0,0.12185393310166391,409.57932521320134,48.92915818078036
13196.0,5.0,606.0,617.0,573.774,0.9891504596255558,0.7386498391044249,542.2536528169107,392.6622014267719
13197.0,0.0,0.0,609.0,0.0,1.0,0.08666405887585936,409.57932521320134,34.79864446148442
13198.0,7.0,424.0,434.0,593.1985714285714,0.9919186372982701,1.3717465650970708,566.5594062687704,761.9021080583418
13199.0,56.0,731.0,734.0,290.97589285714287,0.9989759621737496,6.384791160433812,293.4394766028961,1836.7144129177818
13200.0,3.0,107.0,126.0,183.59,0.9745455152172079,1.685720422357022,247.6913776953431,409.34465471977774
13201.0,3.0,140.0,642.0,307.9533333333333,0.3712057121419759,0.17269776153610716,336.7793236008362,57.01779358070865
13202.0,6.0,336.0,730.0,210.01666666666668,0.555484191314346,0.41875762492292257,242.9967927238278,99.75629045490794
13203.0,9.0,713.0,722.0,256.48333333333335,0.9940546618201032,1.0986091387194994,274.3339787319114,295.4606642407171
13204.0,0.0,0.0,731.0,0.0,1.0,0.07340455624802243,409.57932521320134,29.474360001722538
13205.0,0.0,0.0,443.0,0.0,1.0,0.11491342315093761,409.57932521320134,46.142170213990326
13206.0,11.0,332.0,732.0,664.5909090909091,0.06129731101684294,0.08075980748295057,639.7363712913158,50.64925187327661
13207.0,3.0,597.0,612.0,107.22000000000001,0.9811551447299892,0.47672204739767965,192.9835611191617,90.19118822961447
13208.0,8.0,678.0,736.0,240.9225,0.98850222454192,0.9621010278900359,262.7278222887083,247.8012949175054
13209.0,10.0,654.0,684.0,825.2209999999999,0.9926326417867845,1.2722676610871224,781.0898519598046,974.2188985277494
13210.0,0.0,0.0,93.0,0.0,1.0,0.36860876601097947,409.57932521320134,148.0199989458208
13211.0,8.0,723.0,733.0,311.685,0.9932905853510258,0.9704012536457151,324.3415723552016,308.55373805968145
13212.0,1.0,42.0,61.0,496.61,0.9082138733836886,1.0769911464646507,449.357790300019,474.4726154752586
13213.0,9.0,512.0,568.0,395.1077777777778,0.9870269209035958,1.3567361127071331,396.79512738416827,527.7640140806734
13214.0,6.0,229.0,646.0,269.43333333333334,0.2468361339498015,0.20809861796402407,292.5941416341816,59.69149373331686
13215.0,0.0,0.0,402.0,0.0,1.0,0.1249775885433314,409.57932521320134,50.18347725377235
13216.0,0.0,0.0,267.0,0.0,1.0,0.17564907227593266,409.57932521320134,70.53113976483758
13217.0,3.0,533.0,655.0,177.99333333333334,0.966218695870098,0.4413919449095943,243.68219328473648,105.44509050309662
13218.0,0.0,0.0,127.0,0.0,1.0,0.30337670364030694,409.57932521320134,121.823488939438
13219.0,0.0,0.0,618.0,0.0,1.0,0.08552432847625725,409.57932521320134,34.340989934128785
13220.0,4.0,497.0,575.0,204.8225,0.9770725512027182,0.639909011625606,251.7062364604618,157.90315479825247
13221.0,1.0,119.0,359.0,349.25,0.7640131857054511,0.26784169866974555,382.0050479531035,100.30721466110381
13222.0,0.0,0.0,577.0,0.0,1.0,0.0909748044022261,409.57932521320134,36.52961122807946
13223.0,5.0,465.0,665.0,150.50400000000002,0.9419262681451827,0.6570668116698067,200.23852523899055,128.98368386124488
13224.0,1.0,91.0,151.0,943.69,0.8831590302121995,0.6087168082173982,653.7013302597029,390.11235753172394
13225.0,14.0,719.0,722.0,1059.6264285714285,0.996433954111645,1.6719384719037151,1008.7845426324262,1653.4665328705473
13226.0,1.0,120.0,393.0,108.21000000000001,0.741855673215751,0.24074671196045325,271.8346827569815,64.15776572063274
13227.0,0.0,0.0,201.0,0.0,1.0,0.21911351240119956,409.57932521320134,87.9851232940902
13228.0,0.0,0.0,81.0,0.0,1.0,,409.57932521320134,
13229.0,0.0,0.0,225.0,0.0,1.0,0.20102097708169384,409.57932521320134,80.71967699643866
13230.0,28.0,627.0,631.0,217.0635714285714,0.9980357886805786,3.704186299968462,224.898549064865,816.6888623015461
13232.0,6.0,231.0,243.0,206.69500000000002,0.9893817277772262,1.9298895967205085,240.22407136679178,454.4995888357112
13233.0,3.0,620.0,694.0,295.27666666666664,0.974875744443232,0.42243628794290555,327.6983657011715,135.7104659643415
13234.0,1.0,60.0,732.0,118.10000000000001,0.3715796480808013,0.06927070603562199,276.3550317106392,18.76705224409401
13235.0,0.0,0.0,212.0,0.0,1.0,0.21043213568733302,409.57932521320134,84.4989230409243
13236.0,1.0,82.0,106.0,305.62,0.9100942127378309,0.7932832005926606,362.0634074224579,281.5870047438747
13237.0,0.0,0.0,387.0,0.0,1.0,0.12911501383667162,409.57932521320134,51.84488379534257
13238.0,5.0,573.0,590.0,177.926,0.9885210999638762,0.7686592357934434,222.39634135740602,167.5867729406475
13239.0,4.0,241.0,502.0,328.74,0.8128016714815984,0.600985794605614,347.25000383010894,204.59070723158368
13240.0,6.0,556.0,652.0,263.87,0.9789787171942329,0.8184241086312308,287.9502159493917,231.0326713599934
13241.0,0.0,0.0,411.0,0.0,1.0,0.12262010525470475,409.57932521320134,49.23681814839139
13242.0,5.0,556.0,668.0,116.47999999999999,0.9749981895071328,0.6773493366246857,172.74609085736378,114.70927156258946
13243.0,2.0,428.0,631.0,492.69000000000005,0.9327796728811243,0.31998240379242393,461.72091498572803,144.8386772124612
13244.0,0.0,0.0,92.0,0.0,1.0,,409.57932521320134,
13245.0,1.0,382.0,432.0,430.5,0.9163283065815917,0.2740107783836873,419.14138288583206,112.5929801720541
13246.0,10.0,507.0,525.0,323.026,0.9933651414575411,1.6170450252296977,332.2158811886808,526.6486102116405
13247.0,3.0,65.0,82.0,65.35000000000001,0.972749273872843,2.1912553609786363,162.98989501932252,350.14759472026805
13248.0,1.0,65.0,189.0,78.21000000000001,0.8089606473427325,0.4738881608127265,258.12280524335864,119.92076759112095
13249.0,8.0,592.0,684.0,191.56625000000003,0.981439472618608,1.021648139689454,219.7527486025135,220.09634691465737
13250.0,1.0,42.0,502.0,120.0,0.44402754621067886,0.11637394068868277,277.2234506198353,31.627694632703182
13251.0,0.0,0.0,402.0,0.0,1.0,0.1249775885433314,409.57932521320134,50.18347725377235
13252.0,1.0,231.0,625.0,52.4,0.7617250023491507,0.1640325981403834,246.32601995580512,39.61143702568205
13253.0,3.0,547.0,703.0,658.9066666666668,0.9609008624257592,0.41149554433272767,588.1855117218192,237.27787228927133
13254.0,0.0,0.0,376.0,0.0,1.0,0.1323277188090702,409.57932521320134,53.13496618042378
13255.0,2.0,503.0,512.0,312.605,0.9709012285099846,0.4018387829033439,348.7400227204066,137.38329572861775
13256.0,0.0,0.0,14.0,0.0,1.0,,409.57932521320134,
13257.0,0.0,0.0,436.0,0.0,1.0,0.11651527025927619,409.57932521320134,46.78539702245427
13258.0,4.0,389.0,400.0,224.745,0.9859066118126334,0.8892581173369588,267.0670265459767,232.82473022933533
13259.0,6.0,637.0,698.0,213.55499999999998,0.9858676031202508,0.7744218359161236,245.95037397871363,186.7249336816051
13260.0,0.0,0.0,61.0,0.0,1.0,,409.57932521320134,
13261.0,1.0,17.0,285.0,99.0,0.5304919978020767,0.2253576723209835,267.6251363602993,59.12709587405456
13262.0,2.0,337.0,600.0,170.52,0.9008428770478076,0.3234483021544938,259.5993942531928,82.31666601541959
13263.0,36.0,412.0,413.0,230.94,0.9986055405456288,6.9099013141376995,236.6462356305321,1603.0640940277858
13264.0,0.0,0.0,442.0,0.0,1.0,0.11513955471246261,409.57932521320134,46.232974028215146
13265.0,4.0,220.0,273.0,450.055,0.972300810871425,1.2076386926061307,440.78717282116133,521.8552627452591
13266.0,18.0,711.0,722.0,324.4161111111111,0.99660852000929,2.1288711816682033,329.688398271114,688.0653366992102
13267.0,26.0,730.0,732.0,363.5273076923077,0.998081250475443,3.0083570603233993,365.53939745482046,1078.0528995659547
13268.0,9.0,250.0,267.0,284.56888888888886,0.9911474658849001,2.602471472111918,299.14482221376556,763.2216968342802
13269.0,20.0,736.0,737.0,434.44300000000004,0.9975966366398805,2.3153264247122305,433.0490351343718,982.9373157547113
13270.0,0.0,0.0,366.0,0.0,1.0,0.13539043855301083,409.57932521320134,54.36482306188462
13271.0,0.0,0.0,37.0,0.0,1.0,,409.57932521320134,
13272.0,1.0,58.0,89.0,135.6,0.8993096068830639,0.8710228253318372,284.3536269269192,242.82327843515515
13273.0,0.0,0.0,113.0,0.0,1.0,0.32721073399969464,409.57932521320134,131.39492465559124
13274.0,0.0,0.0,409.0,0.0,1.0,0.12313626602353894,409.57932521320134,49.44408496168795
13275.0,1.0,249.0,632.0,61.5,0.7762470476045408,0.16548027415601152,250.4852894682707,40.63577270459611
13276.0,4.0,579.0,642.0,385.6075,0.9806175056939896,0.5812808372404176,391.0963951057028,222.86804373563476
13277.0,6.0,524.0,539.0,86.06666666666666,0.9903733248572144,0.9831402104445305,139.5310188538976,134.48221170535126
13278.0,3.0,570.0,610.0,379.3866666666667,0.9783434408665669,0.47676627122877907,387.9507482103063,181.3262548225572
13279.0,0.0,0.0,78.0,0.0,1.0,,409.57932521320134,
13280.0,5.0,522.0,644.0,368.826,0.9715998006248842,0.6978717124937164,376.64938989527775,257.68588922085814
13281.0,0.0,0.0,439.0,0.0,1.0,0.11582332472114423,409.57932521320134,46.50754401776298
13282.0,3.0,388.0,406.0,377.38000000000005,0.9799920850602128,0.6848380667452009,386.5132681536147,259.49775880525465
13283.0,3.0,581.0,640.0,81.85333333333334,0.9762019033669624,0.45545301489708373,174.81209395732935,78.05367443206231
13284.0,0.0,0.0,330.0,0.0,1.0,0.14769817339461172,409.57932521320134,59.307101097398345
13285.0,5.0,601.0,624.0,604.858,0.9880176882660665,0.7302963194080196,567.3704771267651,406.2036185051285
13286.0,0.0,0.0,600.0,0.0,1.0,0.08783458968786671,409.57932521320134,35.26866710860378
13287.0,2.0,101.0,704.0,258.605,0.36445377872571527,0.11314366362191516,314.86175311256943,34.92435560980401
13288.0,4.0,223.0,666.0,140.4625,0.49889673845531735,0.2860083886128967,202.08292362804923,56.661252789487094
13289.0,0.0,0.0,723.0,0.0,1.0,0.07414842742858192,409.57932521320134,29.77305645342519
13290.0,0.0,0.0,438.0,0.0,1.0,0.11605305762508879,409.57932521320134,46.599794008507416
13291.0,10.0,511.0,666.0,314.14700000000005,0.9421069340011079,1.2372913306352054,324.27961741369927,393.34063583735355
13292.0,4.0,488.0,526.0,196.015,0.9828613484547398,0.6971635461430253,244.9154140898671,167.39016288367145
13293.0,5.0,276.0,668.0,191.268,0.5625134663736059,0.39078854442101196,233.17708611168726,89.33163420637827
13294.0,2.0,457.0,646.0,436.87,0.9385381078513924,0.3151585440047347,426.7008222170341,131.83518317079677
13295.0,3.0,217.0,576.0,265.1566666666667,0.7335950280403893,0.37648504575853714,306.12183780704316,112.98504432389295
13296.0,5.0,440.0,577.0,134.23200000000003,0.9623413782170992,0.7634806585000043,187.09025071930355,140.03209045725228
13297.0,5.0,535.0,542.0,742.41,0.9894304635288168,0.8303162215172546,678.5167072602451,552.3098742374898
13298.0,0.0,0.0,1.0,0.0,1.0,,409.57932521320134,
13299.0,2.0,260.0,528.0,433.76,0.8747003626751755,0.3522423681505265,424.7496848377679,146.67453873270097
13300.0,2.0,405.0,574.0,485.265,0.938790561345582,0.3508043711530456,457.06265291465036,157.18830872721566
13301.0,3.0,189.0,292.0,148.06,0.9414844496035522,0.8686446829522104,222.23938446564915,189.25494350548834
13302.0,1.0,371.0,526.0,63.75,0.8873898789011578,0.22312292235203326,251.51368028179243,55.01577730907363
13303.0,0.0,0.0,400.0,0.0,1.0,0.12551384679449815,409.57932521320134,50.398814581765606
13304.0,3.0,318.0,669.0,303.38000000000005,0.8382016596535785,0.37559827087606334,333.50320626232985,122.80092720646451
13305.0,15.0,635.0,639.0,222.59533333333331,0.996564882095399,1.9972957259858701,236.3164178670234,462.71492938934693
13306.0,0.0,0.0,430.0,0.0,1.0,0.11792428191204386,409.57932521320134,47.351190609594724
13307.0,2.0,472.0,592.0,22.799999999999997,0.9531068380603859,0.34638537305741124,166.92350561486495,56.68345965789905
13308.0,3.0,574.0,596.0,461.83666666666664,0.9803626382579061,0.4878830711737258,447.0139860878257,213.80387500207027
13309.0,5.0,385.0,392.0,291.358,0.9891983365538026,1.103272706221053,314.05287253471283,339.6772912323941
13310.0,4.0,374.0,402.0,322.9375,0.9832149411383576,0.8830232912963207,342.7761183001202,296.73151771927337
13311.0,1.0,146.0,150.0,108.46000000000001,0.9267794553417301,0.6417653604511938,271.9489484029284,171.10345839682552
13312.0,0.0,0.0,451.0,0.0,1.0,0.11313587330208262,409.57932521320134,45.42839007924298
13313.0,10.0,715.0,737.0,306.14300000000003,0.9935880293801507,1.189206687606751,317.1254496859201,369.71337488587125
13314.0,2.0,72.0,73.0,138.16,0.9715207990413567,1.6919014007071236,239.29752750301486,396.9298891202076
13315.0,0.0,0.0,689.0,0.0,1.0,0.07748570820629053,409.57932521320134,31.11312073739644
13316.0,9.0,602.0,639.0,1241.5788888888887,0.9910499845638827,1.2246405728394425,1144.5696269181358,1374.1315327980003
13317.0,14.0,660.0,726.0,433.51935714285713,0.9879535746764393,1.64931291202006,431.6469445646676,697.9244360557376
13318.0,2.0,36.0,37.0,168.89999999999998,0.9713197586170244,2.2977666666248946,258.5830461649577,582.5235044432974
13319.0,39.0,728.0,733.0,550.1512820512821,0.9984712714293172,4.472077470114092,545.9962186987419,2393.731259200412
13320.0,4.0,400.0,478.0,480.375,0.9742702917242687,0.7522779604722891,464.1647185806199,342.3183824700065
13321.0,1.0,14.0,86.0,308.32,0.8125116605588963,0.8027066588277166,363.297476398684,285.90496790437066
13322.0,0.0,0.0,17.0,0.0,1.0,,409.57932521320134,
13323.0,4.0,81.0,84.0,166.8875,0.9861187740671735,2.7931741649102904,222.45731830792027,609.1734197223473
13324.0,11.0,527.0,563.0,923.9372727272727,0.9914071813793038,1.658389792745328,873.8057106444286,1420.6251616629359
13325.0,0.0,0.0,81.0,0.0,1.0,,409.57932521320134,
13326.0,0.0,0.0,432.0,0.0,1.0,0.11745083742951146,409.57932521320134,47.16107726274208
13327.0,18.0,683.0,721.0,498.0733333333333,0.9934291443106573,2.1247839148612804,492.5948432637868,1026.0801099797575
13328.0,0.0,0.0,316.0,0.0,1.0,0.15311167810166987,409.57932521320134,61.48095077970312
13329.0,5.0,704.0,735.0,955.664,0.9876393010440397,0.6285915162993746,850.8324726499533,524.3118597986503
13330.0,5.0,562.0,654.0,433.52199999999993,0.978701210353011,0.6931807342104059,428.92573996445606,291.4783391434827
13331.0,0.0,0.0,401.0,0.0,1.0,0.12524514319821728,409.57932521320134,50.29091522827264
13332.0,0.0,0.0,14.0,0.0,1.0,,409.57932521320134,
13333.0,2.0,247.0,658.0,426.78000000000003,0.7868057364765556,0.2598177011282094,420.3706048032734,107.07293962874348
13334.0,4.0,570.0,652.0,1268.0325,0.9779554309133528,0.5716063534720051,1071.4701027834792,600.4197969159877
13336.0,0.0,0.0,77.0,0.0,1.0,,409.57932521320134,
13337.0,0.0,0.0,546.0,0.0,1.0,0.09558070538790142,409.57932521320134,38.37910168779795
13338.0,3.0,546.0,703.0,562.84,0.9606747268036219,0.4113987041647529,519.3679448881782,209.46710993086728
13339.0,0.0,0.0,200.0,0.0,1.0,0.21993845155904457,409.57932521320134,88.31639664488594
13340.0,8.0,610.0,655.0,2006.8775,0.98950286526379,1.0715977076132392,1800.3658367550465,1891.341364262068
13341.0,0.0,0.0,260.0,0.0,1.0,0.17942275969007276,409.57932521320134,72.04652332074139
13343.0,0.0,0.0,177.0,0.0,1.0,0.24079333054293262,409.57932521320134,96.69119094686988
13344.0,1.0,210.0,277.0,887.57,0.9007781877094586,0.39162522734683597,628.0509780575524,241.1310684309537
13345.0,0.0,0.0,287.0,0.0,1.0,0.16569322881072704,409.57932521320134,66.53322698575319
13346.0,4.0,134.0,596.0,63.375,0.21799828601603513,0.13822953919928993,142.64636166458422,19.33036062035044
13347.0,0.0,0.0,70.0,0.0,1.0,,409.57932521320134,
13348.0,0.0,0.0,64.0,0.0,1.0,,409.57932521320134,
13349.0,0.0,0.0,10.0,0.0,1.0,,409.57932521320134,
13350.0,1.0,63.0,79.0,332.55,0.9145468880392789,0.9477833169536684,374.3721028038534,347.86928457784177
13351.0,0.0,0.0,66.0,0.0,1.0,,409.57932521320134,
13352.0,0.0,0.0,60.0,0.0,1.0,,409.57932521320134,
13354.0,0.0,0.0,71.0,0.0,1.0,,409.57932521320134,
13355.0,0.0,0.0,122.0,0.0,1.0,0.31147830399496435,409.57932521320134,125.0769778166813
13356.0,0.0,0.0,80.0,0.0,1.0,,409.57932521320134,
13357.0,3.0,370.0,627.0,755.0966666666667,0.9112967810731052,0.43316891858949996,657.0914286586124,279.0368129762143
13358.0,0.0,0.0,268.0,0.0,1.0,0.17512291123120982,409.57932521320134,70.31985172886463
13359.0,1.0,340.0,403.0,439.56,0.9112709534793227,0.2894001345569064,423.2823698949462,120.09161149071753
13360.0,3.0,269.0,700.0,283.7,0.7288540417870626,0.31334940382026183,319.40539520799894,98.11805325071322
13361.0,1.0,145.0,617.0,633.25,0.6473203706181639,0.14103220583787288,511.81082174873336,70.76328735305697
13362.0,6.0,416.0,425.0,764.2683333333334,0.9907843217199579,1.2129253446016586,705.6517149534791,839.0823511737194
13363.0,2.0,392.0,409.0,496.25,0.9692888750342467,0.4884938409700634,463.95437127839284,222.185828961654
13364.0,0.0,0.0,71.0,0.0,1.0,,409.57932521320134,
13365.0,1.0,184.0,217.0,1524.77,0.913860203675818,0.4820444600350886,919.2912564469021,434.4408795319166
13366.0,0.0,0.0,50.0,0.0,1.0,,409.57932521320134,
13367.0,0.0,0.0,431.0,0.0,1.0,0.11768708317852562,409.57932521320134,47.25594259279252
13368.0,3.0,167.0,423.0,219.6,0.7845902615657908,0.5291478894964473,273.4872199751427,141.87148320846376
13369.0,0.0,0.0,365.0,0.0,1.0,0.1357045332205436,409.57932521320134,54.49095011943491
13370.0,0.0,0.0,371.0,0.0,1.0,0.13384154431334586,409.57932521320134,53.74285332451236
13371.0,1.0,127.0,632.0,1108.65,0.6036767094525304,0.12869174535359518,729.0983740812771,91.98497311212994
13372.0,0.0,0.0,89.0,0.0,1.0,,409.57932521320134,
13373.0,5.0,673.0,733.0,1367.7540000000001,0.984654490993976,0.628264541044937,1183.8138177100454,729.1268247895731
13374.0,1.0,35.0,449.0,123.2,0.4558122613092365,0.13179031272090405,278.6860508879551,36.00654928141591
13375.0,1.0,356.0,444.0,778.65,0.9050087952864561,0.2642403420518711,578.2677214314256,149.79970397238162
13376.0,2.0,135.0,234.0,321.88,0.9219299290251264,0.7374094727207748,354.5589292132342,256.32108075672653
13377.0,1.0,249.0,645.0,737.56,0.7708791206028148,0.16132565292529694,559.4870198636,88.48575649658265
13379.0,2.0,110.0,136.0,218.135,0.9599092179669838,1.1442237239912236,289.4718721675848,324.7211511705957
13380.0,0.0,0.0,432.0,0.0,1.0,0.11745083742951146,409.57932521320134,47.16107726274208
13381.0,11.0,707.0,738.0,746.0881818181817,0.9931667839081905,1.2987149671643514,713.2905654542235,908.1487851532036
13382.0,4.0,451.0,731.0,283.135,0.911611057860229,0.47988120306191184,312.0873067865698,146.82065330580951
13383.0,0.0,0.0,543.0,0.0,1.0,0.09605132262035584,409.57932521320134,38.5680773928171
13384.0,9.0,470.0,500.0,633.7355555555555,0.9909951237044341,1.5264956856158245,607.5994475321454,909.2676345404708
13385.0,0.0,0.0,329.0,0.0,1.0,0.1480721118108584,409.57932521320134,59.457259807288565
13386.0,1.0,23.0,437.0,521.76,0.4117644401851295,0.12190297392469225,460.8529142822729,55.07565384941815
13387.0,0.0,0.0,417.0,0.0,1.0,0.12109728318500539,409.57932521320134,48.62532203680053
13388.0,1.0,472.0,603.0,677.1,0.9009131817573799,0.20039837880833336,531.8530160478122,104.48795619518509
13389.0,2.0,221.0,232.0,270.03499999999997,0.9691791680063069,0.7804400912687801,322.03265351289497,246.39208773787095
13390.0,0.0,0.0,74.0,0.0,1.0,,409.57932521320134,
13391.0,0.0,0.0,203.0,0.0,1.0,0.21748209618080805,409.57932521320134,87.3299908033561
13392.0,0.0,0.0,677.0,0.0,1.0,0.07873647945058339,409.57932521320134,31.615360848148065
13393.0,3.0,149.0,732.0,374.1766666666667,0.30852010632111126,0.12730772402445117,384.21855331228477,47.952433747446065
13394.0,18.0,737.0,738.0,350.9538888888889,0.9973310305082983,2.087897796002944,354.5832743981267,725.778365865362
13395.0,2.0,236.0,421.0,333.67499999999995,0.9062229767583669,0.4454143557957122,361.95882162109416,158.0538709426469
13396.0,1.0,290.0,319.0,973.72,0.9197490396890623,0.3560714479946077,667.4269196508393,232.9844604061248
13397.0,9.0,616.0,688.0,318.7633333333333,0.9860226693983213,1.139014761996118,329.35227199633727,367.7622107986564
13398.0,1.0,256.0,448.0,457.34000000000003,0.8568601514369284,0.24822977720006228,431.4089426346867,104.98465438471032
13399.0,2.0,55.0,519.0,87.75,0.330956280201289,0.1353329121579495,207.67153544873577,27.55247359098741
13400.0,0.0,0.0,582.0,0.0,1.0,0.09027318755749748,409.57932521320134,36.24787881143928
13402.0,3.0,437.0,564.0,414.8433333333333,0.9610776127871348,0.5026540707366338,413.3502089462341,203.68845456337544
13403.0,2.0,706.0,723.0,75.45,0.9704416609326111,0.2940003496593389,199.9548184825062,57.63122163523135
13404.0,1.0,211.0,212.0,34.68,0.9284874797476684,0.49862331514338504,238.22687097109187,116.45390885948237
13405.0,5.0,650.0,724.0,213.47020000000003,0.9828102668687817,0.6342504922759684,251.1171439128792,156.14006589197845
13406.0,1.0,204.0,631.0,428.76,0.7287030254253432,0.15556814129323357,418.34609399004194,63.80231803589928
13407.0,2.0,83.0,661.0,430.34000000000003,0.3287888656441484,0.10812303443312886,422.6040610959383,44.795100495554806
13408.0,75.0,734.0,735.0,682.97096,0.9993221504143609,8.51854790410345,678.708371485318,5667.938749864342
13410.0,8.0,707.0,731.0,265.105,0.9921635373819575,0.9717391749966712,283.7838125516721,270.3424145647156
13411.0,0.0,0.0,107.0,0.0,1.0,0.3386161096105475,409.57932521320134,135.97519985655583
13412.0,0.0,0.0,620.0,0.0,1.0,0.08527511584589519,409.57932521320134,34.24091956607151
13413.0,3.0,48.0,687.0,137.31666666666666,0.04848836740441267,0.02120694896876463,214.54337412890993,4.460373233319185
13414.0,5.0,470.0,603.0,454.85599999999994,0.9658918196057511,0.7364226795098,446.1642655669021,322.10692914727974
13415.0,2.0,256.0,728.0,158.625,0.756930413777157,0.22786886611952709,252.13676430902206,56.324744773761424
13416.0,2.0,693.0,736.0,356.25,0.9677845578210942,0.28843277808367024,376.1218204432594,106.35334350218793
13417.0,4.0,665.0,669.0,266.34749999999997,0.9870608013585315,0.5635479761095109,299.1436870821862,165.26789590531098
13418.0,24.0,717.0,728.0,475.91,0.9972524029534666,2.7943100083244388,472.78178330775216,1295.1255086070594
13419.0,0.0,0.0,63.0,0.0,1.0,,409.57932521320134,
13420.0,1.0,21.0,170.0,104.05,0.7045760552787766,0.446223318807382,269.93330240842585,118.08704092845767
13421.0,5.0,623.0,663.0,656.726,0.986403194944168,0.6899860745531581,609.281410188904,412.13156265638025
13422.0,0.0,0.0,64.0,0.0,1.0,,409.57932521320134,
13423.0,0.0,0.0,428.0,0.0,1.0,0.11840156150632994,409.57932521320134,47.54284400951994
13424.0,0.0,0.0,449.0,0.0,1.0,0.11357508175582237,409.57932521320134,45.60475540189127
13425.0,4.0,471.0,579.0,641.7675,0.9707297856914813,0.6317998725041112,588.6027315747956,364.56953245553404
13426.0,20.0,730.0,730.0,378.28900000000004,0.9976578742679756,2.3358893661778963,380.0432706118584,870.2857586834534
13427.0,5.0,703.0,722.0,182.106,0.9886416042108476,0.639637269922086,225.7739094186334,141.57439343065528
13428.0,1.0,504.0,514.0,218.47,0.9269532012269005,0.23790420000191487,322.23040324538346,75.15368186100886
13429.0,3.0,65.0,75.0,225.4,0.977187250969876,2.312530786394106,277.6420626639191,629.4644880192357
13430.0,1.0,68.0,86.0,343.14,0.9133473892796348,0.9023255502491706,379.2123955661623,335.46578731963433
13431.0,6.0,592.0,659.0,503.79833333333335,0.9845228524347909,0.8150889130916896,488.22751067836225,390.12587520346585
13432.0,1.0,41.0,612.0,308.8,0.3693350348861323,0.08106189486399232,363.51686643890196,28.88827525211107
13433.0,3.0,195.0,696.0,187.70666666666662,0.5208165741896601,0.22508809807210148,250.64036086812402,55.30716172227986
13434.0,4.0,581.0,655.0,331.92,0.9792283567896412,0.5699622409480927,349.70187043680676,195.39880994108296
13435.0,8.0,495.0,500.0,518.9225,0.9935017788902432,1.3717256453744846,504.78572751372366,678.817733895618
13436.0,0.0,0.0,1.0,0.0,1.0,,409.57932521320134,
13437.0,6.0,176.0,190.0,327.86,0.988121963313257,2.330204039632961,341.3650999343601,779.8298594973407
13438.0,0.0,0.0,547.0,0.0,1.0,0.09542485663549707,409.57932521320134,38.31652084627977
13439.0,2.0,271.0,526.0,351.16499999999996,0.8850653188398494,0.3576240530195668,372.93161672185477,130.7482921199805
13440.0,2.0,28.0,451.0,25.275,0.25516743036628875,0.11811321734592263,168.47625963855748,19.508255516178632
13441.0,1.0,340.0,431.0,296.64,0.9031458473037932,0.2706137809596389,357.9589854200468,94.9656017791649
13442.0,2.0,71.0,738.0,110.935,0.22943632195626604,0.06820938530798643,222.21723324239696,14.85935170279497
13443.0,5.0,229.0,677.0,210.07799999999997,0.3396749881641152,0.2331121191398458,248.37614238721036,56.76128848024342
13444.0,1.0,132.0,506.0,496.39,0.688868895890049,0.17927812647857067,449.25723653158576,78.95945688582229
13445.0,0.0,0.0,626.0,0.0,1.0,0.08453612015088521,409.57932521320134,33.94417879133687
13446.0,10.0,233.0,663.0,334.07,0.014163104569285814,0.018677520306805244,342.0872740404541,6.263734642558244
13447.0,2.0,12.0,35.0,452.71500000000003,0.9442480531739399,2.2791505083911314,436.6415848454819,975.6770025738087
13448.0,10.0,717.0,733.0,830.7520000000001,0.9940831705592594,1.1957722295765203,786.0335928021769,921.4384225360828
13449.0,0.0,0.0,23.0,0.0,1.0,,409.57932521320134,
13450.0,12.0,577.0,603.0,323.3666666666666,0.9934719052165539,1.6962606476637834,331.13217722422263,550.6448510113673
13451.0,10.0,602.0,628.0,631.798,0.9928351279130083,1.3755391259248888,608.2037219735182,820.1617366833291
13452.0,2.0,213.0,472.0,295.0,0.8568060118436073,0.38107004312244536,337.69507945288854,126.15672949847107
13453.0,2.0,237.0,402.0,178.49,0.9155756431257633,0.46835273168117564,264.59957589716436,121.49106370788357
13454.0,0.0,0.0,641.0,0.0,1.0,0.08274349986162516,409.57932521320134,33.22435981668961
13455.0,5.0,706.0,730.0,522.1160000000001,0.988238704695594,0.6329340684082675,500.5124061884698,310.5635351863111
13456.0,5.0,190.0,207.0,311.812,0.9857372858067665,1.8506618858357715,330.5803311769005,599.7777632786731
13457.0,1.0,49.0,737.0,35.72,0.33354672254019735,0.06179273169391873,238.7022160582308,14.460152543960788
13458.0,15.0,381.0,388.0,709.1293333333334,0.9959875306689605,3.105402692853554,687.1480346020252,2091.935753731561
13459.0,1.0,58.0,682.0,529.62,0.3904559335537398,0.07766365151934172,464.44542619084206,35.361610337586534
13460.0,1.0,20.0,49.0,75.98,0.8877839503293371,1.1648694642106272,257.1035556815127,293.6260661248715
13461.0,5.0,559.0,597.0,764.68,0.9862014028419587,0.7587333568321921,696.5115495386023,518.0786367470973
13462.0,4.0,473.0,725.0,245.5075,0.9285215655048973,0.49249997980727617,283.07547950873254,136.6739724627335
13464.0,4.0,560.0,618.0,699.5749999999999,0.9810196968014261,0.6019836167590591,633.1738884511113,373.66795951273605
13465.0,1.0,140.0,586.0,319.62,0.6556641054550637,0.1496558762187816,368.46228359548195,54.058927993805845
13466.0,3.0,444.0,628.0,250.34666666666666,0.9479379353731823,0.44993459916608536,295.512661906909,130.3478552384297
13467.0,1.0,26.0,36.0,301.25,0.9161758545986307,1.3590264287858471,360.06604393130687,479.7583172506109
13468.0,69.0,735.0,736.0,189.51144927536234,0.9992685177937627,7.832674997088426,193.2359546246829,1483.7967499856109
13469.0,0.0,0.0,653.0,0.0,1.0,0.08136324942066181,409.57932521320134,32.67012672029445
13470.0,1.0,16.0,115.0,49.5,0.7709260128533478,0.6381877250819822,245.00053846282157,153.29010566084798
13471.0,3.0,46.0,47.0,529.97,0.982030561392304,2.9134782123601286,495.82144847781956,1416.2512360174928
13472.0,1.0,92.0,555.0,330.06,0.5686575563688985,0.1362899858227462,373.2340169702227,49.868487296821954
13473.0,6.0,664.0,724.0,378.17,0.9862572996593173,0.7491623961963129,383.3607682150877,281.55334894579187
13474.0,2.0,259.0,495.0,149.37,0.8896885538362347,0.37942012855154017,246.3304053234566,91.62604044589517
13475.0,3.0,107.0,298.0,371.5533333333333,0.7808450917314925,0.7084894641555015,382.3393227398324,265.5621785424935
13476.0,4.0,466.0,644.0,455.1675,0.952944753099515,0.5632815377869802,444.7290495591307,245.58338459443402
13477.0,9.0,646.0,683.0,267.94111111111107,0.9913271338564565,1.15280922932339,284.4558056095029,321.47659997592507
13478.0,3.0,208.0,677.0,609.8633333333333,0.5881625754253264,0.26071072610565466,553.0532125954014,141.35260009852965
13479.0,3.0,277.0,477.0,154.67,0.9121868528378697,0.5537978157860326,226.9744724264788,123.22771582472615
13480.0,1.0,263.0,679.0,133.88,0.77002809037997,0.15378029960491918,283.5674792828048,42.75005649472618
13481.0,8.0,690.0,735.0,439.955,0.9900885146270333,0.9648512629554273,436.02778639553514,412.43106419044796
13482.0,1.0,395.0,627.0,184.64,0.8689477448938736,0.1865812651314851,306.76797603585476,56.11231365730467
13483.0,0.0,0.0,65.0,0.0,1.0,,409.57932521320134,
13484.0,2.0,398.0,639.0,312.47,0.9192490276298473,0.3117537338882856,348.655327046387,106.55818069834723
13485.0,8.0,503.0,736.0,356.74,0.8927162969488108,0.8688733779093426,363.5714965275508,309.6871215240427
13486.0,2.0,77.0,155.0,460.125,0.91425353758125,0.9951705292710529,441.2904362861129,430.54024974605625
13487.0,4.0,677.0,734.0,185.73000000000002,0.9822649091902609,0.5151302477933272,236.98539897983972,119.6784425345515
13488.0,18.0,666.0,683.0,846.5083333333333,0.9959943443520596,2.2386786918160917,819.458917413179,1798.4394974038205
13489.0,3.0,189.0,294.0,124.08,0.9403400616906595,0.8627406484680684,205.061259004122,173.43943904630112
13490.0,0.0,0.0,654.0,0.0,1.0,0.08125030499420188,409.57932521320134,32.62477443590376
13491.0,26.0,681.0,732.0,167.10230769230768,0.9895581494282049,2.982667236775372,177.69653463094403,519.5893746510175
13492.0,2.0,78.0,214.0,477.27,0.8516348330904223,0.7301948957545749,452.0467868866011,323.6013395444147
13493.0,1.0,12.0,287.0,439.28,0.5010683457704623,0.21164679557772567,423.1543923714857,87.80065834253304
13494.0,0.0,0.0,311.0,0.0,1.0,0.15514263121109734,409.57932521320134,62.29650284336744
13495.0,9.0,725.0,732.0,546.9000000000001,0.9942062389379945,1.0849696741889134,530.8887207926641,564.6741353760459
13496.0,1.0,349.0,359.0,152.32,0.9262195313362918,0.3247067161349359,291.995713327845,92.95069167917798
13497.0,5.0,387.0,669.0,220.67600000000002,0.8640717828928796,0.5994676811930242,256.93965107450407,150.99914223009515
13498.0,0.0,0.0,730.0,0.0,1.0,0.07349672263995158,409.57932521320134,29.51136878672702
13499.0,4.0,252.0,269.0,250.22,0.9839293973760534,1.2367708435488067,286.7089453527777,347.62797078699987
13500.0,3.0,378.0,401.0,388.92333333333335,0.9791342276958389,0.6915961229862435,394.78236024053,267.66506719057065
13501.0,2.0,282.0,570.0,1144.97,0.8739283177356771,0.3286263787406424,870.9453168338766,280.5904363489244
13502.0,4.0,532.0,548.0,118.15,0.985745490328952,0.674072587432666,184.8793784513369,122.17266002373856
13503.0,4.0,590.0,661.0,243.5925,0.9797487075065563,0.5655456526706071,281.5989623540702,156.1264711184829
13504.0,0.0,0.0,64.0,0.0,1.0,,409.57932521320134,
13505.0,3.0,160.0,232.0,1127.98,0.9529343384917457,1.0575075089809194,924.2072202562963,958.1621686949779
13506.0,4.0,144.0,460.0,302.97,0.5079369284647995,0.4056753717022968,327.3806319890388,130.2001961962844
13507.0,3.0,142.0,145.0,412.26,0.9816808164926311,1.5434352695737945,411.49963246129056,622.6571815164043
13508.0,1.0,399.0,642.0,110.97,0.8665179793906135,0.18211028082386113,273.09617548823485,48.756220938870264
13509.0,7.0,499.0,507.0,139.96,0.9922908780505203,1.1967572177580559,179.07590904912087,210.098079875449
13510.0,9.0,717.0,718.0,476.84333333333336,0.9946124835622474,1.1048496302512498,469.0005025557535,507.9879009157959
13511.0,0.0,0.0,676.0,0.0,1.0,0.07884253618353829,409.57932521320134,31.65794734664034
13512.0,3.0,323.0,583.0,186.6966666666667,0.8956492138357448,0.4546796851727455,249.9168451585268,111.39864925556154
13513.0,2.0,529.0,655.0,262.475,0.954215551760324,0.31641371354262604,317.28969576779775,98.42149198535837
13514.0,3.0,609.0,682.0,156.53333333333333,0.9748523966538218,0.4292202268335002,228.30927533626385,96.06864783864884
13515.0,5.0,572.0,644.0,215.544,0.9819601149877858,0.7053132232080674,252.792837847179,174.79321298796245
13516.0,3.0,396.0,417.0,463.1366666666667,0.979586272470368,0.6688992594557868,447.94524393186185,293.7424788591852
13517.0,2.0,120.0,179.0,513.28,0.9428965306158857,0.9249231232025117,474.6385737121237,430.3866207620613
13518.0,0.0,0.0,85.0,0.0,1.0,,409.57932521320134,
13519.0,1.0,364.0,442.0,122.75,0.9082136422256042,0.26622301403312615,278.48037272525073,72.68137067548564
13520.0,10.0,664.0,722.0,632.0,0.9892465527250697,1.2066119680208607,608.3842744324153,719.6518138123307
13521.0,2.0,9.0,10.0,402.885,0.9710332000904895,3.1439108309498036,405.3794705018055,1249.5320853492756
13522.0,0.0,0.0,30.0,0.0,1.0,,409.57932521320134,
13523.0,4.0,369.0,402.0,1132.9575,0.982305703378984,0.8822067067579253,967.3235990414323,836.6100948377853
13524.0,4.0,179.0,219.0,130.245,0.9745442189218328,1.4415865272076933,194.2049528563715,274.46511879110835
13525.0,1.0,234.0,248.0,345.9,0.9236757513075465,0.4388619297356254,380.47388829741556,163.69734603662351
13526.0,0.0,0.0,738.0,0.0,1.0,0.07276580952758933,409.57932521320134,29.217875679057347
13527.0,10.0,654.0,687.0,446.494,0.9923132374342282,1.2667761708760594,442.57454948121483,549.6210620267449
13529.0,1.0,126.0,204.0,126.66000000000001,0.8803862566054375,0.4868904226251893,280.2674874278596,133.78122426810796
13530.0,0.0,0.0,634.0,0.0,1.0,0.08357049665199509,409.57932521320134,33.55643672663938
13531.0,4.0,531.0,736.0,356.705,0.9515958745004707,0.49779886086538544,368.8117804515884,179.98485284492486
13532.0,0.0,0.0,33.0,0.0,1.0,,409.57932521320134,
13533.0,1.0,85.0,267.0,124.15,0.7752273036934745,0.3472108321265295,279.12026034255314,95.0107298377318
13534.0,25.0,518.0,520.0,301.12080000000003,0.9979609148012236,3.946674908457205,306.0404859979526,1184.100069204013
13535.0,0.0,0.0,402.0,0.0,1.0,0.1249775885433314,409.57932521320134,50.18347725377235
13536.0,6.0,74.0,75.0,498.8533333333333,0.9914470894652438,4.280059349022675,484.099731317436,2031.3321963246021
13537.0,1.0,26.0,451.0,302.0,0.414614501523128,0.1194136621745226,360.4088408691474,42.19220247070392
13538.0,11.0,632.0,675.0,226.2681818181818,0.9913287881749059,1.4068560492861486,244.1344829223038,336.70989443247794
13539.0,6.0,505.0,590.0,205.97833333333335,0.9796131740659291,0.8966077620656986,239.6258424739039,210.62710274211867
13540.0,1.0,188.0,655.0,263.14,0.6962100452436749,0.1436748272507132,342.6473888631679,48.26228994076137
13541.0,1.0,143.0,570.0,474.9,0.6703322172812847,0.15686116381815018,439.4349616059939,67.5757483814628
13542.0,16.0,353.0,729.0,239.26624999999999,0.007248741859143843,0.013701423428397651,251.03687905732275,3.3719399664199234
13543.0,1.0,53.0,687.0,851.16,0.3712431061028269,0.07335096093661159,611.409329381852,43.9660407119562
13544.0,4.0,605.0,644.0,158.67000000000002,0.9836269507620078,0.5814176526307839,216.1214020058639,123.18673787067125
13545.0,1.0,154.0,544.0,250.5,0.7038006444293161,0.17172822431262474,336.87011780409483,56.713356734367636
13546.0,4.0,412.0,424.0,224.9325,0.9858481066955782,0.8454648312225115,267.2115941525037,221.478423338357
13547.0,0.0,0.0,408.0,0.0,1.0,0.12339598066025656,409.57932521320134,49.54837463201599
13548.0,2.0,375.0,471.0,341.205,0.9535904540590877,0.4249079873451823,366.6829581052981,152.74482914607134
13549.0,7.0,362.0,387.0,131.17142857142858,0.9893067848774528,1.510788569948106,171.56236848267278,254.10098207075987
13550.0,0.0,0.0,383.0,0.0,1.0,0.1302650446336998,409.57932521320134,52.30668582096297
13551.0,1.0,347.0,666.0,91.80000000000001,0.8344461944961045,0.1696098677475175,264.3342857570298,43.95257384072574
13552.0,13.0,592.0,658.0,480.45846153846156,0.9866070824795079,1.6792084264272487,474.52408794301,781.1600389511866
13553.0,0.0,0.0,674.0,0.0,1.0,0.07905550940806474,409.57932521320134,31.74346558341808
13554.0,5.0,66.0,446.0,306.366,0.039389473046969624,0.03927878377813882,326.179796329665,12.560156746358174
13555.0,8.0,616.0,689.0,1022.83875,0.9855439799015306,1.019107000573732,943.5515975994975,942.6762690274279
13556.0,1.0,6.0,435.0,93.6,0.327427052489364,0.09732294040773787,265.1569984078472,25.298884935948685
13557.0,11.0,703.0,731.0,250.88727272727274,0.9934436942418824,1.3105186283176915,266.35409018329085,342.1994382483554
13558.0,3.0,63.0,68.0,134.35666666666665,0.9799872405491853,2.4426652634637667,212.42297165325851,508.70374513575894
13559.0,1.0,31.0,543.0,660.0,0.3714928263739722,0.09079388183961494,524.0372458650471,46.644446039159156
13560.0,0.0,0.0,7.0,0.0,1.0,,409.57932521320134,
13561.0,9.0,434.0,649.0,180.13555555555556,0.8524209923122437,1.038559136567467,206.88817866985306,210.6416629951296
13562.0,6.0,613.0,694.0,649.7966666666667,0.9828372117716789,0.7761160824576492,610.0978659994867,464.1982014410346
13563.0,1.0,56.0,140.0,466.65,0.8429863413908473,0.6123407951657669,435.6641952897476,261.5417948009267
13564.0,25.0,593.0,737.0,685.2156,0.7653033361269339,2.2063052805910544,672.712720037998,1455.029239522969
13565.0,2.0,392.0,411.0,120.11,0.9689525536647766,0.4862689656389307,227.97340219891373,108.67826265660243
13566.0,4.0,599.0,639.0,354.25,0.9834817745607021,0.585466539045028,366.91890859012824,210.59602984158332
13567.0,2.0,113.0,541.0,333.9,0.5663620684020586,0.22317550646315515,362.0999810777935,79.22366636684859
13568.0,0.0,0.0,173.0,0.0,1.0,0.24483172107690193,409.57932521320134,98.31291483303619
13569.0,3.0,411.0,428.0,218.42666666666665,0.9802703625203443,0.6544009600872469,272.64670007488445,174.91420919287222
13570.0,0.0,0.0,243.0,0.0,1.0,0.18930078879730222,409.57932521320134,76.01321368380192
13571.0,25.0,719.0,731.0,177.412,0.9972414396352516,2.8966694825522734,187.943125485878,533.7057729576734
13572.0,0.0,0.0,205.0,0.0,1.0,0.21587483967410642,409.57932521320134,86.68456062913484
13573.0,4.0,587.0,637.0,208.655,0.9822713239254851,0.5864142996553668,254.66119833787354,146.40144221445922
13574.0,0.0,0.0,411.0,0.0,1.0,0.12262010525470475,409.57932521320134,49.23681814839139
13575.0,4.0,153.0,176.0,160.88,0.9798995859342028,1.7095444696418172,217.82537219479536,365.07087444004526
13576.0,27.0,721.0,731.0,415.6644444444445,0.9975487006144783,3.123508854243927,415.4080074281455,1272.0204812547981
13577.0,10.0,700.0,725.0,338.942,0.9932850910520247,1.2069300759280888,346.44198483127616,409.9108603954541
13578.0,0.0,0.0,409.0,0.0,1.0,0.12313626602353894,409.57932521320134,49.44408496168795
13579.0,4.0,645.0,659.0,288.8725,0.986194256049234,0.5708409922372163,316.51107554629584,177.1258328485172
13580.0,0.0,0.0,406.0,0.0,1.0,0.12391871310419501,409.57932521320134,49.7582804211622
13581.0,1.0,105.0,414.0,118.0,0.6982313627410839,0.2166462825583363,276.30932545226045,58.685430900227885
13582.0,1.0,228.0,617.0,164.18,0.7621489428688794,0.16604999853033342,297.416475571564,48.41546820485863
13583.0,1.0,524.0,679.0,781.03,0.8986379338220749,0.17946463567493107,579.3555303808396,101.93037131654219
13584.0,2.0,369.0,675.0,195.575,0.8934682197892879,0.28825516003183993,275.31828397586617,77.80197891856389
13585.0,2.0,208.0,738.0,335.895,0.6611451779734613,0.1965526025016436,363.3515949271941,70.01383386593577
13586.0,0.0,0.0,541.0,0.0,1.0,0.09636765189657807,409.57932521320134,38.69509900970857
13587.0,2.0,600.0,663.0,552.6,0.9647151226489037,0.3163765459206165,499.306972989534,154.86401585344908
13588.0,8.0,240.0,255.0,295.70625,0.9908726305629866,2.4198323263472488,310.42868475407136,736.4289637385749
13589.0,5.0,719.0,733.0,170.318,0.9890631853716182,0.6310775342066102,216.24884427371757,133.7869144129891
13590.0,16.0,727.0,738.0,373.89437499999997,0.9962991471228563,1.8620442630266039,376.36062318066854,687.0221588768685
13591.0,6.0,661.0,725.0,340.12333333333333,0.9857605883140584,0.7478359381194899,351.60177015265975,257.7712270499216
13592.0,3.0,229.0,264.0,57.080000000000005,0.9739074629078328,0.9752920930509995,157.06566242687757,150.1761332176287
13593.0,12.0,539.0,647.0,420.24500000000006,0.9688786083508241,1.551859295712833,419.2843010544312,637.878852163665
13594.0,1.0,433.0,485.0,396.97,0.9171887224837897,0.24781871733158034,403.8160744514396,98.106961604665
13595.0,2.0,130.0,646.0,135.265,0.5218550379174675,0.1752375024047998,237.4812758268169,40.79765395360291
13596.0,1.0,7.0,12.0,285.44,0.9208359205209378,1.8005411676860141,352.83988448162756,622.8747992801366
13597.0,1.0,2.0,402.0,16.5,0.33028464482192166,0.10511615524295063,229.91747319783642,23.69328249700972
13598.0,3.0,604.0,651.0,173.74,0.9778092638691671,0.4491853924359007,240.63530864630047,105.96517913479244
13599.0,22.0,737.0,738.0,433.0081818181818,0.9978132908003026,2.5369739222174115,431.80795293664266,1073.9477042033145
13600.0,1.0,322.0,634.0,219.51999999999998,0.8302658882648135,0.17648935205835997,322.7103189583603,55.83562784242545
13601.0,3.0,501.0,546.0,325.8533333333333,0.9771084679841752,0.5261165569952309,349.6020277610254,180.31637299890778
13602.0,3.0,496.0,560.0,285.2633333333333,0.9743717890399759,0.5128734187155665,320.5252924614679,161.15789565267687
13603.0,0.0,0.0,26.0,0.0,1.0,,409.57932521320134,
13604.0,0.0,0.0,658.0,0.0,1.0,0.08080164679337273,409.57932521320134,32.444617951479934
13605.0,1.0,184.0,571.0,352.78,0.7327120788745879,0.17118863587363384,383.6184788738731,64.3806358209666
13606.0,2.0,282.0,311.0,105.26,0.9656011200176036,0.6137672470091922,218.6568780567585,131.56828943469537
13607.0,1.0,362.0,402.0,678.01,0.9184012289723306,0.29228971940861076,532.2689429990587,152.52058205267332
13608.0,0.0,0.0,540.0,0.0,1.0,0.09652659955141336,409.57932521320134,38.758924246417195
13609.0,0.0,0.0,593.0,0.0,1.0,0.08876710471650591,409.57932521320134,35.643115568480724
13610.0,13.0,691.0,703.0,140.7023076923077,0.9954886547474603,1.5948859261041013,163.21410391224984,255.19029414012994
13611.0,9.0,647.0,736.0,331.28888888888895,0.983519814152412,1.0679398712605241,340.4173761847672,356.39802939918576
13612.0,0.0,0.0,632.0,0.0,1.0,0.08380982767727521,409.57932521320134,33.65253907446146
13613.0,2.0,208.0,660.0,285.925,0.7191859379729902,0.23683261671736033,332.0016480326826,77.08331538510934
13614.0,5.0,527.0,551.0,410.86800000000005,0.9876205920953077,0.8166665786716977,410.62061392162246,328.74879746276116
13615.0,7.0,362.0,680.0,780.6257142857143,0.6642405607436619,0.6147870602205323,726.7949408554776,438.0401151173138
13616.0,1.0,123.0,691.0,105.85,0.5623506574068304,0.1105222644048644,270.75601505924317,29.336435069788173
13617.0,7.0,455.0,495.0,166.65,0.987817952228171,1.216946742601723,201.89376964777978,240.8648889963605
13618.0,0.0,0.0,173.0,0.0,1.0,0.24483172107690193,409.57932521320134,98.31291483303619
13619.0,1.0,130.0,674.0,128.95,0.5865730821028746,0.11793587343657155,281.3141607447328,32.5249876052322
13620.0,0.0,0.0,528.0,0.0,1.0,0.09847571700874509,409.57932521320134,39.541590464079555
13621.0,0.0,0.0,116.0,0.0,1.0,0.3217923400057461,409.57932521320134,129.2189619753525
13622.0,0.0,0.0,696.0,0.0,1.0,0.0767742806132376,409.57932521320134,30.827451189945318
13623.0,9.0,707.0,737.0,214.38333333333333,0.9923181426009704,1.0761479033462296,237.14274324006283,250.18344600826106
13624.0,0.0,0.0,388.0,0.0,1.0,0.12883067455678865,409.57932521320134,51.730705630936534
13625.0,0.0,0.0,596.0,0.0,1.0,0.08836504081056883,409.57932521320134,35.48166805317919
13626.0,1.0,127.0,379.0,257.23,0.7630823174169344,0.25545181650754445,339.94614899298426,85.13408417995038
13627.0,6.0,581.0,640.0,323.5833333333333,0.9854801611602045,0.8379047983397723,337.79520379680133,277.4762580972563
13628.0,0.0,0.0,676.0,0.0,1.0,0.07884253618353829,409.57932521320134,31.65794734664034
13629.0,18.0,643.0,666.0,706.1588888888889,0.9952635898682719,2.289152137609005,687.7982311568761,1543.5215903489038
13630.0,6.0,280.0,285.0,288.7733333333333,0.9910322549356883,1.7002596618028651,308.737974362253,514.6221024672755
13631.0,6.0,168.0,267.0,498.40333333333336,0.9182126540532173,1.6610733181235193,483.72409922190184,787.7169864224068
13632.0,7.0,587.0,611.0,468.8514285714286,0.9908794068220038,1.0108779230064626,460.25233352407923,456.11307857537554
13634.0,14.0,665.0,698.0,341.66785714285714,0.9935568960267126,1.7196360006856288,346.9793908697906,584.947729713808
13635.0,3.0,671.0,738.0,872.2633333333333,0.9762296757917164,0.3998181319958909,741.0240266531466,290.45061528004976
13636.0,4.0,249.0,285.0,198.655,0.9791664616911245,1.1743252350841444,246.9509259897672,284.3038722525814
13637.0,2.0,174.0,226.0,193.95,0.9535144071928773,0.7837131252661163,274.2987990108155,210.75048231660452
13638.0,0.0,0.0,15.0,0.0,1.0,,409.57932521320134,
13639.0,1.0,362.0,436.0,1033.34,0.9092096585456673,0.2697094951105494,694.6769908962458,183.68013663542388
13640.0,0.0,0.0,611.0,0.0,1.0,0.08640816695070933,409.57932521320134,34.695891977724884
13641.0,3.0,94.0,734.0,264.12333333333333,0.12779681823648606,0.052601928417102886,305.38160721306576,15.747879965599525
13642.0,1.0,217.0,432.0,354.8,0.8356089334101295,0.24987316513471125,384.54174529312365,94.19898802078583
13643.0,9.0,700.0,731.0,204.99666666666667,0.9921989833277184,1.0841414781518797,228.85054061575204,243.22863745124573
13644.0,3.0,89.0,105.0,591.0566666666667,0.9750671228541168,1.8967048103698374,539.5810157850127,1003.3469490372117
13645.0,0.0,0.0,120.0,0.0,1.0,0.3148418159017687,409.57932521320134,126.42771943504867
13646.0,0.0,0.0,399.0,0.0,1.0,0.12578370675412934,409.57932521320134,50.507178294764785
13647.0,6.0,594.0,603.0,459.3633333333334,0.9910849610563579,0.8894241499375374,451.1359280893317,393.3637367221622
13648.0,6.0,338.0,738.0,250.155,0.5471965763212472,0.408394584089703,276.5017844154982,110.70185108467578
13649.0,5.0,271.0,527.0,273.694,0.7990498494508476,0.6875737070641933,299.77981936879894,202.06940446321101
13650.0,8.0,666.0,682.0,347.85875,0.9927459493059538,1.0361890414364603,355.83848656071746,361.46736855222684
13651.0,2.0,346.0,381.0,47.099999999999994,0.9654815365802366,0.5171802716672805,182.16872693839167,92.36306817349694
13652.0,4.0,607.0,652.0,544.2225,0.9829953273658736,0.5745521286495214,513.3928799551919,289.17262527036104
13653.0,0.0,0.0,487.0,0.0,1.0,0.10577351277983733,409.57932521320134,42.472021104944005
13654.0,9.0,694.0,737.0,683.1133333333333,0.9909560837326246,1.0746707794960473,651.2198884204471,686.0880624065308
13655.0,5.0,477.0,591.0,351.486,0.9712617269181558,0.7540854090739909,362.6381386556408,268.08483968188204
13656.0,3.0,431.0,595.0,251.23333333333335,0.9519269542696721,0.4744506662826376,296.1478275133541,137.74578984639163
13657.0,1.0,191.0,201.0,229.8,0.9245380567452671,0.5170908975412171,327.4089223196951,165.97734000305786
13658.0,6.0,663.0,672.0,840.54,0.991160445791382,0.8060878667207715,769.3185726865651,607.9474280616881
13659.0,10.0,455.0,660.0,447.38500000000005,0.8559129718449505,1.1334092467936328,443.3709467132802,492.64175642148587
13660.0,0.0,0.0,400.0,0.0,1.0,0.12551384679449815,409.57932521320134,50.398814581765606
13661.0,0.0,0.0,603.0,0.0,1.0,0.08744091372766247,409.57932521320134,35.11058783519475
13662.0,6.0,573.0,658.0,324.94,0.9814007382591391,0.8136296446547941,338.9276650033379,270.3406251566093
13663.0,4.0,467.0,646.0,375.515,0.9527490011364534,0.5615794306084159,383.31480273837644,211.0302588078881
13665.0,2.0,118.0,504.0,539.425,0.6247486988714441,0.2622128164453805,491.04130258058484,126.22702303563923
13666.0,3.0,675.0,735.0,36.13333333333333,0.9769969384293885,0.4016345106265728,142.06047193476792,55.934765567204494
13667.0,0.0,0.0,149.0,0.0,1.0,0.272233785074984,409.57932521320134,109.31701240345814
13668.0,34.0,726.0,728.0,366.9011764705882,0.9985069753026935,3.9329303998996257,368.3419194773021,1420.181631717891
13669.0,2.0,357.0,407.0,109.27499999999999,0.9626884772986148,0.48722686346111943,221.1757901396375,105.64546165710195
13670.0,0.0,0.0,75.0,0.0,1.0,,409.57932521320134,
13671.0,0.0,0.0,394.0,0.0,1.0,0.12715061629745983,409.57932521320134,51.0560683881216
13672.0,2.0,429.0,730.0,93.19500000000001,0.9073345931612371,0.2724592831255034,211.08759430085934,56.38224581896367
13673.0,1.0,14.0,32.0,183.32,0.9018192097140217,1.3937410012079365,306.1646534252553,418.3604882603181
13674.0,0.0,0.0,432.0,0.0,1.0,0.11745083742951146,409.57932521320134,47.16107726274208
13675.0,1.0,133.0,284.0,178.38000000000002,0.8350818209295615,0.3557683132332989,303.9067642613454,105.99734045226722
13676.0,1.0,80.0,619.0,115.60000000000001,0.49480365969926654,0.10748790640887328,275.21237525117067,29.00065296411887
13677.0,1.0,116.0,520.0,282.23,0.6484690927175601,0.16472268187298902,351.37271358767,56.74178334443657
13678.0,0.0,0.0,151.0,0.0,1.0,0.26971754354411753,409.57932521320134,108.30653767800246
13679.0,2.0,242.0,735.0,77.23,0.7296948442949256,0.2177460069379856,201.0715466288386,42.92188937487265
13680.0,11.0,734.0,735.0,983.1318181818183,0.9956146440448944,1.3068055424490208,927.2308983107597,1187.8881831475283
13681.0,3.0,138.0,155.0,208.12333333333333,0.9767162274150041,1.4654091537677314,265.26588470074205,381.09276115219956
13682.0,0.0,0.0,187.0,0.0,1.0,0.23125828446474567,409.57932521320134,92.86214790275992
13683.0,0.0,0.0,457.0,0.0,1.0,0.11183840893171149,409.57932521320134,44.90739006318225
13684.0,3.0,336.0,621.0,135.48333333333332,0.8871589114739685,0.42538859736731116,213.23006178475646,88.92272166824218
13685.0,5.0,58.0,60.0,357.056,0.9891364691711882,4.068153928163813,367.1388693018217,1464.2888918295512
13686.0,2.0,219.0,401.0,91.80000000000001,0.9024434281527639,0.46262751003229324,210.21240566932357,95.33929809076808
13687.0,0.0,0.0,438.0,0.0,1.0,0.11605305762508879,409.57932521320134,46.599794008507416
13688.0,0.0,0.0,635.0,0.0,1.0,0.08345134319054043,409.57932521320134,33.508591169919114
13689.0,1.0,381.0,444.0,910.0,0.9129428993830192,0.26655690559387224,638.3028918119044,166.80137696177565
13690.0,0.0,0.0,59.0,0.0,1.0,,409.57932521320134,
13691.0,0.0,0.0,396.0,0.0,1.0,0.12660029999842912,409.57932521320134,50.8350857837715
13692.0,4.0,396.0,420.0,497.33000000000004,0.9840515347038431,0.8509000480544416,477.2374853468342,398.1014345681074
13693.0,8.0,358.0,732.0,229.78375,0.40014856410253097,0.3914187802552096,253.02918023178333,97.09326810332976
13694.0,82.0,732.0,735.0,2365.279512195122,0.9992303441859869,9.305944961901949,2337.353025648649,21323.631007799984
13695.0,14.0,546.0,577.0,178.86642857142857,0.9930358574477837,2.0433129567676493,196.91108828165537,394.4417181281297
13696.0,2.0,245.0,666.0,857.2,0.7788965843177185,0.25438837003941567,690.4055085922599,172.17895956538058
13697.0,0.0,0.0,38.0,0.0,1.0,,409.57932521320134,
13698.0,1.0,85.0,681.0,281.23,0.47316812435812655,0.0942417326675445,350.91565100388254,32.42093596044725
13699.0,1.0,395.0,550.0,308.58000000000004,0.8896715209914918,0.21496185738361742,363.41631267046876,76.5855654288118
13700.0,10.0,644.0,670.0,255.916,0.9930033114823927,1.297025637344191,272.2313489284031,346.14962102317645
13701.0,0.0,0.0,446.0,0.0,1.0,0.11424033022924693,409.57932521320134,45.87188777768493
13702.0,0.0,0.0,445.0,0.0,1.0,0.11446381610191417,409.57932521320134,45.96162917394773
13703.0,1.0,97.0,415.0,99.5,0.6801028976222385,0.21058136897112567,267.85366765219305,55.29693166041717
13704.0,8.0,83.0,88.0,277.4375,0.9919434642332784,5.093301763461731,294.5218669264473,1470.6558726073101
13705.0,6.0,617.0,624.0,297.48,0.991280908064574,0.8624413335362631,316.00575979584875,267.1790284102053
13706.0,1.0,324.0,626.0,330.79,0.8341300058982352,0.17936448373817787,373.5676726563875,65.68797466762801
13707.0,3.0,269.0,536.0,881.7866666666667,0.8669159563651262,0.47456318996271585,747.8460873208674,347.9250056846149
13708.0,0.0,0.0,271.0,0.0,1.0,0.17356319847641816,409.57932521320134,69.69352545842621
13709.0,11.0,694.0,697.0,662.2736363636363,0.9954748211698307,1.3718863221683237,637.6449500399493,857.5787100041637
13710.0,2.0,581.0,612.0,140.76,0.9684638905000731,0.34155744430404844,240.9287034470959,80.67359211393088
13711.0,7.0,506.0,724.0,237.96571428571428,0.9227047353586316,0.8063137949542442,262.86312247899804,207.78334028415838
13712.0,1.0,364.0,610.0,228.84,0.8601957893417538,0.1893559988372865,326.97014223925913,60.697036064125825
13713.0,2.0,175.0,583.0,246.39,0.709617810057358,0.26148069005235014,307.19836305220406,78.74770880625105
13714.0,0.0,0.0,465.0,0.0,1.0,0.11015408004466941,409.57932521320134,44.23104421136003
13715.0,15.0,357.0,638.0,509.01733333333334,0.09306844183405655,0.1867917513889247,501.7204663579258,91.87487550136488
13716.0,0.0,0.0,269.0,0.0,1.0,0.17459989731691025,409.57932521320134,70.10982752256417
13717.0,7.0,453.0,485.0,226.19,0.9890623030232928,1.2406826021191204,252.7958086153388,307.4749174718015
13718.0,1.0,49.0,295.0,192.5,0.6543828309734958,0.27025316978722713,310.36048794442394,82.2288361986745
13719.0,10.0,556.0,571.0,241.362,0.9938497628159582,1.500590383873355,259.2226336472813,381.3406077746615
13720.0,3.0,138.0,254.0,177.9,0.9139443441099648,0.9440371684839213,243.61533374721594,225.46495229349938
13721.0,1.0,359.0,395.0,524.14,0.9193982560332139,0.2970642181261207,461.9407232316869,134.53043478171804
13722.0,5.0,515.0,646.0,994.174,0.9691828360934921,0.694174524396482,881.9497324676245,600.1920823944424
13723.0,4.0,394.0,611.0,222.2425,0.9274887613253757,0.5750376893721383,265.1375308908631,149.46715692475414
13724.0,0.0,0.0,637.0,0.0,1.0,0.08321405308457124,409.57932521320134,33.41330836528442
13725.0,7.0,259.0,308.0,147.55857142857144,0.9797309007558365,1.8141395349752987,185.57209277359053,330.0393181417204
13726.0,1.0,62.0,100.0,786.98,0.8935516667887935,0.8073671692636273,582.0750527543748,460.7343123292751
13727.0,5.0,702.0,730.0,189.89000000000001,0.9878906165501156,0.6327111295119912,232.06361989437355,143.94271118935745
13728.0,15.0,694.0,730.0,181.34466666666668,0.9935134051845239,1.7628945504108193,198.09276906811118,342.35099024029296
13729.0,2.0,249.0,684.0,183.425,0.7736132865407547,0.24658509210575452,267.6956733141028,64.71226341773036
13730.0,1.0,26.0,161.0,445.84999999999997,0.7372023305790262,0.48554760631688343,426.1572935469691,202.85978192039482
13731.0,1.0,27.0,246.0,302.47,0.626339522141173,0.2995076722807097,360.62366028352756,105.88907058433509
13732.0,0.0,0.0,28.0,0.0,1.0,,409.57932521320134,
13733.0,1.0,325.0,735.0,337.93,0.7984462150360844,0.14828975075148523,376.8310995046297,54.78187832442523
13734.0,2.0,94.0,602.0,3211.020000000001,0.42709339386792744,0.15288787831516873,2167.134185783358,324.81648134701595
13735.0,11.0,702.0,726.0,847.2590909090909,0.9938137729458696,1.3193066433613947,804.6009178363634,1040.646018942359
13736.0,5.0,728.0,733.0,409.084,0.9897420584374954,0.6315106931258678,409.1790872658259,253.3210388846569
13737.0,0.0,0.0,200.0,0.0,1.0,0.21993845155904457,409.57932521320134,88.31639664488594
13738.0,0.0,0.0,396.0,0.0,1.0,0.12660029999842912,409.57932521320134,50.8350857837715
13739.0,1.0,509.0,527.0,216.9,0.9254265002011598,0.2322934517205378,321.5128149888372,73.21780278951826
13740.0,4.0,497.0,737.0,321.52,0.9369078947175163,0.48950341732682345,341.6831871947761,163.96705825869398
13741.0,2.0,146.0,217.0,252.735,0.9410352577741711,0.798231808610727,311.17905973112494,243.51592986740798
13742.0,10.0,304.0,320.0,266.184,0.9924943192991316,2.4788281238735634,281.40913431431477,683.8586148760443
13743.0,6.0,257.0,259.0,199.98000000000002,0.9915081413860125,1.838135818555071,234.61880576343088,422.78966644418983
13744.0,1.0,197.0,292.0,263.2,0.886295053639501,0.3691113395429925,342.6748126181952,124.00140440747049
13745.0,1.0,384.0,546.0,300.04,0.886751084066841,0.21565969931431972,359.5129982049241,76.00895273324798
13746.0,0.0,0.0,413.0,0.0,1.0,0.12210825694748767,409.57932521320134,49.031283081816866
13747.0,1.0,51.0,424.0,159.2,0.5395115524816672,0.16397251628750095,295.1403039043025,47.44417254459616
13748.0,7.0,643.0,738.0,299.32142857142856,0.9819866491543587,0.8431356345659629,315.31745501937166,260.6287611937745
13750.0,10.0,564.0,617.0,328.908,0.9887342188333728,1.3919918059836633,337.47335427398775,460.52555945870074
13751.0,0.0,0.0,288.0,0.0,1.0,0.1652250153016189,409.57932521320134,66.34520955031968
13752.0,6.0,403.0,527.0,197.71333333333337,0.9618994614849317,0.9742677501450551,232.7267329859251,222.28151620161418
13753.0,3.0,449.0,736.0,484.1233333333333,0.9173361948681162,0.37663721080267715,462.9790885114802,170.9472583575307
13754.0,2.0,286.0,437.0,141.3,0.9304389484289989,0.44271698076258786,241.2674861431743,104.71440904685386
13755.0,7.0,60.0,63.0,237.9557142857143,0.9916713247995527,5.393845126576819,262.85457326183854,1389.9901283477698
13756.0,20.0,722.0,724.0,451.2625,0.9975316108332454,2.353383935660701,448.9255614083044,1035.7232255938002
13757.0,0.0,0.0,674.0,0.0,1.0,0.07905550940806474,409.57932521320134,31.74346558341808
13758.0,14.0,727.0,738.0,601.4914285714285,0.9958726944207223,1.6376496865600492,586.4814804940567,941.5684794728227
13759.0,1.0,38.0,71.0,99.0,0.8906853695069555,0.9778294855425472,267.6251363602993,256.5635294306917
13760.0,4.0,539.0,593.0,266.33000000000004,0.9812873445759562,0.6250613033040713,299.13019410557706,183.29950482300313
13761.0,4.0,606.0,656.0,410.0675,0.9824356595836009,0.5710348474280221,409.95572126917097,229.49722008209312
13762.0,4.0,480.0,698.0,506.28,0.9419748457209977,0.5173391738817754,484.1381790983894,245.53999249088156
13763.0,2.0,372.0,435.0,1010.48,0.9604534612832327,0.45882932126409687,786.5696042494689,353.8097739119713
13764.0,4.0,572.0,642.0,500.005,0.9796222184707142,0.5806908606317185,479.29998319995264,272.85403880495846
13765.0,0.0,0.0,653.0,0.0,1.0,0.08136324942066181,409.57932521320134,32.67012672029445
13766.0,0.0,0.0,495.0,0.0,1.0,0.1042657791568008,409.57932521320134,41.866589505932026
13767.0,58.0,736.0,738.0,592.1160344827587,0.999075601497283,6.577883576778727,588.4525740694061,3794.6700717600306
13768.0,1.0,4.0,730.0,356.55,0.1767015358489817,0.03302399345465213,385.3416048147517,12.475402928598044
13769.0,17.0,721.0,723.0,328.59823529411767,0.9971088048693714,2.0131604271087795,333.88725930858726,658.953655937555
13770.0,3.0,308.0,730.0,203.67999999999998,0.778124187299273,0.32189378782521705,262.0828931466392,82.70444496039764
13771.0,6.0,588.0,652.0,809.8766666666667,0.98488569694316,0.8233623310366922,743.7227234508656,600.3155902420202
13772.0,6.0,621.0,654.0,425.27,0.9888794523788608,0.8243979268885827,422.6769275476711,341.6040368960555
13773.0,1.0,263.0,659.0,210.14000000000001,0.7779313425657334,0.159652082195361,318.4230719224342,49.837802741682026
13774.0,0.0,0.0,81.0,0.0,1.0,,409.57932521320134,
13775.0,0.0,0.0,590.0,0.0,1.0,0.08917284576440061,409.57932521320134,35.806039668244615
13776.0,0.0,0.0,428.0,0.0,1.0,0.11840156150632994,409.57932521320134,47.54284400951994
13777.0,45.0,737.0,737.0,1118.408888888889,0.9989693403984031,5.125674413343959,1100.1788390503277,5528.288555817584
13778.0,3.0,462.0,565.0,257.26,0.9670488831078998,0.5049731029634332,300.46504336468035,148.74460941370046
13779.0,0.0,0.0,515.0,0.0,1.0,0.10067812498186818,409.57932521320134,40.425966311310084
13780.0,2.0,400.0,407.0,180.00500000000002,0.9709584162901912,0.4914123674230939,265.5500495722731,127.93061909264378
13781.0,2.0,471.0,721.0,232.195,0.9261844945925403,0.28130701711733885,298.29276977288464,82.26240693356871
13782.0,12.0,721.0,733.0,138.44333333333333,0.9952145688828316,1.421985446093399,162.86561009609028,227.03939589337156
13783.0,3.0,186.0,673.0,351.06999999999994,0.5163828460109687,0.23013554423044363,367.6660420946997,82.949779436162
13784.0,13.0,441.0,450.0,193.92615384615385,0.9953688957579385,2.3800650478156666,211.98177010060738,494.614181394197
13785.0,2.0,32.0,460.0,231.13,0.2686030738036689,0.12219769827516634,297.6246150111745,35.654384650024944
13786.0,5.0,369.0,736.0,527.17,0.7544424871637543,0.47957114684142227,504.5961930261355,237.2324634395057
13787.0,5.0,619.0,694.0,211.632,0.9822670066920206,0.658990252204455,249.63182199657578,161.27101800694484
13788.0,0.0,0.0,505.0,0.0,1.0,0.1024405326151037,409.57932521320134,41.13366104915589
13789.0,0.0,0.0,388.0,0.0,1.0,0.12883067455678865,409.57932521320134,51.730705630936534
13790.0,0.0,0.0,4.0,0.0,1.0,,409.57932521320134,
13791.0,1.0,41.0,168.0,579.0,0.7757411511490865,0.4955257321931305,487.01517657826525,236.59326037492687
13792.0,2.0,356.0,422.0,97.775,0.9593239549174601,0.4705439805553513,213.96097346389442,98.69985828101086
13793.0,0.0,0.0,646.0,0.0,1.0,0.08216274226007617,409.57932521320134,32.9911592662221
13794.0,0.0,0.0,546.0,0.0,1.0,0.09558070538790142,409.57932521320134,38.37910168779795
13795.0,3.0,249.0,637.0,204.6,0.7457814337339865,0.34943780372230365,262.74193715934166,90.00727382242326
13796.0,0.0,0.0,499.0,0.0,1.0,0.10352792619179486,409.57932521320134,41.570304269168744
13797.0,2.0,211.0,647.0,412.48,0.734569134785693,0.24631952681848854,411.39913711082767,99.34384627610214
13798.0,98.0,730.0,731.0,768.9068367346938,0.9994662919297725,11.16604623659803,764.6034939146709,8369.742202862853
13799.0,8.0,528.0,644.0,303.15875,0.9721750785431765,1.0691941094223116,316.9176651090693,332.18534683872167
13800.0,2.0,427.0,736.0,600.4300000000001,0.9047090194222462,0.26963411817276667,529.3143366069942,139.91571856282533
13801.0,0.0,0.0,66.0,0.0,1.0,,409.57932521320134,
13802.0,17.0,523.0,661.0,1520.8441176470587,0.8954941751634563,1.9626756004861725,1448.265368960297,2786.5941213889328
13803.0,2.0,363.0,618.0,452.69000000000005,0.909119810301927,0.3178083472677796,436.6259004614042,136.0359923557295
13804.0,7.0,406.0,436.0,380.82714285714286,0.9889077479009752,1.362109889531543,384.9984601361027,514.1039585437572
13805.0,1.0,77.0,129.0,424.36,0.8853582786658447,0.6797599671477634,416.33501862137723,277.4569719895186
13806.0,0.0,0.0,63.0,0.0,1.0,,409.57932521320134,
13807.0,2.0,368.0,735.0,213.425,0.8713523619795519,0.26001759357414866,286.5169342073457,73.03500156382847
13808.0,4.0,91.0,96.0,293.55,0.9853730705222459,2.5810071260379592,320.1175554371226,810.0158003867912
13809.0,2.0,155.0,460.0,276.325,0.7721774192654954,0.3512927158952445,325.9788445468449,112.26377299116662
13810.0,1.0,28.0,56.0,246.01,0.8929555664907266,1.103122928668465,334.8179068028893,362.10985044054337
13811.0,2.0,56.0,239.0,277.875,0.7432996924102063,0.5847202695174925,326.9512763596624,187.42095773627574
13812.0,2.0,63.0,105.0,130.13,0.9415848806272972,1.3285832162467477,234.25970333725684,305.1284241048711
13813.0,7.0,694.0,733.0,354.6171428571429,0.9898594150594267,0.8552279634300343,362.59096196109897,304.00153800110263
13814.0,2.0,435.0,527.0,789.56,0.9568522369874854,0.3859767070299665,647.9698390316282,245.18617279573
13815.0,7.0,643.0,665.0,962.4114285714286,0.9912577453345917,0.9363390585354924,882.2074956474996,809.8065107212271
13816.0,1.0,41.0,64.0,199.98000000000002,0.9034492318625759,1.0461806284712796,313.7793160711539,321.83787523467504
13817.0,1.0,322.0,351.0,254.27999999999997,0.9205220950627605,0.3289228310431245,338.5978143708113,109.18507419814362
13818.0,0.0,0.0,429.0,0.0,1.0,0.11816243941177733,409.57932521320134,47.44682363495717
13819.0,5.0,437.0,738.0,404.05,0.8739829626882991,0.5541730752368502,405.11146104089323,220.08834339602151
13820.0,2.0,262.0,680.0,212.76500000000001,0.7944126098245899,0.2545755962130979,286.10286646769435,71.40316037433533
13821.0,5.0,560.0,704.0,220.30599999999998,0.9685634728949759,0.6413351550616072,256.6406797389409,161.35701929711956
13822.0,1.0,35.0,40.0,163.62,0.9231906658686447,1.3165412321242227,297.160520524643,383.5632441679629
13823.0,6.0,706.0,724.0,501.98333333333335,0.9905063198977065,0.7523899577914238,486.71246122637416,358.9984029987329
13824.0,11.0,605.0,637.0,292.52727272727276,0.992560791903963,1.4849880805215583,303.9356747253038,442.4681527585142
13825.0,1.0,109.0,730.0,112.22999999999999,0.5093022446129101,0.09518419809837382,273.67207434380697,25.537267722604952
13826.0,0.0,0.0,176.0,0.0,1.0,0.2417903585440754,409.57932521320134,97.09157401143399
13827.0,2.0,86.0,143.0,149.655,0.9360976763486186,1.078068951727819,246.5092073019424,260.5387685688661
13828.0,0.0,0.0,22.0,0.0,1.0,,409.57932521320134,
13829.0,0.0,0.0,421.0,0.0,1.0,0.12010292449607271,409.57932521320134,48.22603306691412
13830.0,0.0,0.0,581.0,0.0,1.0,0.09041264343769648,409.57932521320134,36.303876947522745
13831.0,17.0,713.0,729.0,358.0776470588235,0.9960394559694762,1.9957805300329399,361.4413164391216,707.1754579674382
13832.0,1.0,403.0,422.0,52.199999999999996,0.9243924913892796,0.2821033390050419,246.23460743904764,68.09898773462015
13833.0,1.0,245.0,404.0,384.8,0.8676464713355012,0.2749578427084571,398.25362280674653,107.35186345912027
13834.0,1.0,93.0,669.0,121.74,0.5017756659845368,0.10157409555270044,278.01873951562544,27.684501158799517
13835.0,6.0,620.0,645.0,161.8033333333333,0.9896686973911537,0.8355308954758048,202.751291762293,166.0748144473797
13836.0,1.0,15.0,414.0,299.5,0.3911433520171652,0.12136343006601455,359.2661844096789,42.745233879899835
13837.0,1.0,106.0,317.0,157.54000000000002,0.7729729673931313,0.3008175820938712,294.38158001521543,86.81604550646938
13838.0,5.0,574.0,579.0,345.13,0.9896543143291866,0.7827070732542082,357.5022959290472,274.31935433116746
13839.0,0.0,0.0,486.0,0.0,1.0,0.10596505284197785,409.57932521320134,42.5489342018969
13840.0,0.0,0.0,416.0,0.0,1.0,0.12134845278567566,409.57932521320134,48.726180294742356
13841.0,0.0,0.0,252.0,0.0,1.0,0.18393939879344592,409.57932521320134,73.86025426509855
13842.0,15.0,603.0,661.0,351.0513333333333,0.9884625303202527,1.920919476785662,355.34617973219906,669.172204818928
13843.0,0.0,0.0,381.0,0.0,1.0,0.13084778348887344,409.57932521320134,52.540688343296665
13844.0,0.0,0.0,11.0,0.0,1.0,,409.57932521320134,
13845.0,0.0,0.0,64.0,0.0,1.0,,409.57932521320134,
13846.0,3.0,375.0,399.0,288.3533333333333,0.9789458671904226,0.6944500305940935,322.7388207215229,219.72205569968358
13847.0,0.0,0.0,719.0,0.0,1.0,0.07452604732844335,409.57932521320134,29.924687228851965
13848.0,7.0,638.0,730.0,407.85714285714283,0.9823793933831897,0.8519727835451402,408.106994118184,340.8605118226578
13849.0,4.0,573.0,624.0,739.9124999999999,0.9820237081544992,0.5973443689891479,664.2751995352854,389.0012087134285
13850.0,0.0,0.0,129.0,0.0,1.0,0.3002532101308375,409.57932521320134,120.56914012563593
13851.0,6.0,584.0,679.0,734.5266666666666,0.9799417674106317,0.7894544043688299,680.8252158986329,526.9143870896696
13852.0,0.0,0.0,610.0,0.0,1.0,0.08653592366329478,409.57932521320134,34.747192224964095
13853.0,0.0,0.0,57.0,0.0,1.0,,409.57932521320134,
13854.0,37.0,692.0,700.0,325.0078378378379,0.9981325531943603,4.42848725363361,327.63854479492323,1422.4173140915952
13855.0,3.0,231.0,731.0,332.2966666666667,0.598104763257546,0.2471123202346285,354.2177236905684,85.81086126484172
13856.0,10.0,451.0,619.0,103.44500000000001,0.9106756996786095,1.2783413619382495,135.9491015992898,170.3729873903235
13857.0,4.0,178.0,571.0,196.565,0.46158521304632877,0.30420795149088525,245.33947906901295,73.16723547580105
13858.0,0.0,0.0,57.0,0.0,1.0,,409.57932521320134,
13859.0,1.0,203.0,529.0,201.16,0.7763902169293561,0.19422692964698204,314.31864992002306,59.84956547565207
13860.0,3.0,85.0,86.0,280.00666666666666,0.9821876395996292,2.153315847845668,316.75966779468615,668.7049942587678
13861.0,1.0,101.0,530.0,144.82999999999998,0.6079287376502589,0.15182772804724523,288.5723145752772,42.952371523074596
13862.0,8.0,371.0,389.0,276.17,0.991460514307469,1.704522812879304,293.4182396067613,490.3096011392052
13863.0,3.0,346.0,593.0,311.6766666666667,0.9093385140581957,0.45460363561832934,339.4465415797806,151.28052908883421
13864.0,0.0,0.0,386.0,0.0,1.0,0.12940061206085476,409.57932521320134,51.95956751384303
13865.0,3.0,231.0,289.0,126.08666666666666,0.9669049256767059,0.8996821754991902,206.4987390608136,182.1338443335115
13866.0,0.0,0.0,74.0,0.0,1.0,,409.57932521320134,
13867.0,2.0,187.0,218.0,438.22,0.9622420023974166,0.8133255932151461,427.54777895723004,340.90786940696074
13868.0,1.0,31.0,38.0,2685.0,0.9205294211776676,1.3385938890695144,1449.588978034591,1902.4166347704208
13869.0,9.0,568.0,691.0,761.4655555555556,0.9709357807818356,1.1171291875538472,720.4364192512386,788.9983997632851
13870.0,11.0,667.0,669.0,463.68545454545455,0.9955384590333264,1.4243986805913942,458.41203591784006,640.1248798157719
13871.0,15.0,697.0,719.0,488.79,0.9950945703476033,1.7905139116581021,482.9774362944472,847.7762363777529
13872.0,2.0,198.0,725.0,333.725,0.6483273399060104,0.19591645277116512,361.9901903892496,69.52576876726727
13873.0,7.0,527.0,646.0,127.05285714285716,0.9722799365937348,0.9429952840978315,168.04131232970306,155.34708615578793
13874.0,6.0,315.0,673.0,316.4666666666667,0.5887985942637491,0.4782064396769193,331.8546517674266,155.5753356361762
13875.0,12.0,669.0,722.0,387.4816666666666,0.9904727194901534,1.4350217736051185,389.47208899713866,547.9129670878294
13876.0,0.0,0.0,63.0,0.0,1.0,,409.57932521320134,
13877.0,2.0,603.0,689.0,147.425,0.9618355342946482,0.3045450017178515,245.11016024221138,73.17979175330117
13878.0,3.0,550.0,604.0,615.2933333333334,0.9764743698910825,0.48012903919215233,556.9430049747214,262.1484896441854
13879.0,0.0,0.0,645.0,0.0,1.0,0.08227824042348934,409.57932521320134,33.0375370172456
13880.0,13.0,541.0,562.0,320.46846153846155,0.9942053810163144,1.9517499635397046,327.92929111223833,627.4546428725713
13881.0,31.0,642.0,645.0,1361.0838709677419,0.9982824820968355,4.012238753565362,1325.9688817960252,5215.514273323101
13882.0,4.0,62.0,64.0,249.5925,0.9864189567730433,3.232691484024548,286.225125762934,907.1332520865728
13883.0,11.0,721.0,731.0,594.1245454545455,0.9949925726564557,1.312561858373972,576.1379658549993,741.349498864098
13884.0,7.0,463.0,470.0,233.44,0.9923442034953492,1.2797795509670442,258.99399105596365,324.94075260097657
13885.0,1.0,11.0,200.0,107.65,0.611940019302924,0.3435510713288047,271.57872771006055,91.46996551419855
13886.0,0.0,0.0,71.0,0.0,1.0,,409.57932521320134,
13887.0,0.0,0.0,204.0,0.0,1.0,0.2166754816839266,409.57932521320134,87.00607646907471
13888.0,4.0,456.0,575.0,470.2825,0.9676347570307444,0.633727966489214,456.3831262132935,283.53785963013473
13889.0,5.0,594.0,686.0,334.37,0.9794299904438417,0.6640964573723703,348.80788627861506,227.08837752205136
13890.0,12.0,732.0,733.0,226.14416666666668,0.9959859637308973,1.423087632779002,242.66688716195443,338.54690223516553
13891.0,2.0,204.0,582.0,232.58,0.7692337811395534,0.2838866417421488,298.53430928768125,83.08423502585211
13892.0,5.0,549.0,575.0,148.482,0.9875002211054356,0.7858930627967453,198.60468729166956,153.01406218979653
13893.0,0.0,0.0,297.0,0.0,1.0,0.16112735529338784,409.57932521320134,64.69974083297362
13894.0,1.0,287.0,310.0,403.77000000000004,0.9216003628192705,0.36536368613444653,406.92410002119414,145.75557658602182
13895.0,5.0,708.0,736.0,635.504,0.9879092411504048,0.6279773154542724,592.1333840177637,364.5361527294508
13896.0,0.0,0.0,625.0,0.0,1.0,0.0846583949931315,409.57932521320134,33.993277757494
13897.0,2.0,627.0,677.0,339.025,0.9665495946254009,0.310991714102288,365.31527981372244,111.37690299080732
13898.0,1.0,86.0,411.0,155.93,0.6569166208290341,0.20511303838131154,293.6457092553177,59.047363139476296
13899.0,1.0,258.0,274.0,90.02,0.9233754317786471,0.4050086799085434,263.5207143578882,104.63255390088099
13900.0,5.0,441.0,624.0,270.01800000000003,0.9453617541334578,0.6987670542259106,296.8094987484468,203.32377209944357
13901.0,11.0,631.0,703.0,490.65727272727275,0.9864486849558682,1.3488095469239776,482.7550634214856,638.343395500114
13902.0,4.0,92.0,724.0,8416.4,0.038129498303480454,0.02025004952206197,6583.056129718705,130.68658317084305
13903.0,0.0,0.0,400.0,0.0,1.0,0.12551384679449815,409.57932521320134,50.398814581765606
13904.0,1.0,257.0,294.0,131.52,0.9159404386011473,0.3793290726296217,282.4888115850665,105.0520033765039
13905.0,0.0,0.0,732.0,0.0,1.0,0.07331262079470888,409.57932521320134,29.437443950680915
13906.0,0.0,0.0,409.0,0.0,1.0,0.12313626602353894,409.57932521320134,49.44408496168795
13907.0,0.0,0.0,691.0,0.0,1.0,0.07728110088356696,409.57932521320134,31.030961862656277
13908.0,3.0,197.0,276.0,624.5166666666668,0.9552906398158254,0.9228726054831282,563.5501599861261,509.86932485019133
13909.0,1.0,98.0,521.0,174.14,0.6066359762230691,0.1538331965463939,301.9688189060867,45.540069950494285
13911.0,18.0,591.0,648.0,227.43055555555554,0.9876929729488098,2.329194551686143,238.7070277930303,545.0647503174386
13912.0,0.0,0.0,423.0,0.0,1.0,0.11961184824549,409.57932521320134,48.0288393852403
13913.0,0.0,0.0,506.0,0.0,1.0,0.10226151851518343,409.57932521320134,41.06177790930481
13914.0,1.0,25.0,36.0,305.38,0.9147105769874782,1.3568528820927432,361.95371240234897,481.502160104592
13915.0,0.0,0.0,394.0,0.0,1.0,0.12715061629745983,409.57932521320134,51.0560683881216
13916.0,3.0,212.0,675.0,303.77,0.6034876562153737,0.2682276247372297,333.7825836155406,87.76981335272454
13917.0,1.0,142.0,191.0,206.66,0.9014929724456815,0.5239553568046604,316.83249413085395,162.74813987458919
13918.0,1.0,204.0,253.0,1014.64,0.9080750192385124,0.4246520374318649,686.129920579421,285.64604327615615
13919.0,3.0,481.0,540.0,247.8033333333333,0.9748625398514839,0.5301210302439483,293.69073950947427,152.63165282252865
13920.0,3.0,131.0,562.0,417.01,0.43705515676478746,0.22931483338738082,414.90230535296087,93.27324061380992
13921.0,3.0,319.0,721.0,209.3166666666667,0.8027453780882565,0.3358857562924838,266.1207316447547,87.6290174968999
13922.0,2.0,116.0,467.0,221.0,0.6591217131762288,0.2959079477751066,291.2693025828895,84.4952519972249
13923.0,0.0,0.0,53.0,0.0,1.0,,409.57932521320134,
13924.0,5.0,71.0,72.0,231.964,0.9896732083632992,3.7093977612057514,266.06070090109125,967.5676346534115
13925.0,2.0,42.0,134.0,149.065,0.8660002659049285,1.0427216382269688,246.13905583770864,251.61837324747214
13926.0,0.0,0.0,23.0,0.0,1.0,,409.57932521320134,
13927.0,1.0,363.0,437.0,348.99,0.9092573575653595,0.26918588671787774,381.88621168131874,100.77882423621173
13928.0,3.0,123.0,133.0,120.12333333333333,0.9790039519556433,1.6331484812194432,202.22689218137626,323.78495410422755
13929.0,8.0,525.0,694.0,414.3,0.9486954761297707,0.9745311263785417,413.68967287557916,395.2278092470606
13930.0,1.0,79.0,136.0,127.33999999999999,0.8816666238870466,0.6532411797611536,280.57828998483507,179.69005308571184
13931.0,7.0,641.0,736.0,577.3828571428572,0.9819408428972359,0.8452044064874964,553.0382086726804,458.2408317062976
13932.0,0.0,0.0,294.0,0.0,1.0,0.162470442944863,409.57932521320134,65.23907480553501
13933.0,1.0,39.0,148.0,307.8,0.7955844233635163,0.5561113111165648,363.0598038551145,197.94074685047465
13934.0,0.0,0.0,263.0,0.0,1.0,0.17778576349777844,409.57932521320134,71.38916141943488
13935.0,2.0,56.0,652.0,1898.4450000000002,0.2265527117945085,0.07543853032805911,1343.656968551749,99.37115408730341
13936.0,2.0,235.0,414.0,265.74,0.908725117279986,0.453182630365158,319.33807632834566,141.87499376890628
13937.0,1.0,233.0,402.0,158.85,0.8607498117969467,0.27394162054058385,294.98033199997695,79.22000540583016
13938.0,0.0,0.0,35.0,0.0,1.0,,409.57932521320134,
13939.0,6.0,589.0,612.0,232.59666666666666,0.9897553996878875,0.8764030851478845,261.8451765397457,224.9709199981828
13940.0,3.0,127.0,144.0,206.84,0.9763343937213583,1.5424209562101923,264.3465660598347,399.7309687336327
13941.0,13.0,702.0,723.0,795.476923076923,0.9947395010320075,1.5531727940467577,763.1675492041701,1162.0274451297776
13942.0,0.0,0.0,534.0,0.0,1.0,0.09749141223061238,409.57932521320134,39.1463437271273
13943.0,0.0,0.0,577.0,0.0,1.0,0.0909748044022261,409.57932521320134,36.52961122807946
13944.0,0.0,0.0,653.0,0.0,1.0,0.08136324942066181,409.57932521320134,32.67012672029445
13945.0,1.0,85.0,479.0,338.5,0.6026503724743404,0.16462965536384266,377.09162517738855,60.86073315248605
13946.0,5.0,656.0,735.0,319.206,0.9822764803084965,0.6251783029792553,336.5549097043443,206.27041253745173
13947.0,0.0,0.0,65.0,0.0,1.0,,409.57932521320134,
13948.0,3.0,375.0,735.0,131.03666666666666,0.8629269574680355,0.35474138417087847,210.0446823900279,73.04678293672724
13949.0,5.0,92.0,94.0,377.884,0.9893554042130581,3.189837402896863,383.96853140211925,1200.7665848210008
13950.0,3.0,235.0,246.0,188.58333333333334,0.980194539311173,1.0386092426267204,251.26836295269197,255.84423005645903
13951.0,2.0,118.0,294.0,230.945,0.8506340085122682,0.5663604020706752,297.5085505689995,165.18752232772036
13952.0,10.0,506.0,723.0,1159.6731,0.8690895309861938,1.0587057465546497,1080.0311838323662,1120.9555073555687
13953.0,11.0,721.0,728.0,558.2436363636364,0.9952079287428534,1.3178202288036538,543.7541661805449,702.4824989559969
13954.0,1.0,69.0,70.0,212.51,0.9280520540478789,1.026467448133425,319.5063102460104,321.536062000489
13955.0,2.0,221.0,375.0,161.48,0.9165818040536718,0.49769443687280296,253.92792097069565,123.8956205187111
13956.0,4.0,266.0,271.0,226.675,0.9864746980917214,1.2325627245961315,268.55510910916126,324.5089015286826
13957.0,2.0,241.0,658.0,177.70499999999998,0.7779486071902331,0.2568929144075724,264.10708623712446,66.51365759973797
13958.0,4.0,355.0,734.0,974.4200000000001,0.794408670708336,0.4166125976428297,845.086868802641,345.1525126215746
13959.0,5.0,432.0,511.0,206.586,0.9773859157636038,0.8644372341424083,245.55449940400322,208.09443039188142
13960.0,1.0,50.0,71.0,102.12,0.9076573345167394,0.9964619773093645,269.0511716217161,262.845478215301
13961.0,0.0,0.0,392.0,0.0,1.0,0.12770574172850505,409.57932521320134,51.2789821923284
13962.0,2.0,414.0,435.0,84.775,0.9687787251300123,0.4628064792568004,205.80509374348918,93.37638417115114
13963.0,16.0,289.0,597.0,169.15875,0.009290144062319754,0.021068223792031927,185.77462875763638,3.837000768627928
13964.0,1.0,43.0,430.0,133.25,0.5041429013671707,0.1513641136873054,283.2795298550188,42.03599029634378
13965.0,2.0,227.0,703.0,204.14999999999998,0.7246159306920733,0.22524818064020766,280.69802771451805,61.9839025616105
13966.0,0.0,0.0,435.0,0.0,1.0,0.11674776096590979,409.57932521320134,46.87875445352894
13967.0,1.0,251.0,396.0,80.7,0.8744497515535544,0.28192752684527134,259.26089107698937,71.65696657549995
13968.0,0.0,0.0,423.0,0.0,1.0,0.11961184824549,409.57932521320134,48.0288393852403
13969.0,32.0,617.0,624.0,406.40375,0.9979684614302955,4.26407276453571,406.5174124306097,1699.3426176892406
13970.0,1.0,51.0,437.0,558.0,0.5286629613079723,0.15651081273142858,477.4168623187293,73.25295078312124
13971.0,13.0,664.0,682.0,338.4884615384616,0.994923751588535,1.6388666728735144,344.4405620597383,553.3945712427285
13972.0,1.0,131.0,201.0,44.349999999999994,0.8867766607875704,0.49597108101693677,242.64666615631631,117.98371861929559
13973.0,0.0,0.0,287.0,0.0,1.0,0.16569322881072704,409.57932521320134,66.53322698575319
13974.0,1.0,533.0,582.0,413.59000000000003,0.9197560740533574,0.21123366118438908,411.4124545939867,85.19639696987183
13975.0,10.0,644.0,675.0,480.51800000000003,0.9924809225237462,1.2875698093140746,472.98601909265403,597.030087126064
13976.0,3.0,462.0,668.0,305.65000000000003,0.9439444573687636,0.42355939319933017,335.1293257284544,139.15691961380065
13977.0,0.0,0.0,411.0,0.0,1.0,0.12262010525470475,409.57932521320134,49.23681814839139
13978.0,1.0,31.0,45.0,37.800000000000004,0.9119399691586197,1.240622523101431,239.65290623250866,291.4959652059854
13979.0,5.0,663.0,736.0,642.49,0.9830890426047686,0.6249132937642634,597.7782860454513,366.2157361994418
13980.0,4.0,596.0,656.0,145.755,0.9811827687539054,0.5703066121315933,206.1635852682845,115.26520596051134
13981.0,0.0,0.0,415.0,0.0,1.0,0.12160066724525968,409.57932521320134,48.82745813423959
13982.0,8.0,649.0,688.0,451.2675,0.990481134503621,1.0255745917436445,445.8777146432257,448.291145902637
13983.0,18.0,701.0,730.0,385.1388888888889,0.9947836369263641,2.1035552054245428,386.65194825349994,797.3531250068074
13984.0,10.0,706.0,732.0,178.91000000000003,0.9932127941674261,1.1962265594186894,203.40153383028152,238.53077428959398
13985.0,21.0,664.0,668.0,466.5004761904762,0.9974903545736261,2.6560861107871254,463.4530592021619,1206.770961126674
13986.0,0.0,0.0,17.0,0.0,1.0,,409.57932521320134,
13987.0,1.0,21.0,400.0,305.08,0.43318320707171937,0.1384581300735131,361.8165936272127,49.11235690240184
13988.0,7.0,606.0,625.0,635.3714285714285,0.9914338443814549,0.9908868107693379,602.6138976637825,585.384052501812
13989.0,4.0,498.0,563.0,416.095,0.9791438669489952,0.6535392040199075,414.60308792699215,265.6335378205165
13990.0,0.0,0.0,213.0,0.0,1.0,0.20967697035527516,409.57932521320134,84.19567017296916
13991.0,4.0,131.0,143.0,182.40499999999997,0.983358041488644,1.989570153432669,234.42173342409433,457.2435858508393
13992.0,2.0,433.0,463.0,71.8,0.9674971411661287,0.43764639280155065,197.66489840716164,84.80743555625828
13993.0,17.0,694.0,736.0,365.8211764705882,0.9928505304015344,1.971977745547769,368.67910169436163,712.7333686074115
13994.0,5.0,145.0,148.0,404.914,0.9892669112459872,2.37514091283102,405.8095995109651,944.9336641378429
13995.0,13.0,706.0,721.0,289.10076923076923,0.9952667676598906,1.557956515682862,299.1878667676149,456.9577389734609
13996.0,1.0,13.0,399.0,403.38,0.39335384567295983,0.12599872491375816,406.74584561351696,50.24271890311054
13997.0,1.0,31.0,550.0,238.76,0.36706804858889136,0.08869074444791922,331.50420307043044,28.82361438022187
13998.0,2.0,130.0,576.0,151.32500000000002,0.5898981356940485,0.2197427494702904,247.55692415833295,53.329697259175816
13999.0,28.0,724.0,734.0,326.8467857142858,0.9976104802224087,3.2245100089044176,330.21382235427393,1043.8436495351161
14000.0,4.0,526.0,737.0,463.58500000000004,0.9494696755158251,0.49606653272285334,451.21917130814927,219.434414050697
14001.0,7.0,448.0,493.0,575.6457142857142,0.9868580183320643,1.2201311541245643,551.5530875204045,659.7400797763037
14002.0,1.0,22.0,156.0,304.94,0.7294633424427942,0.4913623134867785,361.75260486548245,174.26418174338005
14003.0,0.0,0.0,732.0,0.0,1.0,0.07331262079470888,409.57932521320134,29.437443950680915
14004.0,8.0,392.0,435.0,677.1625,0.9869230084238971,1.5402269497926524,642.5671768763367,970.2484939871974
14005.0,4.0,206.0,215.0,671.89,0.985316164983506,1.4784378619775078,611.827999455379,886.785829183936
14006.0,6.0,537.0,652.0,311.00166666666667,0.9742489946288736,0.8144700707071774,327.2928086516608,261.3299407874472
14007.0,0.0,0.0,512.0,0.0,1.0,0.10120044336855026,409.57932521320134,40.635703170367165
14008.0,0.0,0.0,432.0,0.0,1.0,0.11745083742951146,409.57932521320134,47.16107726274208
14009.0,2.0,264.0,462.0,347.805,0.9080908456572939,0.4115546540191407,370.82363550181157,149.61528530061474
14010.0,0.0,0.0,565.0,0.0,1.0,0.09270404900884127,409.57932521320134,37.22398539876466
14011.0,1.0,127.0,607.0,165.48000000000002,0.6180767232721238,0.1366657147301081,298.0106569304876,39.92746407151684
14012.0,0.0,0.0,277.0,0.0,1.0,0.17052576982316237,409.57932521320134,68.47380130696493
14013.0,4.0,513.0,623.0,227.5925,0.9719555946728422,0.5920807468065188,269.2625265971,156.29137166640865
14014.0,2.0,499.0,576.0,835.775,0.9611474100116055,0.35803668759472157,676.9639914376689,237.61430636599076
14015.0,0.0,0.0,52.0,0.0,1.0,,409.57932521320134,
14016.0,10.0,539.0,700.0,1021.2950000000001,0.9432976230877959,1.183707312254886,956.3455095131005,1109.7780005837053
14017.0,0.0,0.0,571.0,0.0,1.0,0.09183128296731313,409.57932521320134,36.873528124928576
14018.0,0.0,0.0,645.0,0.0,1.0,0.08227824042348934,409.57932521320134,33.0375370172456
14019.0,2.0,92.0,138.0,518.66,0.9456002879537573,1.1159955239909929,478.01385316564523,522.9931786224139
14020.0,3.0,513.0,529.0,314.77666666666664,0.9808185549434564,0.5432525705886869,341.6672333617128,181.96362254193454
14021.0,6.0,437.0,592.0,235.915,0.9526539349494075,0.8692739663725996,264.6151154368148,225.50148699214384
14022.0,1.0,261.0,486.0,440.0,0.8450822587400146,0.22792129786712906,423.4834774318126,94.62447454318192
14023.0,1.0,243.0,250.0,310.93,0.926370921586119,0.4373421621530617,364.49040974236914,156.27742031556934
14024.0,2.0,269.0,390.0,163.85,0.9383676975619066,0.4926949047457212,255.41480058126183,123.36913326033144
14025.0,7.0,119.0,583.0,546.35,0.008448543156190834,0.00899215900184329,526.5075451933319,4.64137482956548
14026.0,1.0,155.0,625.0,326.58,0.6605898357030439,0.14225378807486128,371.64343917864244,51.82871661021916
14027.0,0.0,0.0,60.0,0.0,1.0,,409.57932521320134,
14028.0,0.0,0.0,550.0,0.0,1.0,0.09496034643968752,409.57932521320134,38.129997481840284
14029.0,1.0,81.0,144.0,302.46000000000004,0.8771946956388907,0.6249417756141328,360.61908965768964,220.94487700962503
14030.0,15.0,711.0,729.0,501.0093333333333,0.9955013187227619,1.7686501591399366,494.30010192951187,857.0561463689348
14031.0,38.0,729.0,736.0,1012.9744736842105,0.9982824431450448,4.342108123541593,994.6840359419608,4234.110668182093
14032.0,15.0,723.0,725.0,302.73133333333334,0.9967310863743315,1.7798155885924738,310.5719528115003,541.8934474617381
14033.0,0.0,0.0,555.0,0.0,1.0,0.09419613624789218,409.57932521320134,37.823130149758995
14034.0,1.0,135.0,157.0,177.91,0.9164240785804922,0.6145066107628538,303.6919448469653,182.95924926134236
14035.0,8.0,584.0,612.0,330.29875,0.9913356559977722,1.1418915166860235,340.5487857846337,381.22547083196247
14036.0,0.0,0.0,284.0,0.0,1.0,0.167113948199116,409.57932521320134,67.10373623208977
14037.0,5.0,556.0,732.0,123.724,0.9603964301079148,0.6135564283559273,178.59946478930902,107.42659061562586
14038.0,4.0,595.0,673.0,591.3325,0.978918144094753,0.555865670365854,549.7159729871211,299.5614606793798
14039.0,1.0,542.0,575.0,152.2,0.9228616217608085,0.2142662884302027,291.94086581779055,61.32386187160154
14040.0,31.0,698.0,738.0,387.4916129032258,0.9924280651080007,3.5259904580974513,388.3067532849018,1342.2472231496881
14041.0,0.0,0.0,266.0,0.0,1.0,0.1761784089768162,409.57932521320134,70.74370308628293
14042.0,0.0,0.0,725.0,0.0,1.0,0.0739610493360486,409.57932521320134,29.697816031936803
14043.0,1.0,238.0,729.0,139.94,0.7248002832460574,0.13562958584607562,286.33727854055667,38.072502809225995
14044.0,8.0,658.0,684.0,359.74125,0.9918378682437495,1.0324725479617602,366.18472058530824,370.6430851349477
14045.0,13.0,591.0,700.0,839.7715384615384,0.9708128283421861,1.561461833673325,803.7535867252956,1230.3570402131215
14046.0,0.0,0.0,284.0,0.0,1.0,0.167113948199116,409.57932521320134,67.10373623208977
14047.0,11.0,668.0,676.0,338.7990909090909,0.995095504157711,1.4102926539284661,345.697640309181,477.9503039695395
14048.0,1.0,77.0,382.0,409.93,0.6570807824276775,0.2184885467405025,409.7396055373247,87.76490609937048
14049.0,9.0,601.0,617.0,1374.9144444444444,0.9933099415731678,1.2670981950500915,1262.3585591296114,1568.0886945181596
14050.0,1.0,75.0,106.0,260.38,0.9031175142956733,0.7872019646147774,341.3858961319146,263.4701755464482
14051.0,34.0,736.0,736.0,632.9835294117647,0.9986323942790548,3.8940743218579352,625.4417766799228,2387.632929603663
14052.0,1.0,371.0,390.0,225.36,0.9240571670364421,0.3018538992983832,325.37956444767883,96.28777184962026
14053.0,3.0,362.0,486.0,133.83333333333334,0.9567922079079484,0.5713734948994698,212.04808067501835,118.77757448438945
14054.0,0.0,0.0,65.0,0.0,1.0,,409.57932521320134,
14055.0,2.0,617.0,723.0,623.32,0.9594870193847471,0.29068158401363325,543.6749586685386,154.92979734077647
14056.0,22.0,283.0,284.0,346.1677272727273,0.9977304317501194,5.849830517191514,349.41621833466513,2003.8653518233482
14057.0,18.0,713.0,736.0,460.51666666666665,0.9955085080228862,2.089294378190556,457.36323599661404,936.7796242664915
14058.0,1.0,68.0,530.0,147.95999999999998,0.5161040745345664,0.1288948921470286,290.00292046253185,36.64540031107957
14059.0,0.0,0.0,266.0,0.0,1.0,0.1761784089768162,409.57932521320134,70.74370308628293
14060.0,27.0,634.0,638.0,346.34555555555556,0.997977089752942,3.539013780597562,349.0103314792696,1210.8703616036285
14061.0,2.0,231.0,738.0,271.5,0.707924430810052,0.21045965982345224,322.9517584198483,66.63225450725159
14062.0,21.0,720.0,729.0,1177.6471428571429,0.9971462451238,2.4508494495698625,1136.5267003594126,2730.6927257487832
14063.0,7.0,293.0,731.0,2893.9485714285715,0.23389416057243537,0.20259052754746573,2533.5205442367164,503.1766645883758
14064.0,13.0,658.0,687.0,224.63615384615383,0.9937772061041438,1.6260757499369773,240.12056759215682,382.77809958524495
14065.0,2.0,42.0,431.0,290.075,0.35862558314085563,0.17270709040704138,334.6052557895812,56.65320724694017
14066.0,0.0,0.0,266.0,0.0,1.0,0.1761784089768162,409.57932521320134,70.74370308628293
14067.0,1.0,33.0,96.0,150.03,0.8491466235535916,0.7864345406379486,290.9490400109718,224.32647390932456
14068.0,3.0,357.0,677.0,346.8666666666666,0.8767591194255798,0.38863490503437864,364.6549750656497,138.93188556554128
14069.0,1.0,47.0,561.0,110.44,0.42277065847400636,0.10035360426942258,272.8539323188275,26.84380890712572
14070.0,0.0,0.0,684.0,0.0,1.0,0.07800199972691431,409.57932521320134,31.320434626799575
14071.0,6.0,261.0,264.0,202.23666666666665,0.9913386219753791,1.8097787446134532,236.50253116103588,419.6092538703375
14072.0,0.0,0.0,666.0,0.0,1.0,0.07991903804463042,409.57932521320134,32.09021091323019
14073.0,0.0,0.0,32.0,0.0,1.0,,409.57932521320134,
14074.0,0.0,0.0,623.0,0.0,1.0,0.08490400934876477,409.57932521320134,34.09190321520823
14075.0,5.0,537.0,541.0,344.974,0.9897221106876368,0.8319340392924871,357.3762431497287,291.4696392185598
14076.0,0.0,0.0,129.0,0.0,1.0,0.3002532101308375,409.57932521320134,120.56914012563593
14077.0,5.0,355.0,395.0,99.884,0.9834895985648525,1.089733582501328,159.33601441139984,170.2217686327164
14078.0,8.0,520.0,621.0,166.01999999999998,0.976387434587234,1.1098922190409188,197.50932500051866,214.90477375243788
14079.0,1.0,558.0,682.0,375.1,0.9062471586318096,0.18025712371121513,393.8201157440085,69.59369096279671
14080.0,4.0,705.0,737.0,220.2025,0.9847804113398562,0.5145152254402943,263.5646353318494,132.94213076063096
14081.0,7.0,427.0,729.0,654.0114285714286,0.7832549135334187,0.6801379621896927,618.5496384490581,412.42835149617116
14082.0,1.0,28.0,392.0,182.25,0.4735485764654342,0.1540124129089884,305.6755964606028,46.15306184215555
14083.0,9.0,717.0,721.0,149.23222222222225,0.9944102082319488,1.1004024210576908,179.58810390778436,193.73405517124846
14084.0,0.0,0.0,512.0,0.0,1.0,0.10120044336855026,409.57932521320134,40.635703170367165
14085.0,29.0,729.0,731.0,334.07344827586206,0.9982689721359372,3.351874175984213,337.04458188553036,1107.519918258386
14086.0,0.0,0.0,462.0,0.0,1.0,0.11077972048063471,409.57932521320134,44.482271386267286
14087.0,2.0,733.0,735.0,304.765,0.9718807326006896,0.29001595721598816,343.8213998736391,97.75361148213764
14088.0,13.0,411.0,421.0,3949.3584615384616,0.9951638073419463,2.521954247252396,3652.989559074104,9031.612087887323
14089.0,0.0,0.0,56.0,0.0,1.0,,409.57932521320134,
14090.0,0.0,0.0,324.0,0.0,1.0,0.14997060066901044,409.57932521320134,60.2196174250394
14091.0,1.0,44.0,698.0,4010.08,0.33495773905466425,0.06522713757225246,2055.2334665596377,131.42224035006492
14092.0,21.0,716.0,723.0,337.7738095238095,0.9972954358021529,2.4699108672022945,341.6180984148385,827.177559336712
14093.0,0.0,0.0,12.0,0.0,1.0,,409.57932521320134,
14094.0,0.0,0.0,439.0,0.0,1.0,0.11582332472114423,409.57932521320134,46.50754401776298
14095.0,0.0,0.0,722.0,0.0,1.0,0.07424247307630237,409.57932521320134,29.81081985843946
14096.0,16.0,97.0,101.0,4071.434375,0.9955554587974762,9.065689874750184,3818.357285065664,33936.67278038701
14097.0,1.0,164.0,645.0,290.86,0.6650109418951557,0.13917010013166384,355.3171636857555,48.47770457942377
14098.0,0.0,0.0,36.0,0.0,1.0,,409.57932521320134,
14099.0,19.0,713.0,729.0,282.9089473684211,0.9963167572377823,2.2225734228075136,290.36241488041327,632.6639578099945
14100.0,0.0,0.0,137.0,0.0,1.0,0.28837873650743157,409.57932521320134,115.80053897380014
14101.0,12.0,548.0,621.0,775.4341666666666,0.9836849647467621,1.635399590951321,742.4801935293417,1190.3816407535883
14102.0,4.0,39.0,44.0,234.795,0.9842435974769075,3.8267949980948477,274.8158502558236,1031.0498075442233
14103.0,0.0,0.0,665.0,0.0,1.0,0.08002830784575957,409.57932521320134,32.134087633707026
14104.0,4.0,406.0,560.0,153.2775,0.9541866893935796,0.6399433857488043,211.96363764214752,132.97857657580352
14105.0,4.0,482.0,721.0,1335.6325000000002,0.934961858534799,0.4984429148898993,1123.5915438566783,549.0365609702296
14106.0,0.0,0.0,737.0,0.0,1.0,0.07285637740844916,409.57932521320134,29.254242578206643
14107.0,10.0,679.0,730.0,471.404,0.9903533227082727,1.1957878735349694,464.83970666499533,544.9217333273593
14108.0,3.0,708.0,738.0,264.21999999999997,0.9800643008230374,0.4013886155152369,305.45085459121196,120.19431329380873
14109.0,0.0,0.0,72.0,0.0,1.0,,409.57932521320134,
14110.0,31.0,735.0,738.0,409.7706451612903,0.9983091710980146,3.5468853968168554,409.76358455613035,1424.8099991747479
14111.0,3.0,227.0,241.0,199.55000000000004,0.9794033945987084,1.0547921709663766,259.12435861135543,267.95444724322505
14112.0,9.0,632.0,654.0,533.4488888888889,0.9928206850490569,1.2011911684914802,519.0059787270974,611.1697085772105
14113.0,14.0,728.0,731.0,465.1407142857143,0.9964362245959547,1.6530086366611467,460.79511257278654,746.7231760497014
14114.0,6.0,333.0,606.0,175.0566666666667,0.7867406552596834,0.7028785110839586,213.81435259076804,147.33132064590714
14115.0,1.0,165.0,666.0,504.87,0.6558080180642449,0.13329980044885617,453.13312724210317,59.21544698984878
14116.0,4.0,102.0,121.0,265.6925,0.9791494707136345,2.2171922804096877,298.6386642433853,649.144943926362
14117.0,0.0,0.0,143.0,0.0,1.0,0.2800731340634274,409.57932521320134,112.46515157413097
14118.0,0.0,0.0,428.0,0.0,1.0,0.11840156150632994,409.57932521320134,47.54284400951994
14119.0,1.0,343.0,718.0,116.89,0.8156744047038681,0.15477962566594675,275.8019859842564,41.84951008765181
14121.0,3.0,56.0,59.0,849.0166666666668,0.980975230904033,2.6249089837724657,724.371226129281,1864.1309520721566
14122.0,2.0,331.0,737.0,136.36,0.8412632277373863,0.2504122163048716,238.1682518494203,58.467884280170495
14123.0,0.0,0.0,733.0,0.0,1.0,0.07322091541286385,409.57932521320134,29.400620285389717
14124.0,0.0,0.0,84.0,0.0,1.0,,409.57932521320134,
14125.0,2.0,68.0,78.0,722.5,0.9661887671471991,1.6231885721380979,605.8980471815994,964.2026402426254
14126.0,2.0,437.0,444.0,353.06500000000005,0.9710411681983091,0.4556718414263287,374.1236299117602,167.12779178554237
14127.0,5.0,303.0,425.0,283.392,0.9514055350997975,0.9894877600510869,307.61610048310104,298.40066529527894
14128.0,2.0,491.0,551.0,318.75,0.9636055936329152,0.3735379928758137,352.5952443267058,129.11925535955345
14129.0,7.0,578.0,579.0,311.63142857142856,0.9929946339118736,1.063464731386461,325.8415413426947,339.7094642819384
14130.0,3.0,409.0,728.0,508.1166666666666,0.8952698106901974,0.37128959099947784,480.1667653355103,174.776270218886
14131.0,0.0,0.0,648.0,0.0,1.0,0.0819327163584757,409.57932521320134,32.89879344369523
14132.0,10.0,181.0,183.0,327.91700000000003,0.9947966341401324,3.8650537987356013,336.58757463652785,1275.3814914216023
14133.0,2.0,604.0,733.0,302.82,0.9560579902213251,0.2860099834955326,342.6011547923939,96.06120790973435
14134.0,10.0,347.0,729.0,1046.219,0.15602115242538242,0.18862311809480767,978.6231802336363,180.96191793222954
14135.0,22.0,736.0,737.0,404.71000000000004,0.9978132133247414,2.5401421436830933,404.9594489958698,1008.4306956710408
14136.0,4.0,331.0,731.0,317.00750000000005,0.7490206212255481,0.39429196665910476,338.20392679769316,130.72958497436343
14137.0,0.0,0.0,695.0,0.0,1.0,0.07687511198257614,409.57932521320134,30.867939422978083
14138.0,1.0,62.0,63.0,344.17,0.9280046909456564,1.0830938811972457,379.68317002746335,403.17519591036944
14139.0,3.0,496.0,542.0,247.49333333333334,0.9769181368121201,0.5294857577057254,293.46867033128103,152.33346635819373
14140.0,1.0,28.0,31.0,394.06,0.9252159717297028,1.445029356974666,402.4860223326182,570.2184823463676
14141.0,3.0,103.0,105.0,209.99,0.9818474771449699,1.909893985041043,266.60307545115285,499.19375470789527
14142.0,1.0,273.0,646.0,623.62,0.7914628300879247,0.16540024749714757,507.4093090668604,82.27625134774593
14143.0,0.0,0.0,133.0,0.0,1.0,0.2941958428031972,409.57932521320134,118.13659465840897
14144.0,0.0,0.0,486.0,0.0,1.0,0.10596505284197785,409.57932521320134,42.5489342018969
14145.0,6.0,564.0,610.0,1036.075,0.9870025983507097,0.8765594267232568,932.5390655760916,801.3575348231232
14146.0,8.0,687.0,695.0,1087.67375,0.9934068757984792,1.0191153571773341,1000.0042029421733,999.0846007658458
14147.0,6.0,562.0,640.0,390.3333333333333,0.9823296133421248,0.8352260441261309,393.51396463437976,322.2121031769653
14148.0,1.0,181.0,414.0,157.2,0.8113673240106066,0.2517499555536081,294.22617873672766,72.61631857462356
14149.0,0.0,0.0,220.0,0.0,1.0,0.20453911238691794,409.57932521320134,82.13245546313118
14150.0,1.0,324.0,359.0,352.46000000000004,0.9188148989825231,0.32211085870110506,383.47221884706113,121.09442532337849
14151.0,1.0,43.0,716.0,327.4,0.32296262178349927,0.06144129284645598,372.0182304973481,22.408035486820104
14152.0,5.0,584.0,659.0,339.206,0.9817311389475052,0.6905176278580925,352.7155224374896,238.76848090143318
14153.0,0.0,0.0,483.0,0.0,1.0,0.10654386047501166,409.57932521320134,42.78135501696136
14154.0,5.0,456.0,695.0,1186.072,0.9213068921002077,0.6172784795687095,1037.00919558088,627.5395859473642
14155.0,0.0,0.0,266.0,0.0,1.0,0.1761784089768162,409.57932521320134,70.74370308628293
14156.0,120.0,729.0,738.0,2607.32975,0.998494909238897,13.523835506503202,2585.7873904127273,34282.227003232896
14157.0,4.0,627.0,646.0,212.48250000000002,0.9857048133004541,0.5810045952721642,257.6123050791113,146.7317574688741
14158.0,0.0,0.0,40.0,0.0,1.0,,409.57932521320134,
14159.0,18.0,717.0,736.0,419.13111111111107,0.9959181709018832,2.090154146181632,418.53977882432963,857.6134918343902
14160.0,6.0,88.0,698.0,794.515,0.0024703536094941875,0.0019405199760815777,730.8997566933135,1.3904429413029267
14161.0,6.0,511.0,726.0,468.9583333333333,0.9359439714205068,0.7091442277067401,459.14523910411157,319.1991346220408
14162.0,1.0,119.0,292.0,111.68,0.8117076065884288,0.33804823885089325,273.4206899227239,90.61437201727948
14163.0,4.0,375.0,462.0,611.4775,0.9711145008192114,0.7726531832261112,565.2483166323814,428.15779944682146
14164.0,1.0,10.0,80.0,358.0,0.8092672756985385,0.8328469836063894,386.00434556124344,315.18155645317245
14165.0,0.0,0.0,275.0,0.0,1.0,0.17152634845839412,409.57932521320134,68.87559818295513
14166.0,1.0,121.0,626.0,144.9,0.594309619404161,0.12779547230203037,288.6043089561423,36.15750137467766
14167.0,7.0,642.0,681.0,163.50571428571428,0.9895776212105987,0.9146727441332392,199.20565150949105,178.62599331196049
14168.0,1.0,144.0,564.0,67.5,0.6755695319752429,0.1595955318445082,253.2276649709953,39.61984608798249
14169.0,1.0,14.0,444.0,145.2,0.3623642653727388,0.10580146616051396,288.7414277312785,29.94909248597031
14170.0,2.0,20.0,395.0,217.68,0.26653416932433965,0.1384212262145776,289.1864163773706,39.243059509840634
14171.0,1.0,632.0,730.0,363.79,0.913062035030056,0.17064342153932494,388.6507379213727,65.01718124126197
14172.0,2.0,37.0,642.0,136.20999999999998,0.16014576507166714,0.05408107351351612,238.07414554495406,12.622237212173584
14173.0,4.0,720.0,730.0,140.6,0.9866247298074557,0.5200232576398708,202.18893987283565,103.07598113411628
14174.0,0.0,0.0,33.0,0.0,1.0,,409.57932521320134,
14175.0,7.0,568.0,627.0,975.2742857142857,0.9863569744254029,0.9829587780150101,893.2042315480683,860.7236902357788
14176.0,3.0,84.0,381.0,245.48333333333335,0.49438888305381185,0.3648990021020591,292.02880243396373,104.46725080208952
14177.0,8.0,565.0,651.0,219.45,0.981918983291718,1.0693351468685117,244.03146124574374,255.82151939245819
14178.0,6.0,174.0,182.0,237.26,0.9898465547977077,2.410309798376197,265.73783803346714,627.9332384553529
14179.0,1.0,12.0,52.0,168.1,0.8646030277077367,1.1050283469371194,299.2081609000107,324.1570362659681
14180.0,31.0,538.0,548.0,202.17580645161289,0.9974684206231738,4.6447343261290515,209.82997095138805,955.4462139037084
14181.0,1.0,152.0,562.0,94.45,0.6903483404969827,0.1636073569948544,265.5455016040665,42.59147791677154
14182.0,3.0,153.0,596.0,173.82333333333335,0.4869450240975775,0.2423309748642129,240.6950046619438,57.181391311168426
14183.0,1.0,70.0,481.0,146.71,0.5578355203000421,0.1518287087503684,289.4315922327976,43.08062749621685
14184.0,0.0,0.0,66.0,0.0,1.0,,409.57932521320134,
14185.0,0.0,0.0,331.0,0.0,1.0,0.14732612084514865,409.57932521320134,59.157699704202834
14186.0,4.0,217.0,644.0,336.5725,0.5098226326576681,0.3013539615890291,353.2890746467632,104.37225758875951
14187.0,0.0,0.0,473.0,0.0,1.0,0.10851976243203505,409.57932521320134,43.574781105738985
14188.0,5.0,280.0,310.0,331.27200000000005,0.9841643769904428,1.3384531906598514,346.3046073662509,454.406078797054
14189.0,14.0,386.0,388.0,354.6657142857143,0.9964014265449648,2.908138373119923,358.9606515738749,1023.3920824416249
14190.0,0.0,0.0,666.0,0.0,1.0,0.07991903804463042,409.57932521320134,32.09021091323019
14191.0,14.0,727.0,728.0,342.98285714285714,0.9965651862378415,1.659486767492549,348.1915412767928,566.4592491066279
14192.0,0.0,0.0,388.0,0.0,1.0,0.12883067455678865,409.57932521320134,51.730705630936534
14193.0,2.0,329.0,396.0,426.695,0.9581099721405807,0.4965012382034935,420.3172778974092,204.5878485039085
14194.0,24.0,698.0,702.0,749.19875,0.9977857127037746,2.890738763392666,733.1819801262654,2077.769296054683
14195.0,4.0,433.0,634.0,452.1,0.941270322527134,0.5643520078585771,442.36392351634913,244.74161773275245
14196.0,0.0,0.0,106.0,0.0,1.0,0.3405950459555679,409.57932521320134,136.76992084274931
14197.0,0.0,0.0,410.0,0.0,1.0,0.12287764317995899,409.57932521320134,49.340233720741715
14198.0,8.0,685.0,703.0,179.31,0.9926157709257535,1.0076802362294477,209.08108600929728,206.5449245738257
14199.0,3.0,312.0,530.0,290.34999999999997,0.913493305966314,0.5051109738603563,324.1691372563373,160.523237471949
14200.0,0.0,0.0,617.0,0.0,1.0,0.08564948204801055,409.57932521320134,34.3912448726227
14201.0,9.0,528.0,588.0,112.39888888888889,0.9865539914194749,1.3144740404018942,147.04945369520107,189.49305710974843
14202.0,2.0,243.0,624.0,303.28,0.8021016952957609,0.2779528099686298,342.8897474594236,93.43391426708364
14203.0,0.0,0.0,397.0,0.0,1.0,0.1263269257724839,409.57932521320134,50.72531085033478
14204.0,3.0,735.0,737.0,230.56333333333336,0.9824593494620111,0.4028717725844224,281.3408277931803,111.11613654616437
14205.0,7.0,626.0,642.0,311.65,0.9917563862453089,0.9673361038632985,325.8574184602766,309.0171392003312
14206.0,2.0,163.0,402.0,321.28,0.8360502433639045,0.4276723810229308,354.1825039953693,148.4979443120926
14207.0,0.0,0.0,687.0,0.0,1.0,0.07769140220210079,409.57932521320134,31.1957159698979
14208.0,1.0,457.0,551.0,151.74,0.9084468074845105,0.21914179653967963,291.7306170292483,62.67412993892698
14209.0,14.0,676.0,686.0,338.3085714285714,0.9958958761494493,1.7512727368149847,343.88284368666655,590.3930367649782
14210.0,14.0,597.0,702.0,373.82928571428573,0.9713067285087601,1.6723440161835752,376.6253899060108,617.4645655963393
14211.0,15.0,677.0,730.0,280.966,0.9907644469242314,1.7580167867982828,290.40378282658065,500.4975054044737
14212.0,1.0,356.0,445.0,1070.48,0.9047281003107062,0.2636399984171066,711.6522952581109,183.93400028187057
14213.0,0.0,0.0,404.0,0.0,1.0,0.12444589668634813,409.57932521320134,49.96997364676915
14214.0,4.0,247.0,277.0,91.4325,0.9807097001133369,1.2037858666702865,164.2794583052837,193.87261760215222
14215.0,8.0,720.0,731.0,373.8425,0.9932146034093066,0.9727686041137483,378.46284661428035,360.91892486045793
14216.0,4.0,411.0,414.0,459.825,0.9870109774745732,0.8641741351949627,448.32010890526124,379.8133553359153
14217.0,21.0,526.0,527.0,142.8709523809524,0.9976879404540302,3.290767611828862,157.14985595792245,506.97826417275314
14218.0,0.0,0.0,42.0,0.0,1.0,,409.57932521320134,
14219.0,2.0,489.0,493.0,119.095,0.9715365272421743,0.4158124625089539,227.336616205359,92.67176900760226
14220.0,3.0,322.0,569.0,402.36666666666673,0.9020698478334113,0.4680661467227723,404.4125214841134,185.57130350883966
14221.0,13.0,570.0,612.0,467.08384615384614,0.9912840841679834,1.8020205966608245,462.2692656103804,816.6430607877319
14222.0,0.0,0.0,177.0,0.0,1.0,0.24079333054293262,409.57932521320134,96.69119094686988
14223.0,2.0,172.0,264.0,343.115,0.935208211863967,0.6796142780266938,367.8812450488346,245.10721634462467
14224.0,8.0,434.0,544.0,191.78375,0.9668609711019066,1.2382999587359396,219.9421284384359,267.00085205602875
14225.0,3.0,262.0,696.0,464.50666666666666,0.7170619040757971,0.3099020042507419,448.92664642903827,136.388452602493
14226.0,5.0,413.0,441.0,446.438,0.9863626897708225,0.9933322738750349,439.3622636675213,427.8557227959788
14227.0,9.0,643.0,669.0,658.9644444444444,0.9924677675095253,1.176185157966737,629.8867052011324,726.2988491970551
14228.0,2.0,109.0,546.0,332.225,0.5458033704982815,0.21331212773201683,361.0491273445874,75.50256234504292
14229.0,5.0,420.0,471.0,440.87999999999994,0.9826454355979501,0.9340830094271695,434.87122938898017,398.2224676168015
14230.0,1.0,113.0,548.0,504.3,0.6240121254733796,0.1512656108571221,452.87260156934434,67.15794221517797
14231.0,3.0,267.0,450.0,308.57,0.9182604458542367,0.5867679453297002,337.2210741165969,193.98209341101958
14232.0,4.0,222.0,264.0,338.7225,0.9762915831170937,1.245889490712323,354.94678320160614,433.53799721056805
14233.0,6.0,595.0,644.0,413.1616666666667,0.9869151045253929,0.8343832149134341,412.56964171783324,337.47411524553587
14234.0,3.0,35.0,57.0,135.22666666666666,0.9639572961776026,2.622226140170349,213.04619805657498,547.7031755918455
14235.0,6.0,544.0,619.0,723.9683333333332,0.982456106733664,0.8610221167629212,672.0117739534129,567.2428588724022
14236.0,4.0,425.0,505.0,360.72749999999996,0.9747229013327096,0.716910144332863,371.91323750361414,261.38806978563
14237.0,1.0,217.0,590.0,322.0,0.762712399347971,0.17302605144240246,369.550092544896,62.68525220630468
14238.0,2.0,408.0,734.0,137.565,0.8958762882443473,0.2676705805250368,238.92423916196555,62.69586128297862
14239.0,20.0,691.0,734.0,206.321,0.9926603072755934,2.312533945287727,217.71653852852347,493.5783182348441
14240.0,2.0,393.0,423.0,445.17,0.9670763366280365,0.4733728220133724,431.9080377308313,200.43627788977304
14241.0,1.0,513.0,696.0,213.70000000000002,0.8922017459362024,0.17419740620885948,320.05021472071746,54.65617167889775
14242.0,1.0,91.0,325.0,142.2,0.7380776842867665,0.28133713554024736,287.3702399799163,79.26012312058286
14243.0,16.0,468.0,476.0,304.415625,0.9962285341865358,2.7657844780136283,311.6836688889118,845.1059938341477
14244.0,0.0,0.0,660.0,0.0,1.0,0.08057917134603898,409.57932521320134,32.35528405294738
14245.0,1.0,44.0,263.0,688.35,0.6719938496727081,0.30465174529222666,536.9949701154206,160.38438622272943
14246.0,2.0,135.0,245.0,512.21,0.9146709013483592,0.7055587096954901,473.967282073598,327.8447489099319
14247.0,4.0,273.0,551.0,147.0775,0.8246288686081357,0.5611469100475446,207.18326878632155,113.97513489851696
14248.0,2.0,197.0,515.0,360.485,0.8060510942077121,0.3318823689357688,378.77875510602223,123.23953238105872
14249.0,7.0,269.0,679.0,756.7872857142858,0.2308754021767941,0.2139741109335053,706.4149505956821,148.18300262453204
14250.0,1.0,82.0,89.0,675.22,0.9235237241637979,0.8944753145361741,530.9937383902917,465.6501741665768
14251.0,4.0,56.0,57.0,405.06,0.9868831248885068,3.4223544577739626,406.0948023908567,1362.5506350172823
14252.0,0.0,0.0,381.0,0.0,1.0,0.13084778348887344,409.57932521320134,52.540688343296665
14253.0,1.0,130.0,623.0,158.05,0.6150048601676189,0.13282252577086723,294.614681932947,38.36244580259884
14254.0,0.0,0.0,432.0,0.0,1.0,0.11745083742951146,409.57932521320134,47.16107726274208
14255.0,0.0,0.0,546.0,0.0,1.0,0.09558070538790142,409.57932521320134,38.37910168779795
14256.0,3.0,434.0,694.0,506.83,0.9238128699246011,0.4003095591917822,479.2450588539772,188.0751657867217
14257.0,8.0,584.0,648.0,595.6387500000001,0.9864737725695482,1.0788231216552109,571.5834784911286,604.5153709196532
14258.0,21.0,726.0,735.0,1466.2066666666667,0.9971515819656092,2.432451394849694,1409.6374642633593,3361.461374160668
14259.0,0.0,0.0,141.0,0.0,1.0,0.2827878434635747,409.57932521320134,113.55533122841678
14260.0,1.0,77.0,548.0,285.48,0.5313874314445166,0.1288126322197259,352.8581669849791,44.55944331899556
14261.0,1.0,28.0,78.0,219.7,0.8627640629284591,0.900422579985434,322.792590223442,284.9532676975625
14262.0,7.0,232.0,240.0,339.7471428571429,0.9915104371328298,2.247083560149123,349.87827604494845,770.7625737595351
14263.0,0.0,0.0,423.0,0.0,1.0,0.11961184824549,409.57932521320134,48.0288393852403
14264.0,5.0,457.0,611.0,206.95600000000005,0.958355029222941,0.7220154505317121,245.85347073956643,174.0206920256723
14265.0,3.0,503.0,612.0,373.60999999999996,0.967402852718728,0.4700401063823029,383.81262040591,176.8612628477023
14266.0,0.0,0.0,428.0,0.0,1.0,0.11840156150632994,409.57932521320134,47.54284400951994
14267.0,1.0,98.0,260.0,679.88,0.804356760774657,0.3680317152470794,533.1236500307411,192.35413358726512
14268.0,0.0,0.0,470.0,0.0,1.0,0.10912691310087713,409.57932521320134,43.81858345176205
14269.0,0.0,0.0,439.0,0.0,1.0,0.11582332472114423,409.57932521320134,46.50754401776298
14270.0,0.0,0.0,331.0,0.0,1.0,0.14732612084514865,409.57932521320134,59.157699704202834
14271.0,1.0,184.0,409.0,112.32,0.8170726235695689,0.25619699214259484,273.71320997634785,68.74694611735829
14272.0,3.0,509.0,582.0,248.74,0.9732802173554939,0.49485410856501905,294.3617227253054,142.8030131393596
14273.0,3.0,191.0,242.0,149.05666666666667,0.9665462095333847,1.037541793414085,222.9533488127435,226.78033430544576
14274.0,0.0,0.0,686.0,0.0,1.0,0.07779465941219299,409.57932521320134,31.237178308455704
14275.0,4.0,212.0,607.0,252.945,0.551210149230232,0.3437844127893081,288.8099945676367,97.33671675517937
14276.0,5.0,562.0,660.0,358.95799999999997,0.9776953309897223,0.6867290458951919,368.67574357274384,248.20334345662343
14277.0,7.0,711.0,726.0,2427.4842857142858,0.9919890655423756,0.8646635617899507,2134.7300966652824,1809.5354216522696
14278.0,0.0,0.0,409.0,0.0,1.0,0.12313626602353894,409.57932521320134,49.44408496168795
14279.0,1.0,161.0,681.0,81.36,0.6414368420574775,0.12775611094745237,259.5625523822891,32.508974269960234
14280.0,0.0,0.0,196.0,0.0,1.0,0.2233014011874982,409.57932521320134,89.66686780946941
14281.0,0.0,0.0,408.0,0.0,1.0,0.12339598066025656,409.57932521320134,49.54837463201599
14282.0,24.0,659.0,662.0,289.69416666666666,0.9978446848768375,3.050256481694005,295.34806292693344,883.1763823533952
14283.0,3.0,106.0,569.0,131.79666666666668,0.30977803110405355,0.1607376742571475,210.58911005269516,33.18429400121122
14284.0,2.0,623.0,653.0,297.625,0.9688041158878357,0.32214695951714883,339.34193978104736,107.16926974839353
14285.0,7.0,710.0,731.0,447.6028571428572,0.9915120819087326,0.858811332664151,442.08646837691595,372.2047532080081
14286.0,5.0,712.0,735.0,1373.848,0.9883361302735659,0.6290350192477957,1188.7379564098346,733.0575368493196
14287.0,1.0,190.0,198.0,93.35,0.9253995639689004,0.5234933768339085,265.0427327619003,136.02498153252208
14288.0,0.0,0.0,213.0,0.0,1.0,0.20967697035527516,409.57932521320134,84.19567017296916
14289.0,5.0,281.0,289.0,117.804,0.9887343034121745,1.4247176437726654,173.81592342029802,242.77369047419842
14290.0,7.0,720.0,731.0,520.8471428571429,0.9923021810793541,0.8594956875338888,504.7045988031773,425.26328564621906
14291.0,13.0,729.0,730.0,576.5838461538461,0.9962984527504938,1.5418883072266112,562.601350446742,850.413915313985
14292.0,10.0,623.0,630.0,852.167,0.9946871940926062,1.3741323166322472,805.1748349174183,1084.666464529429
14293.0,7.0,726.0,729.0,361.4614285714286,0.9928744455233606,0.8621606968823275,368.44229044839625,311.4114906492915
14294.0,0.0,0.0,407.0,0.0,1.0,0.1236567940231689,409.57932521320134,49.65310551590241
14295.0,4.0,691.0,731.0,588.2275000000001,0.9840025315627823,0.5179888008057869,547.3219334230341,277.933265749609
14296.0,1.0,153.0,574.0,288.15,0.685248505408925,0.15934734672404094,354.0785240836915,55.312742783670714
14297.0,3.0,257.0,274.0,357.57666666666665,0.9790608887723992,0.9514347960409578,372.32710699613165,347.2868232019962
14298.0,44.0,720.0,728.0,2023.1975,0.9983398906235483,5.067187406509013,1980.7792378981185,9839.646496212019
14299.0,24.0,729.0,737.0,518.6404166666667,0.997507332424841,2.7636077609977225,513.4969935391908,1391.2039197135039
14300.0,0.0,0.0,18.0,0.0,1.0,,409.57932521320134,
14301.0,3.0,549.0,666.0,561.6433333333333,0.9675415561284051,0.43533697520868786,518.5107101035397,221.28978139547294
14302.0,2.0,307.0,737.0,314.15000000000003,0.8176492411433018,0.24338322641936083,349.70931765640864,83.44029783552013
14303.0,1.0,27.0,434.0,115.34,0.4327727502165052,0.12889342966880493,275.0935389793859,34.76115952589676
14304.0,2.0,348.0,570.0,526.52,0.9169604455926551,0.3448079030832603,482.94502351967486,163.25047803738977
14305.0,2.0,64.0,135.0,407.38,0.9139242346991024,1.0948894124039066,408.1995227589764,438.1633974212564
14306.0,5.0,626.0,677.0,569.864,0.9852378201353189,0.6761489191470883,539.0942530275809,357.34242110749574
14307.0,8.0,644.0,732.0,603.61625,0.9835440046982477,0.9620866577636115,578.5295825880083,545.6530847131913
14308.0,0.0,0.0,549.0,0.0,1.0,0.09511467963088382,409.57932521320134,38.19196973497528
14309.0,10.0,542.0,550.0,311.65700000000004,0.9945160485837216,1.5529744857092342,322.05399551937523,490.310498534988
14310.0,0.0,0.0,432.0,0.0,1.0,0.11745083742951146,409.57932521320134,47.16107726274208
14311.0,1.0,325.0,567.0,310.26,0.8541485889258253,0.20082442573614018,364.1841778112316,71.69988717493484
14312.0,10.0,458.0,504.0,230.496,0.9883108325757826,1.668325609962363,249.51034147711033,408.08256679773615
14314.0,1.0,324.0,430.0,120.0,0.8974254934208827,0.26944347335580726,277.2234506198353,73.22861177410519
14315.0,7.0,590.0,634.0,404.6271428571428,0.9886390834572383,0.9753501808180286,405.3455969756711,387.5820457395513
14316.0,3.0,208.0,630.0,328.32,0.6448242873893042,0.30518112235856154,351.3690298240682,105.1234322019195
14317.0,0.0,0.0,64.0,0.0,1.0,,409.57932521320134,
14318.0,0.0,0.0,460.0,0.0,1.0,0.11120077993425391,409.57932521320134,44.65134870609033
14319.0,0.0,0.0,424.0,0.0,1.0,0.11936781407287603,409.57932521320134,47.930846482451635
14320.0,4.0,481.0,687.0,282.6325,0.946012840136196,0.527166835339402,311.6998656010775,161.08767670012185
14321.0,6.0,463.0,473.0,306.8233333333333,0.9907713075222317,1.1044543564567424,323.80499508312624,350.5990457179868
14322.0,3.0,230.0,659.0,118.63333333333333,0.675397520808503,0.3068310882806194,201.15952742167337,60.508738501673974
14323.0,1.0,124.0,238.0,305.24,0.8556538371182746,0.41998944823521883,361.88972364061874,149.00607840199314
14324.0,1.0,284.0,693.0,339.8,0.7826211054978413,0.15340738742037074,377.68580653631227,56.80105062138625
14325.0,0.0,0.0,569.0,0.0,1.0,0.0921203724529426,409.57932521320134,36.9896113484322
14326.0,2.0,290.0,532.0,316.765,0.8967462116846276,0.3586975786443601,351.34990423093626,123.55158062076973
14327.0,5.0,537.0,700.0,313.262,0.9624723498653671,0.6406388376351129,331.7519756000535,208.35509681584347
14328.0,0.0,0.0,438.0,0.0,1.0,0.11605305762508879,409.57932521320134,46.599794008507416
14329.0,13.0,706.0,723.0,738.9669230769231,0.9950997949773689,1.553735352136805,711.3888632306287,1083.5796115389205
14330.0,0.0,0.0,623.0,0.0,1.0,0.08490400934876477,409.57932521320134,34.09190321520823
14331.0,1.0,11.0,135.0,79.0,0.7164178609659367,0.5334719973308991,258.48388468455073,135.18908089196702
14332.0,4.0,394.0,416.0,345.50250000000005,0.9843379569918134,0.8582420609420826,360.17434785362224,303.04232371459847
14333.0,0.0,0.0,67.0,0.0,1.0,,409.57932521320134,
14334.0,11.0,552.0,568.0,349.23545454545456,0.9941756432342866,1.6498585864601099,355.1168305664142,574.3755407754252
14335.0,1.0,80.0,96.0,109.00999999999999,0.9163023955586731,0.8486306528794171,272.20033282401147,226.4688048240548
14336.0,3.0,260.0,276.0,360.16333333333336,0.9793159987352598,0.9460826576489489,374.1800713217009,347.051788992319
14338.0,2.0,375.0,536.0,294.11,0.9380549770755894,0.37272056095797423,337.1367153797224,123.18827447535267
14339.0,1.0,186.0,428.0,309.52,0.8091817543444342,0.24393559526981912,363.8459514992289,87.01135552778914
14340.0,0.0,0.0,218.0,0.0,1.0,0.2059811517506796,409.57932521320134,82.71153618309867
14341.0,11.0,693.0,738.0,380.5,0.9915487911631937,1.2965991982635614,383.33419747725964,487.2591399756927
14342.0,5.0,451.0,472.0,151.43200000000002,0.9876078506225334,0.9370482465378978,200.98837766980847,184.63434657042956
14343.0,3.0,269.0,690.0,279.58666666666664,0.7382825160470396,0.32161186170391237,316.4587998758437,99.77623553491028
14344.0,19.0,499.0,626.0,156.74105263157895,0.8797392841747507,2.255593076383209,171.61842082562205,379.49139471907006
14345.0,0.0,0.0,38.0,0.0,1.0,,409.57932521320134,
14346.0,3.0,377.0,497.0,547.6066666666667,0.9589866275016277,0.5614556419541128,508.4555132285758,279.8647982768472
14347.0,0.0,0.0,736.0,0.0,1.0,0.07294717108955824,409.57932521320134,29.290700147951892
14348.0,0.0,0.0,260.0,0.0,1.0,0.17942275969007276,409.57932521320134,72.04652332074139
14349.0,0.0,0.0,10.0,0.0,1.0,,409.57932521320134,
14350.0,2.0,156.0,430.0,294.19,0.8005653336329883,0.386316812539518,337.18690540877105,127.7014718962636
14351.0,0.0,0.0,164.0,0.0,1.0,0.25443406035238975,409.57932521320134,102.1690013769149
14352.0,2.0,116.0,273.0,423.83,0.8665988335788376,0.6129392451259402,418.5198474821045,251.48906787498436
14353.0,2.0,216.0,431.0,95.72999999999999,0.8838777866086022,0.4256583132292352,212.67799084633836,88.74936282854941
14354.0,1.0,25.0,30.0,75.84,0.9225261585565149,1.4562376137587627,257.03956691978243,366.9833226754255
14355.0,2.0,262.0,627.0,356.65500000000003,0.8246603120667526,0.28452987564600757,376.3759074653182,104.98533408879919
14356.0,1.0,2.0,81.0,356.2,0.7752785373844664,0.7923594748673809,385.18163291042606,299.2202981602413
14357.0,0.0,0.0,43.0,0.0,1.0,,409.57932521320134,
14358.0,1.0,39.0,428.0,150.6,0.4897516141840136,0.14764031801127314,291.20956568373066,42.14963504843473
14359.0,2.0,68.0,87.0,214.39499999999998,0.9603449820950631,1.5169547110808335,287.1254883095605,427.0147600691371
14360.0,2.0,63.0,94.0,496.77,0.9507778514219362,1.4351506076688938,464.280606467209,653.2443199556444
14361.0,0.0,0.0,578.0,0.0,1.0,0.09083360950195356,409.57932521320134,36.47291477413569
14362.0,0.0,0.0,22.0,0.0,1.0,,409.57932521320134,
14363.0,1.0,49.0,451.0,149.32,0.5098792962149844,0.14685099967397816,290.6245255764827,41.84002273967664
14364.0,6.0,103.0,211.0,499.70000000000005,0.8097090972517016,1.7634462046770734,484.8064761490338,838.1397216486521
14365.0,1.0,287.0,681.0,310.18,0.7894686343302888,0.1572398649780025,364.1476128045286,56.133184023568376
14366.0,0.0,0.0,525.0,0.0,1.0,0.09897536455491032,409.57932521320134,39.742223593235096
14367.0,12.0,268.0,276.0,689.8633333333333,0.9946567622651472,3.3332618529725186,664.617059052206,2171.8191372018655
14368.0,0.0,0.0,319.0,0.0,1.0,0.15191845831627565,409.57932521320134,61.00180033662379
14369.0,1.0,19.0,661.0,299.44,0.25943778758379554,0.05309675694286278,359.2387606546516,18.69954057058488
14370.0,4.0,226.0,676.0,229.6825,0.4952159018323205,0.28006176843469605,270.8739735178542,74.37017645190295
14371.0,0.0,0.0,295.0,0.0,1.0,0.1620202630830799,409.57932521320134,65.05829930270076
14372.0,1.0,156.0,599.0,269.73,0.6763905668820896,0.15136256328419484,345.6594312903271,51.291728870703466
14373.0,0.0,0.0,358.0,0.0,1.0,0.13794471391072696,409.57932521320134,55.390511989542595
14374.0,0.0,0.0,541.0,0.0,1.0,0.09636765189657807,409.57932521320134,38.69509900970857
14375.0,2.0,356.0,541.0,393.995,0.9294041329703266,0.366232573925405,399.80210352377446,143.5429773345017
14376.0,0.0,0.0,683.0,0.0,1.0,0.07810608503714397,409.57932521320134,31.362229492273016
14377.0,1.0,71.0,262.0,302.45,0.7498495067784318,0.3409895810097726,360.6145190318517,120.55148348302994
14378.0,0.0,0.0,621.0,0.0,1.0,0.08515105360010276,409.57932521320134,34.19110285664354
14379.0,3.0,436.0,480.0,316.05,0.9764644876602937,0.5895523782231822,342.5793884807431,197.99933278764064
14380.0,0.0,0.0,682.0,0.0,1.0,0.07821044859618616,409.57932521320134,31.404136089687622
14381.0,1.0,399.0,451.0,202.68,0.9163075000305386,0.2639069155918669,315.01338504738,81.5009219876039
14382.0,1.0,364.0,390.0,626.0699999999999,0.9221462536772443,0.30122967747610657,508.52911239713956,150.17500343064557
14383.0,2.0,125.0,163.0,502.8,0.955142595289674,1.003012734820281,468.06367990675085,460.25927336546397
14384.0,0.0,0.0,500.0,0.0,1.0,0.10334509272028221,409.57932521320134,41.49688741423654
14385.0,2.0,14.0,23.0,73.475,0.9627328814680813,2.646906150011921,198.7157521403677,515.68207645483
14386.0,0.0,0.0,296.0,0.0,1.0,0.16157257407842168,409.57932521320134,64.87852407446263
14387.0,2.0,77.0,109.0,664.9000000000001,0.952536911880844,1.312905813435114,569.7612262665732,733.3686409092695
14388.0,15.0,678.0,688.0,425.24733333333336,0.9961264317336589,1.8662841580715883,424.09759820505036,775.9263112867822
14389.0,4.0,525.0,590.0,417.40250000000003,0.9795948791178911,0.6268456469326126,415.61120603650704,255.40319045472233
14390.0,10.0,415.0,425.0,571.9399999999999,0.9940566885356014,1.9492723795405604,554.7012017524528,1060.0134106144976
14391.0,0.0,0.0,576.0,0.0,1.0,0.09111643914225026,409.57932521320134,36.58648430335521
14392.0,0.0,0.0,432.0,0.0,1.0,0.11745083742951146,409.57932521320134,47.16107726274208
14393.0,0.0,0.0,218.0,0.0,1.0,0.2059811517506796,409.57932521320134,82.71153618309867
14394.0,0.0,0.0,564.0,0.0,1.0,0.09285112620900142,409.57932521320134,37.2830439411003
14395.0,18.0,598.0,600.0,422.85055555555556,0.9972413999428426,2.5217918468656757,422.0289597753921,1043.3475280270015
14396.0,5.0,672.0,737.0,321.392,0.9840998900513782,0.6247748316591035,338.3212646760771,207.21916442003376
14397.0,18.0,211.0,213.0,135.97333333333333,0.997012837094493,6.04889476427884,152.91174239993865,906.779141052501
14398.0,1.0,126.0,527.0,261.3,0.6643949653024206,0.166771320858327,341.80639370899905,55.88342138516704
14399.0,7.0,280.0,674.0,236.3942857142857,0.28880135528799367,0.2694733604800655,261.5196740682222,69.08718840420555
14400.0,2.0,482.0,631.0,538.11,0.9482140395540956,0.32527703648288186,490.2163039780977,156.3219850901425
14401.0,21.0,721.0,725.0,294.1061904761905,0.9975119027587702,2.4641824291822725,300.2883351877752,725.417283477878
14402.0,0.0,0.0,652.0,0.0,1.0,0.08147650840492852,409.57932521320134,32.71560531699992
14403.0,5.0,509.0,639.0,340.822,0.9690952768065797,0.701024053413748,354.0212999463277,243.29888991791
14404.0,11.0,686.0,719.0,241.8381818181818,0.9928717829883584,1.3298428459691254,258.18696302122646,336.5979202223017
14405.0,0.0,0.0,386.0,0.0,1.0,0.12940061206085476,409.57932521320134,51.95956751384303
14406.0,0.0,0.0,119.0,0.0,1.0,0.3165510516849163,409.57932521320134,127.11412633232226
14407.0,5.0,169.0,276.0,360.11,0.9207019200475927,1.3774510244884786,369.60659486617305,499.11374229569043
14408.0,10.0,722.0,732.0,378.87700000000007,0.9945441685516271,1.197830068161492,382.1368484255869,448.73596849885735
14409.0,7.0,496.0,567.0,450.86285714285714,0.9828624685151108,1.0726371554028573,444.87351317090724,467.80795747887197
14410.0,8.0,345.0,437.0,273.87125000000003,0.9658726699760922,1.5013545189431579,291.41669065123614,428.9210588748176
14411.0,0.0,0.0,310.0,0.0,1.0,0.15555531190357522,409.57932521320134,62.46221951676047
14412.0,2.0,382.0,424.0,385.015,0.9647604581479408,0.47127187231450396,394.1682727630638,182.1104587760538
14413.0,3.0,327.0,689.0,215.89,0.8364230441578083,0.3648478144420551,270.8295533587012,96.86919483832528
14414.0,7.0,283.0,374.0,213.8542857142857,0.9598287133217539,1.5093024165357656,242.24973859074856,358.44328350143894
14415.0,22.0,722.0,723.0,526.0031818181818,0.9978121076213196,2.5853429776120227,520.0389438891417,1318.046147613757
14416.0,1.0,20.0,42.0,129.22,0.8980850868045155,1.2564802260665604,281.4375676423554,346.6958449453208
14417.0,0.0,0.0,387.0,0.0,1.0,0.12911501383667162,409.57932521320134,51.84488379534257
14418.0,2.0,105.0,108.0,893.405,0.9707492272971788,1.3458009900297172,713.1196336135885,940.8907937968102
14419.0,6.0,372.0,382.0,176.34333333333333,0.9905300754424678,1.3295814041277334,214.88838213799923,280.0971738864688
14420.0,3.0,592.0,691.0,412.78999999999996,0.9712483205686756,0.4225365033673079,411.8792991207822,170.61298089407214
14421.0,5.0,634.0,691.0,298.87399999999997,0.9846334903679993,0.6632029277878918,320.12603079982875,208.13486548675925
14422.0,18.0,722.0,722.0,547.2838888888889,0.997392433785568,2.1305457122524043,538.7588700694863,1125.2834253458573
14423.0,2.0,476.0,694.0,335.905,0.9338454819528097,0.2937328923542422,363.3578686808252,104.6322317425874
14424.0,0.0,0.0,17.0,0.0,1.0,,409.57932521320134,
14425.0,2.0,303.0,737.0,219.14499999999998,0.813298589490869,0.24208820211931353,290.10552128432397,68.85058224074368
14426.0,13.0,622.0,645.0,868.5153846153846,0.9942961220231051,1.7233358948009283,830.0908470981817,1402.4029138474739
14427.0,3.0,581.0,631.0,222.80666666666664,0.9772724938920415,0.4618561214803302,275.78432265709836,124.86900639686898
14428.0,4.0,318.0,325.0,260.32,0.9862794072955866,1.0611695031483241,294.49632042436514,306.37071180046485
14429.0,0.0,0.0,403.0,0.0,1.0,0.12471117547130535,409.57932521320134,50.07649770322021
14430.0,1.0,96.0,607.0,585.4000000000001,0.5461587250415455,0.12076360377840141,489.94037711450494,58.004228202433
14431.0,3.0,385.0,687.0,692.3166666666666,0.8956050773590549,0.3917032514893774,612.1188383135465,235.05572056311917
14432.0,5.0,80.0,89.0,400.152,0.9860343352497184,3.2834249470223362,401.9617576192032,1293.9182016091015
14433.0,0.0,0.0,465.0,0.0,1.0,0.11015408004466941,409.57932521320134,44.23104421136003
14434.0,5.0,51.0,72.0,212.4,0.9744070979760439,3.6521787971939284,250.25238952552857,896.0401295993951
14435.0,0.0,0.0,501.0,0.0,1.0,0.10316290425361117,409.57932521320134,41.42372956892753
14436.0,1.0,455.0,553.0,89.06,0.9074643419941427,0.2181959644450468,263.08193427745226,56.275426815680795
14437.0,4.0,218.0,583.0,148.34,0.6168959433511544,0.39902460076087604,208.15669067027,81.4270255105837
14438.0,0.0,0.0,306.0,0.0,1.0,0.1572282511347756,409.57932521320134,63.13400782959751
14439.0,4.0,368.0,687.0,1733.995,0.8554160069778337,0.47668163704020156,1430.7398806839303,668.6005468590877
14440.0,11.0,729.0,737.0,518.52,0.9951428658002627,1.3029240266416662,507.902168142212,648.7477229401094
14441.0,10.0,690.0,690.0,424.225,0.995230068268596,1.2654432961438022,422.66998162390405,524.3498155755682
14442.0,5.0,486.0,690.0,905.6539999999999,0.9435348533820255,0.6363637508275354,810.4228605107234,505.58541307108106
14443.0,4.0,326.0,379.0,430.925,0.9773370342553513,0.9233275114288783,426.0374218192339,385.642531383994
14444.0,0.0,0.0,456.0,0.0,1.0,0.11205258107773555,409.57932521320134,44.99339139030649
14445.0,0.0,0.0,455.0,0.0,1.0,0.11226757562148675,409.57932521320134,45.079722963525235
14446.0,4.0,386.0,386.0,259.895,0.9873828232931685,0.918303795856124,294.1686338495706,264.82806445061897
14447.0,4.0,382.0,400.0,290.8075,0.9848584911633211,0.8883127440285926,318.0030132456544,276.93517860654066
14448.0,1.0,355.0,364.0,273.0,0.9265222322779688,0.32102274520840635,347.15402593931196,109.25535992104042
14449.0,6.0,418.0,436.0,371.16499999999996,0.9896127822458508,1.184827701142815,377.5134285946047,438.49792907830306
14450.0,6.0,430.0,610.0,155.39333333333335,0.9386070224508628,0.8335791971498002,197.40062124590534,161.31446380763447
14451.0,11.0,631.0,691.0,290.49454545454546,0.988703534014038,1.373386157633079,302.1010658912294,406.7447009271969
14452.0,3.0,511.0,521.0,179.42999999999998,0.9815033665376768,0.5510654618819925,244.7113525944276,132.20164589362372
14453.0,0.0,0.0,190.0,0.0,1.0,0.22854359414454994,409.57932521320134,91.77199680308593
14454.0,4.0,357.0,733.0,212.84,0.7989627276573718,0.41952659920419444,257.88794731555606,106.06396082634089
14455.0,3.0,63.0,495.0,133.95,0.1935475190904743,0.11372120326436551,212.13165509691902,23.64976439494199
14456.0,7.0,137.0,142.0,417.1457142857143,0.9916396675015599,3.3188340442357256,416.04799554260626,1353.6874511264355
14457.0,0.0,0.0,310.0,0.0,1.0,0.15555531190357522,409.57932521320134,62.46221951676047
14458.0,0.0,0.0,380.0,0.0,1.0,0.13114111412904547,409.57932521320134,52.65847716923123
14459.0,1.0,496.0,651.0,1837.92,0.8970557013129683,0.18615740282352275,1062.4204045599356,193.89051804092222
14460.0,8.0,614.0,724.0,117.27,0.978168216603428,0.9665441874190339,155.06212039721115,146.9279212095197
14461.0,11.0,542.0,690.0,582.2827272727272,0.947109819386632,1.317354616827375,565.4503027634731,730.2543047528803
14462.0,9.0,366.0,432.0,222.6688888888889,0.9790762122977777,1.7150064507576663,244.46222181126143,411.01455114616465
14463.0,3.0,401.0,499.0,176.54,0.9655562954511223,0.5632939439872259,242.64109477191664,133.99212560200434
14464.0,1.0,59.0,627.0,51.0,0.42437390066499586,0.09112195726398777,245.68613233850272,21.947436687599623
14465.0,9.0,455.0,701.0,406.83444444444444,0.8134618535160764,0.9237068003466088,407.15449131610194,368.69764843492896
14466.0,12.0,697.0,726.0,369.0916666666667,0.9936651067098817,1.4323554842214203,372.73854805502026,523.3977456079849
14467.0,11.0,720.0,737.0,191.9227272727273,0.9944537175512455,1.3020217362847528,213.1364857168797,272.0525006220081
14468.0,0.0,0.0,733.0,0.0,1.0,0.07322091541286385,409.57932521320134,29.400620285389717
14469.0,3.0,263.0,679.0,557.6866666666666,0.7357576181328495,0.32525639432818887,515.6763432807941,164.42998553580242
14470.0,2.0,419.0,430.0,230.595,0.9703866390236803,0.4682649342526024,297.2889691919117,136.47466145243246
14471.0,1.0,141.0,732.0,192.12,0.5785102120056974,0.10784716289342583,310.18680416258474,32.79526280513973
14472.0,8.0,586.0,689.0,242.105,0.9787601271325,1.0120921214929715,263.7574390978039,261.69889969976134
14473.0,1.0,208.0,282.0,149.34,0.8974785238267242,0.38455859096195455,290.6336668281585,109.57105786458068
14474.0,1.0,533.0,579.0,547.66,0.9203233276880637,0.21234907028238986,472.6908352023672,98.40298028816295
14475.0,3.0,337.0,408.0,308.6166666666667,0.9688231486226526,0.6741641664780731,337.2545038853572,222.89724351644338
14476.0,0.0,0.0,257.0,0.0,1.0,0.1810902261688469,409.57932521320134,72.71612155877216
14477.0,6.0,685.0,704.0,300.76666666666665,0.9903835288033,0.7718904529679359,318.74926532323207,241.2026399907038
14478.0,3.0,356.0,738.0,331.46,0.8407346053918434,0.34432567229577504,353.6183756935093,119.36630612472963
14479.0,3.0,480.0,733.0,314.66,0.9331165889934953,0.38455815164025825,341.58365893981215,128.77651517083973
14480.0,3.0,707.0,718.0,331.89000000000004,0.9817078372513087,0.41234305479238964,353.92640713422895,143.07024454380542
14481.0,4.0,513.0,677.0,473.79249999999996,0.9605505480169836,0.542491554932129,459.08943180747883,244.15632313397066
14482.0,9.0,452.0,470.0,424.5788888888889,0.9925958650810629,1.6148991069280128,422.829973786538,669.4070999027787
14483.0,1.0,455.0,736.0,137.1,0.8644687112131991,0.16035113305166196,285.03922080260037,44.80801372961922
14484.0,3.0,672.0,722.0,211.84333333333333,0.977990363400851,0.40869144189052914,267.93071483906067,107.34842708291927
14485.0,0.0,0.0,38.0,0.0,1.0,,409.57932521320134,
14486.0,1.0,42.0,553.0,78.0,0.4090737694612822,0.09836005838051025,258.0268221007633,24.880819960779718
14487.0,5.0,353.0,379.0,264.286,0.9860941985545321,1.132098063890039,292.17786713912733,324.2742602329206
14488.0,0.0,0.0,67.0,0.0,1.0,,409.57932521320134,
14489.0,3.0,405.0,612.0,374.6933333333333,0.9367043139052352,0.45512435085282155,384.58866860927344,171.59519062952216
14490.0,1.0,22.0,428.0,796.39,0.41429939743484295,0.12489452411723291,586.3760116678145,71.7964222114253
14491.0,1.0,197.0,372.0,213.73,0.8477258164864325,0.28833816059075856,320.06392659823103,90.47391446637474
14492.0,6.0,189.0,619.0,284.6333333333333,0.1368867461495381,0.11996720781584548,305.282159083338,35.90391634597792
14493.0,9.0,634.0,641.0,508.4944444444444,0.9941417928098174,1.224975101109272,496.96116590283174,596.7977039575505
14494.0,2.0,706.0,731.0,143.57999999999998,0.9696606081337538,0.2908087566444905,242.69790197106073,69.19130864874283
14495.0,2.0,609.0,659.0,61.9,0.9663937103464972,0.31867973821559037,191.4538823123915,59.8132321031557
14496.0,6.0,322.0,633.0,318.995,0.7013573086623923,0.6023192910255075,333.9651476523356,197.19942738666475
14497.0,1.0,364.0,673.0,475.37,0.8414342618126671,0.16940737113573975,439.649781020374,73.01612687898613
14498.0,9.0,508.0,550.0,400.2888888888889,0.9894829236678367,1.3999999382179953,401.37213269159736,550.87551330128
14499.0,6.0,443.0,469.0,296.9766666666667,0.988655858971081,1.110369872346249,315.5856083408438,343.52972876802187
14500.0,2.0,101.0,189.0,36.0,0.9170886668456921,0.8640354045080959,175.20486040789183,148.41137060062417
14501.0,1.0,136.0,319.0,184.28,0.815797904238848,0.3158278274816092,306.60343350569127,94.93218838533643
14502.0,8.0,294.0,313.0,289.4325,0.9905933897276495,2.0466250800407004,304.96605603858416,611.8879018611075
14503.0,5.0,175.0,178.0,589.238,0.9893752564794357,2.0804217356010923,554.7490385821786,1131.4508329216721
14504.0,3.0,231.0,278.0,175.34333333333333,0.9704321972992745,0.9320160414843273,241.7838599872783,220.9200740789152
14505.0,15.0,713.0,730.0,740.5673333333333,0.9955929718606161,1.7665845426558844,716.2790806685178,1240.4901607175993
14506.0,6.0,582.0,599.0,483.195,0.9903237948795826,0.8941040868341672,471.0291256228281,412.87051244996076
14507.0,9.0,706.0,729.0,345.8811111111111,0.9929368130097426,1.08768463716775,353.3081783941746,376.7328589127353
14508.0,3.0,518.0,540.0,188.77666666666667,0.9801346156834153,0.5329879352252122,251.40685770898452,131.36323025994764
14509.0,0.0,0.0,534.0,0.0,1.0,0.09749141223061238,409.57932521320134,39.1463437271273
14510.0,1.0,61.0,436.0,505.75,0.5642473926029522,0.16737930349289448,453.53534231583615,74.4210743618037
14511.0,4.0,122.0,133.0,294.1625,0.9835287949951819,2.091140995354297,320.5898096184441,657.2404689019526
14512.0,6.0,545.0,732.0,178.365,0.9532422793650636,0.7168059712804435,216.57594410793638,152.19095406004396
14513.0,5.0,468.0,568.0,103.30999999999999,0.9741152474244372,0.7838285989679094,162.1043273725876,124.564468520355
14514.0,8.0,665.0,726.0,467.775,0.9879882244085962,0.97377546563878,460.25099115582265,439.3700506363826
14515.0,9.0,533.0,550.0,394.79555555555555,0.9930265761623309,1.4050137824741122,396.51930956487,546.1641142047914
14516.0,0.0,0.0,516.0,0.0,1.0,0.10050521557574715,409.57932521320134,40.35653458274887
14517.0,1.0,108.0,141.0,78.0,0.906904896214934,0.6555588600651571,258.0268221007633,165.83358443430785
14518.0,0.0,0.0,64.0,0.0,1.0,,409.57932521320134,
14519.0,1.0,45.0,728.0,83.14,0.32426702892537324,0.06075560910018235,260.3761237814307,15.5083875105048
14520.0,1.0,289.0,290.0,105.60000000000001,0.928576527500651,0.38890240025343226,270.64174941329634,103.18641479748297
14521.0,0.0,0.0,491.0,0.0,1.0,0.10501423129926588,409.57932521320134,42.16713097572432
14522.0,7.0,660.0,684.0,222.6314285714286,0.9911260112419169,0.9124289873082576,249.75350862330012,223.40244110509542
14523.0,0.0,0.0,108.0,0.0,1.0,0.3366601186130648,409.57932521320134,135.18969395398648
14524.0,7.0,385.0,416.0,314.71857142857147,0.9884867014680176,1.4182880842002599,328.4808068115007,456.72477949770024
14525.0,16.0,707.0,726.0,490.0525,0.9955904128893639,1.8889932675539938,484.4908607171983,897.2069646152872
14526.0,0.0,0.0,389.0,0.0,1.0,0.1285475859090617,409.57932521320134,51.61702968261905
14527.0,120.0,735.0,737.0,223.90425,0.9994796202955125,13.554080551530229,225.7242379256193,2999.3323845593395
14528.0,0.0,0.0,37.0,0.0,1.0,,409.57932521320134,
14529.0,2.0,50.0,110.0,242.4,0.9175737851951487,1.257434387373208,304.69513535340275,375.61819242155593
14530.0,15.0,662.0,687.0,399.858,0.9946661963023288,1.8660306524069008,400.5713612010783,732.7833158477616
14531.0,0.0,0.0,479.0,0.0,1.0,0.1073255182239988,409.57932521320134,43.0952306312572
14532.0,10.0,462.0,698.0,358.323,0.7987570670923818,1.004960532445006,363.76518882079245,358.38276314382847
14533.0,10.0,586.0,610.0,299.091,0.9929882125824582,1.412504865175463,310.8222024574969,430.40728746516436
14534.0,25.0,632.0,634.0,235.97639999999998,0.997990203952916,3.3018734322022634,243.85104036318128,789.3365095767297
14535.0,8.0,593.0,653.0,690.64125,0.9872389858964471,1.072129038201298,654.3032847542204,687.7071762931082
14536.0,0.0,0.0,259.0,0.0,1.0,0.17997515445787887,409.57932521320134,72.26834635195758
14537.0,1.0,566.0,623.0,355.56,0.9188077553755547,0.19843480055357754,384.88911285680217,74.87444790519629
14538.0,4.0,619.0,683.0,229.56,0.9809619501510615,0.5495693910152756,270.7795226815899,145.8868030160431
14539.0,1.0,29.0,44.0,465.35,0.9102830185700364,1.2498754731015334,435.07001393082396,533.1339287772316
14540.0,10.0,723.0,732.0,363.884,0.994617370175806,1.1979182322765232,368.73574438478306,433.0311793006896
14541.0,12.0,643.0,701.0,191.4125,0.9893268179849404,1.4727208454881102,211.06363723510952,304.72685816624534
14542.0,0.0,0.0,185.0,0.0,1.0,0.23310427008976087,409.57932521320134,93.60344979912743
14543.0,35.0,710.0,738.0,417.5091428571429,0.9952838277933868,3.983067341072529,417.2488428919913,1629.2555604966037
14544.0,2.0,446.0,470.0,1012.225,0.9685381290430986,0.43237635458813134,787.6643742580925,333.8751147352433
14545.0,0.0,0.0,674.0,0.0,1.0,0.07905550940806474,409.57932521320134,31.74346558341808
14546.0,10.0,728.0,733.0,465.017,0.9949000914090463,1.1967548951067974,459.130852432446,538.6646023089661
14547.0,7.0,51.0,54.0,502.4771428571429,0.991549155593126,5.807195233494254,488.9996868812079,2784.031723077875
14548.0,5.0,583.0,733.0,389.442,0.9684174578528995,0.617904407345641,393.3077495006039,238.24890812871683
14549.0,3.0,426.0,737.0,200.11,0.9032518826470483,0.370391596610587,259.5255158364786,94.2364072360476
14550.0,3.0,473.0,483.0,354.6000000000001,0.9814224104155581,0.589296196507449,370.19476531735165,213.86709484568598
14551.0,4.0,663.0,681.0,182.7975,0.9858793845853677,0.5538070552889691,234.72436161375754,127.43664189086002
14552.0,2.0,441.0,592.0,168.78,0.9454859652906836,0.34361573721812966,258.50776112138476,87.08150778236578
14553.0,6.0,490.0,509.0,225.33833333333334,0.9898143657627656,1.0340439471789986,255.7863699617768,259.29572342909614
14554.0,3.0,42.0,52.0,676.4033333333333,0.9758399941088032,2.7696036814537712,600.7192871662945,1631.1407851398167
14555.0,5.0,664.0,721.0,404.996,0.9848992705468826,0.638027830956166,405.87585802317096,253.8692179345192
14556.0,2.0,92.0,688.0,243.315,0.34277587139045457,0.10867704228654172,305.26918381064667,32.52364136867848
14557.0,0.0,0.0,85.0,0.0,1.0,,409.57932521320134,
14558.0,2.0,77.0,731.0,174.52499999999998,0.2552179553104687,0.07654184942093552,262.11203258244075,19.668169974559042
14559.0,0.0,0.0,390.0,0.0,1.0,0.12826573965440868,409.57932521320134,51.50385264172541
14560.0,37.0,730.0,737.0,158.03864864864866,0.9982517839948721,4.224346038034731,165.86315107097576,686.8878257102746
14561.0,2.0,109.0,184.0,429.345,0.9298287972499053,0.8937074216560857,421.9798226096457,369.7233128858229
14562.0,23.0,667.0,670.0,286.94347826086954,0.9977612498267971,2.8943515397137354,292.96621188840305,831.2769301892724
14563.0,1.0,83.0,592.0,149.65,0.520139456557331,0.11763748952538784,290.7753562291326,33.533886045367524
14564.0,1.0,301.0,735.0,1616.44,0.7808883386662822,0.14502885094186477,961.1901835026958,136.6604288119815
14565.0,4.0,378.0,473.0,774.78,0.9692392482606258,0.7553624366430421,691.1589916450454,511.81519183011284
14566.0,3.0,423.0,533.0,1082.3333333333333,0.9640161633323507,0.5303689299873637,891.5081307275009,463.53527267924585
14567.0,1.0,74.0,130.0,729.6,0.8807396500432392,0.6727292652422685,555.8488016966521,366.6013069679843
14568.0,0.0,0.0,435.0,0.0,1.0,0.11674776096590979,409.57932521320134,46.87875445352894
14569.0,3.0,602.0,603.0,138.51,0.9825222525389435,0.48382696240994966,215.39822107292252,102.16704237965901
14570.0,1.0,163.0,443.0,218.06,0.7745254515083229,0.22658794411882252,322.0430075860306,71.53746957919047
14571.0,0.0,0.0,425.0,0.0,1.0,0.11912477435836699,409.57932521320134,47.83325292131422
14572.0,9.0,618.0,621.0,581.7933333333334,0.9944486787309531,1.2611409127752742,561.7135706049104,694.4742069335276
14573.0,10.0,521.0,700.0,238.462,0.923263593978029,1.1585673922861157,256.6305438908396,291.47855211659385
14574.0,0.0,0.0,732.0,0.0,1.0,0.07331262079470888,409.57932521320134,29.437443950680915
14575.0,0.0,0.0,488.0,0.0,1.0,0.10558266432211912,409.57932521320134,42.395385730765994
14576.0,0.0,0.0,372.0,0.0,1.0,0.1335360122039588,409.57932521320134,53.62016474529493
14577.0,6.0,716.0,728.0,192.81833333333336,0.9909857074543634,0.7489518158412181,228.64069052450267,167.87438542390638
14578.0,0.0,0.0,3.0,0.0,1.0,,409.57932521320134,
14579.0,0.0,0.0,432.0,0.0,1.0,0.11745083742951146,409.57932521320134,47.16107726274208
14580.0,0.0,0.0,518.0,0.0,1.0,0.10016117339415971,409.57932521320134,40.2183845519035
14581.0,1.0,528.0,544.0,138.6,0.9259128293939591,0.22592387108288872,285.7248146782815,63.283612962655134
14582.0,0.0,0.0,40.0,0.0,1.0,,409.57932521320134,
14583.0,7.0,616.0,621.0,217.74285714285716,0.9926797291376159,0.9979268607683156,245.57416274905023,240.24763091786815
14584.0,7.0,491.0,660.0,221.89714285714285,0.9490612790883792,0.9026728782074346,249.12575182044668,220.45829000151133
14585.0,4.0,366.0,416.0,230.405,0.9790781878509963,0.8536560800038997,271.4310406950049,227.15545152160573
14586.0,0.0,0.0,276.0,0.0,1.0,0.17102459374891282,409.57932521320134,68.67411127195871
14587.0,8.0,313.0,331.0,172.53625,0.9909970918128564,1.9540813892073579,203.18310134916078,389.23499202219915
14588.0,0.0,0.0,578.0,0.0,1.0,0.09083360950195356,409.57932521320134,36.47291477413569
14589.0,0.0,0.0,371.0,0.0,1.0,0.13384154431334586,409.57932521320134,53.74285332451236
14590.0,18.0,308.0,732.0,161.01222222222225,0.0002477879513346103,0.0005226518830353245,176.40052290246047,0.09038345932929197
14591.0,1.0,198.0,213.0,1196.92,0.9225164285435421,0.49363001570511433,769.4432883521936,372.365005955279
14592.0,2.0,29.0,64.0,153.25,0.9361004165756878,1.7452584311153225,248.76462173231602,425.64777683924785
14593.0,7.0,709.0,730.0,468.42285714285714,0.9915098684427113,0.8598912275841184,459.88593850295854,387.67748718701245
14594.0,1.0,366.0,373.0,124.83,0.9270970945230924,0.31461408160530946,279.4310628995286,86.18612244815301
14595.0,7.0,669.0,688.0,280.3,0.9915876464126637,0.9079974076135212,299.05562266529887,266.203520462101
14596.0,0.0,0.0,626.0,0.0,1.0,0.08453612015088521,409.57932521320134,33.94417879133687
14597.0,4.0,426.0,437.0,525.26,0.986023042532613,0.8236687606805742,498.77227601509526,402.74973735416927
14598.0,1.0,525.0,569.0,221.97,0.920587700289851,0.21576219260814433,323.8301222886395,68.49729616218897
14599.0,1.0,119.0,509.0,288.9,0.661830688562462,0.1713406212434299,354.4213210215321,59.53356568809622
14600.0,1.0,88.0,393.0,393.33000000000004,0.6760914511959917,0.21940493243713374,402.15236664645334,86.50097764640533
14601.0,0.0,0.0,10.0,0.0,1.0,,409.57932521320134,
14602.0,0.0,0.0,656.0,0.0,1.0,0.08102535458563881,409.57932521320134,32.534446704261384
14603.0,0.0,0.0,274.0,0.0,1.0,0.17203105988695083,409.57932521320134,69.07827245543703
14604.0,0.0,0.0,633.0,0.0,1.0,0.08368999099243025,409.57932521320134,33.60441916533165
14605.0,2.0,357.0,731.0,360.455,0.8650138110494158,0.2594243684455148,378.75993384512896,96.32806651104129
14606.0,180.0,735.0,736.0,170.2558888888889,0.9996787269669541,20.32413875990901,171.82491502495844,3423.533811216023
14607.0,13.0,709.0,724.0,1678.263846153846,0.9952715625904794,1.5520308529139533,1572.0429141227498,2391.891398357223
14608.0,9.0,729.0,733.0,349.03555555555556,0.9944143674349742,1.0838348821464088,356.0948217713548,378.36031120703035
14609.0,9.0,596.0,668.0,159.21333333333334,0.985629448762428,1.1696771621255146,188.40544010264514,216.04124709247634
14610.0,1.0,119.0,514.0,10.9,0.6586007086967677,0.16903105196229365,227.3579227286268,37.67543062513725
14611.0,1.0,155.0,598.0,312.93,0.6752733655328164,0.15134059186198884,365.404534909944,54.21379713963839
14612.0,0.0,0.0,415.0,0.0,1.0,0.12160066724525968,409.57932521320134,48.82745813423959
14613.0,0.0,0.0,680.0,0.0,1.0,0.0784200149371402,409.57932521320134,31.488286277909953
14614.0,0.0,0.0,386.0,0.0,1.0,0.12940061206085476,409.57932521320134,51.95956751384303
14615.0,4.0,154.0,548.0,162.0275,0.38404892965952503,0.2626203804695596,218.7101259467406,56.3087917016765
14616.0,4.0,306.0,548.0,121.32000000000001,0.8816522210047463,0.602891516785031,187.3235347856866,110.71600550936905
14617.0,1.0,13.0,415.0,109.0,0.37999045170859364,0.11765706306576915,272.1957621981736,31.396616942787986
14618.0,5.0,537.0,546.0,219.31800000000004,0.9892362049465456,0.824708625152861,255.84234546992354,206.84815912270656
14619.0,1.0,296.0,541.0,394.44,0.8466489487532083,0.20760668209464472,402.6597061144574,81.95222112747626
14620.0,1.0,78.0,283.0,177.43,0.7462876286296818,0.31885467174720517,303.4725548067474,94.8635956057204
14621.0,8.0,682.0,683.0,310.27750000000003,0.9939126251550768,1.0360176809766817,323.11604537101385,328.17301660201446
14622.0,0.0,0.0,184.0,0.0,1.0,0.23403838259689788,409.57932521320134,93.97856634614162
14623.0,9.0,570.0,602.0,199.5888888888889,0.9914544337572928,1.2932253766487276,224.07329746086086,284.0809247257643
14624.0,5.0,547.0,604.0,112.708,0.9836854284237745,0.7488661355366384,169.69819929589258,124.58321827565314
14625.0,9.0,527.0,723.0,434.8644444444444,0.9210865083485555,1.016672422021487,431.91625689416645,430.4844296082979
14626.0,10.0,706.0,729.0,497.45199999999994,0.9934793476325362,1.2010754272749387,488.12203562216587,574.745351990427
14627.0,0.0,0.0,379.0,0.0,1.0,0.1314357640138626,409.57932521320134,52.776795764804184
14628.0,4.0,592.0,683.0,404.7175,0.9771093116032398,0.5474110073794962,405.83072556293405,217.78908144764785
14629.0,1.0,43.0,47.0,354.18,0.9246894984409679,1.2352251455331629,384.2583664911755,465.34941814873923
14630.0,0.0,0.0,484.0,0.0,1.0,0.1063502228800178,409.57932521320134,42.70359962809056
14631.0,5.0,437.0,487.0,341.548,0.9831291534169497,0.907398959997033,354.6079301885409,315.44679326869425
14632.0,0.0,0.0,262.0,0.0,1.0,0.17832809508333083,409.57932521320134,71.6069432530807
14633.0,0.0,0.0,266.0,0.0,1.0,0.1761784089768162,409.57932521320134,70.74370308628293
14634.0,3.0,104.0,541.0,148.04,0.3364444709126254,0.1826529465982081,222.22505742189475,39.79229788494992
14635.0,0.0,0.0,453.0,0.0,1.0,0.11270005093410383,409.57932521320134,45.253384491016575
14636.0,1.0,232.0,268.0,309.66,0.9152020608779853,0.40866986672206673,363.90994026095916,145.79899136678395
14637.0,0.0,0.0,677.0,0.0,1.0,0.07873647945058339,409.57932521320134,31.615360848148065
14638.0,0.0,0.0,50.0,0.0,1.0,,409.57932521320134,
14639.0,6.0,609.0,661.0,705.5816666666666,0.9866803632229375,0.814621303889922,656.6637247758807,524.4164383266466
14640.0,9.0,662.0,686.0,375.65333333333336,0.9927235022938202,1.1498141156276596,379.6090270350847,427.89899470057867
14641.0,0.0,0.0,21.0,0.0,1.0,,409.57932521320134,
14642.0,0.0,0.0,58.0,0.0,1.0,,409.57932521320134,
14643.0,4.0,558.0,728.0,332.3025,0.9620429422585126,0.508347310096067,349.9967883541218,174.4222631793382
14644.0,5.0,669.0,736.0,381.844,0.9838464270522903,0.6253947350063431,387.168332723282,237.37290889901004
14645.0,2.0,478.0,634.0,298.545,0.946669100051704,0.32335185222189444,339.9191251151068,107.75311395420577
14646.0,90.0,736.0,737.0,5809.905333333333,0.9994249998998981,10.183208858697105,5739.55649332818,57297.98342650144
14647.0,1.0,322.0,523.0,243.22,0.866969162751486,0.21910127652953915,333.54270219412234,71.64367390445688
14648.0,12.0,313.0,729.0,360.2083333333333,0.0195012395705204,0.028004409168194182,364.6553712178359,10.011190702039245
14649.0,7.0,684.0,688.0,463.75714285714287,0.9927901429490946,0.9090985344192996,455.89711803969146,406.3076677125177
14650.0,0.0,0.0,589.0,0.0,1.0,0.0893089186587447,409.57932521320134,35.86067933936102
14651.0,7.0,564.0,631.0,236.75285714285715,0.9850462931020307,0.9760014985096728,261.8262245692265,250.51934888306226
14652.0,0.0,0.0,77.0,0.0,1.0,,409.57932521320134,
14653.0,10.0,736.0,737.0,328.087,0.9951663046157726,1.191095695333884,336.7395247256985,393.2035886427673
14654.0,0.0,0.0,738.0,0.0,1.0,0.07276580952758933,409.57932521320134,29.217875679057347
14655.0,6.0,588.0,596.0,484.3283333333334,0.9911665188641161,0.8989333361159991,471.975162011581,415.9342482323958
14656.0,4.0,434.0,603.0,167.55,0.9523779060818224,0.5975510987742777,222.96812385098235,130.61593365101714
14657.0,5.0,418.0,435.0,245.58800000000002,0.9879702619522568,1.006918168423335,277.0693102949099,273.5034063609742
14658.0,1.0,112.0,117.0,124.00999999999999,0.9257305190384952,0.7578704267575603,279.0562715808229,207.3409850680187
14659.0,8.0,307.0,315.0,242.095,0.9927635544309078,2.04027564463623,263.74873197891094,527.5471092259124
14660.0,1.0,14.0,100.0,156.79,0.788670787610879,0.7126022198163692,294.03878307737483,205.42451618889584
14661.0,0.0,0.0,26.0,0.0,1.0,,409.57932521320134,
14662.0,6.0,708.0,736.0,217.60500000000002,0.9896880479999024,0.7404904237811785,249.3310628385218,180.99760073317464
14663.0,0.0,0.0,430.0,0.0,1.0,0.11792428191204386,409.57932521320134,47.351190609594724
14664.0,1.0,14.0,33.0,248.85,0.9002567200979833,1.376911500938144,336.11596454084554,453.74141846692487
14665.0,5.0,532.0,592.0,494.01000000000005,0.983060867217878,0.7620825890526558,477.8018971145807,356.96705847514136
14666.0,0.0,0.0,24.0,0.0,1.0,,409.57932521320134,
14667.0,49.0,727.0,737.0,442.36673469387756,0.9982332456765587,5.570712513357768,441.59069788901775,2411.6098832405364
14668.0,0.0,0.0,445.0,0.0,1.0,0.11446381610191417,409.57932521320134,45.96162917394773
14669.0,4.0,496.0,737.0,604.9375,0.9364136114342059,0.48924517064358786,560.2057985167198,268.68994513935996
14670.0,1.0,452.0,732.0,411.53,0.8643147024414052,0.1611274728966463,410.4709056713845,64.83821464064398
14671.0,1.0,19.0,568.0,183.5,0.3054412735248101,0.07170077029101207,306.2469246903371,21.52664798129138
14672.0,3.0,446.0,680.0,319.0933333333333,0.9340667341968054,0.4123679882405852,344.75948697203773,139.37315411669928
14673.0,6.0,406.0,409.0,476.19166666666666,0.991500411679064,1.2548787377516206,465.1831772323286,572.2767975187594
14674.0,0.0,0.0,509.0,0.0,1.0,0.10172821260698295,409.57932521320134,40.84762888232076
14675.0,1.0,372.0,388.0,604.75,0.9248348917687278,0.30344314731683264,498.7845381107916,148.37968291289954
14676.0,11.0,608.0,639.0,700.079090909091,0.9926998230485874,1.480969341239489,671.7657206006896,975.306821370498
14677.0,0.0,0.0,592.0,0.0,1.0,0.0889019406766092,409.57932521320134,35.69725853908771
14678.0,0.0,0.0,579.0,0.0,1.0,0.09069285239490678,409.57932521320134,36.41639411970418
14679.0,2.0,350.0,731.0,425.35,0.8597100769900514,0.25783373735826737,419.47345803402885,106.02841596440678
14680.0,50.0,710.0,735.0,1137.8278,0.995357796954764,5.680736495296351,1120.927807709539,6242.501992516163
14681.0,4.0,582.0,653.0,199.175,0.9796358042915223,0.5717899218181464,247.35186015186872,138.65309468213763
14682.0,5.0,485.0,672.0,225.558,0.9499143917637847,0.6563362834059824,260.8844566426648,167.86191427948506
14683.0,0.0,0.0,588.0,0.0,1.0,0.0894454076503702,409.57932521320134,35.91548609759541
14684.0,5.0,365.0,390.0,247.256,0.9863910457836711,1.1049900034248796,278.41710539685414,301.60266115328034
14685.0,4.0,150.0,726.0,829.845,0.14795748882731646,0.07837924847802642,733.6156063298931,56.369865494848824
14686.0,1.0,245.0,659.0,568.86,0.7612443581082333,0.15622747173370397,482.3805619786608,73.880015123749
14687.0,2.0,445.0,551.0,545.2,0.9546068157307426,0.3700496513197628,494.6643953025341,179.45288011589764
14688.0,26.0,449.0,456.0,282.8573076923077,0.9974231013142746,4.603115286909684,288.39400484185313,1301.418535461337
14689.0,0.0,0.0,208.0,0.0,1.0,0.2135080914893683,409.57932521320134,85.7341401899022
14690.0,3.0,366.0,410.0,184.07000000000002,0.9753306782546183,0.6758287747590603,248.03522674544877,164.33545876324914
14691.0,3.0,182.0,212.0,558.2433333333333,0.9736829532889236,1.158884639820881,516.0751126652915,586.3274453017892
14692.0,11.0,480.0,617.0,143.17909090909092,0.9433679221616516,1.4528549695723345,169.1436160990811,240.91031995567528
14693.0,6.0,261.0,525.0,177.26,0.6955130875337777,0.7068488159012979,215.6535586289023,149.43830641564938
14694.0,0.0,0.0,617.0,0.0,1.0,0.08564948204801055,409.57932521320134,34.3912448726227
14695.0,1.0,213.0,732.0,636.04,0.6938912176638755,0.12935674708707923,513.0860263575003,65.06663472081495
14696.0,7.0,417.0,421.0,339.0814285714286,0.9926255791664553,1.4095366172140362,349.3091424454743,482.6878383578485
14697.0,0.0,0.0,218.0,0.0,1.0,0.2059811517506796,409.57932521320134,82.71153618309867
14698.0,4.0,50.0,51.0,188.18,0.9868558585357694,3.6019035073188186,238.87441570512578,843.5348285461796
14699.0,3.0,311.0,525.0,153.38,0.9151538032927072,0.5103243949275607,226.05037810431992,113.09178776407191
14700.0,4.0,453.0,485.0,693.7225,0.9833653160272228,0.7496180462702015,628.6614515593822,461.9942017676285
14701.0,10.0,674.0,684.0,406.086,0.9944964760522595,1.2746565570006414,406.456907109388,507.9076555088406
14702.0,28.0,728.0,729.0,220.3757142857143,0.9982742464384207,3.2470080530628405,228.07589482253024,726.0044089924722
14703.0,0.0,0.0,14.0,0.0,1.0,,409.57932521320134,
14704.0,10.0,613.0,624.0,169.373,0.9943385556172291,1.3856341560536245,194.87713382780396,264.7201367769842
14705.0,0.0,0.0,198.0,0.0,1.0,0.22160714341522472,409.57932521320134,88.98649869964024
14706.0,0.0,0.0,618.0,0.0,1.0,0.08552432847625725,409.57932521320134,34.340989934128785
14707.0,1.0,141.0,576.0,69.6,0.6632648050046741,0.1537537784662873,254.1874963969489,38.3142850576227
14708.0,4.0,453.0,455.0,476.71750000000003,0.9871561415367264,0.7960113353893812,461.3446864693,360.0185368722697
14709.0,22.0,719.0,734.0,392.2786363636364,0.9967324378633662,2.5469333790795528,393.1649274352782,981.6775785375585
14710.0,12.0,722.0,736.0,156.94916666666666,0.9950621162541936,1.4164344512184095,179.70455081122645,249.53543113127722
14711.0,10.0,252.0,262.0,266.82800000000003,0.9933497054040895,2.922878185858109,281.9847570050556,808.0154273919707
14712.0,3.0,389.0,418.0,305.69,0.9782689146511028,0.6666138248438281,335.15797981596313,219.03069080738553
14713.0,20.0,727.0,736.0,262.909,0.9970412843413649,2.316931085707777,271.1319711388449,615.8435152646563
14714.0,3.0,663.0,687.0,252.41333333333333,0.9804636977951391,0.4288171517809353,296.9931230948638,124.8522704167515
14715.0,7.0,665.0,689.0,222.00285714285715,0.9911409013069563,0.9063827906709258,249.21612925898978,221.444554080596
14716.0,2.0,401.0,444.0,164.84,0.9649023666250562,0.45279114068093695,256.03590219073885,113.65279808598366
14717.0,0.0,0.0,733.0,0.0,1.0,0.07322091541286385,409.57932521320134,29.400620285389717
14718.0,0.0,0.0,410.0,0.0,1.0,0.12287764317995899,409.57932521320134,49.340233720741715
14719.0,4.0,248.0,249.0,344.6675,0.987194676016153,1.3202211089951759,359.53054011255534,465.33679229491463
14720.0,2.0,121.0,126.0,254.005,0.9700516192441521,1.2172456063952903,311.9758264422722,372.30024190865254
14721.0,0.0,0.0,379.0,0.0,1.0,0.1314357640138626,409.57932521320134,52.776795764804184
14722.0,2.0,339.0,486.0,153.985,0.9382591452076476,0.40667880608822504,249.22574262420048,99.36309326400979
14723.0,9.0,725.0,735.0,216.82555555555555,0.9939927006437667,1.080662836981681,239.30020789065884,253.51874234927777
14724.0,0.0,0.0,590.0,0.0,1.0,0.08917284576440061,409.57932521320134,35.806039668244615
14725.0,2.0,510.0,534.0,524.215,0.9689447390303544,0.3862811872760394,481.49892330771075,182.33870804200797
14726.0,0.0,0.0,654.0,0.0,1.0,0.08125030499420188,409.57932521320134,32.62477443590376
14727.0,1.0,272.0,546.0,268.58,0.8292441336181245,0.20167388991967466,345.13380931897154,68.23675039860247
14728.0,0.0,0.0,413.0,0.0,1.0,0.12210825694748767,409.57932521320134,49.031283081816866
14729.0,1.0,252.0,625.0,626.98,0.7818585801039276,0.16836823509439225,508.9450393483861,84.00617092648919
14730.0,6.0,275.0,276.0,287.9816666666666,0.9916904199532594,1.7464654169400637,308.0771401201094,527.4761970164469
14731.0,2.0,165.0,212.0,126.17999999999999,0.9547844848403464,0.8245689525380979,231.78157065297987,187.36743518981885
14732.0,17.0,722.0,730.0,311.61882352941177,0.9966948733195986,1.9945777064997614,318.0168041739394,621.8385285638393
14733.0,14.0,386.0,402.0,969.3592857142858,0.9943725977979766,2.8149597579849157,925.5774293600217,2554.258528821898
14734.0,3.0,126.0,551.0,286.02000000000004,0.4294396639950569,0.22934878141645285,321.0673322835095,72.18912033959273
14735.0,39.0,732.0,735.0,304.315641025641,0.9986174733946297,4.461531871825794,307.4270530480609,1344.6291072101085
14736.0,0.0,0.0,485.0,0.0,1.0,0.10615728827680376,409.57932521320134,42.626126534860646
14737.0,3.0,397.0,400.0,388.18333333333334,0.9822051750288944,0.6952604569292541,394.25225962161716,268.72195221353945
14738.0,8.0,690.0,732.0,188.8375,0.9904037082891667,0.9687967076134512,217.37679353458986,206.45370650125176
14739.0,24.0,733.0,737.0,486.21125,0.9977982419843964,2.7644137299268743,482.5972167182995,1307.8692770583548
14740.0,10.0,455.0,652.0,404.581,0.8699449796133307,1.1648659517667568,405.1117019082001,462.62386887811795
14741.0,6.0,406.0,417.0,264.14000000000004,0.9905018727762858,1.2327557742556359,288.1755952067123,348.2687344429597
14742.0,0.0,0.0,435.0,0.0,1.0,0.11674776096590979,409.57932521320134,46.87875445352894
14743.0,0.0,0.0,592.0,0.0,1.0,0.0889019406766092,409.57932521320134,35.69725853908771
14744.0,11.0,554.0,570.0,342.9218181818182,0.9941812089799997,1.6446610800639134,349.4185486555706,563.378555958828
14745.0,9.0,525.0,637.0,239.61222222222224,0.9719306892631838,1.2044424479053957,259.43000090904974,306.3258947504034
14746.0,2.0,17.0,423.0,158.7,0.21940006891977779,0.10739382801631948,252.18381746125516,26.55083969618314
14747.0,0.0,0.0,249.0,0.0,1.0,0.18569241246315338,409.57932521320134,74.56420682667056
14748.0,8.0,616.0,645.0,348.59499999999997,0.9913763076194346,1.0887733249094596,356.4795481892135,380.4955212962393
14749.0,0.0,0.0,479.0,0.0,1.0,0.1073255182239988,409.57932521320134,43.0952306312572
14750.0,0.0,0.0,736.0,0.0,1.0,0.07294717108955824,409.57932521320134,29.290700147951892
14751.0,1.0,42.0,726.0,61.349999999999994,0.3149408505692751,0.05915748058300891,250.4167300807026,14.522859489697666
14752.0,0.0,0.0,43.0,0.0,1.0,,409.57932521320134,
14753.0,1.0,373.0,460.0,563.15,0.9062422856399808,0.25653005918404503,479.7707346252346,120.65757295236281
14754.0,5.0,646.0,690.0,238.26399999999998,0.9861322833469122,0.6650934370822656,271.151293912032,176.79572640795777
14755.0,21.0,727.0,736.0,453.68571428571425,0.9971524626310333,2.429411873555521,451.32436780826094,1074.8960007837231
14756.0,2.0,409.0,424.0,634.03,0.9697132394600444,0.47369123610828984,550.3941488074263,255.59412228407882
14757.0,0.0,0.0,75.0,0.0,1.0,,409.57932521320134,
14758.0,6.0,466.0,610.0,403.74499999999995,0.9607224002561483,0.8532199183831207,404.7091923112834,338.51816674575355
14759.0,2.0,228.0,232.0,526.86,0.9710580005217674,0.7819530377581905,483.15833114313165,370.38843642315175
14760.0,0.0,0.0,297.0,0.0,1.0,0.16112735529338784,409.57932521320134,64.69974083297362
14761.0,2.0,386.0,444.0,127.95,0.9618209124421878,0.4513451341183277,232.8920250456812,103.04922398619934
14762.0,1.0,363.0,626.0,300.52,0.8549764921531844,0.18384714137959376,359.73238824514203,64.83605104156621
14764.0,0.0,0.0,46.0,0.0,1.0,,409.57932521320134,
14765.0,2.0,147.0,176.0,86.805,0.9610055251374169,0.9544761231219302,207.07866573059863,193.7718617365322
14766.0,10.0,543.0,551.0,523.6600000000001,0.9945173047631441,1.5504502607028894,511.5473764279677,777.5384425538621
14767.0,0.0,0.0,474.0,0.0,1.0,0.10831887835645383,409.57932521320134,43.49411579441027
14768.0,1.0,110.0,127.0,59.400000000000006,0.9178803524931956,0.7121071220121126,249.52545804231713,174.20375574128423
14769.0,16.0,721.0,723.0,925.1387500000001,0.99693187039671,1.8987513807972993,889.5075529320387,1655.7486057857059
14770.0,7.0,420.0,652.0,385.90857142857146,0.8763392878844568,0.842820330271695,389.34268376985693,321.6951405972877
14771.0,1.0,115.0,736.0,307.25,0.5204320388762309,0.09653543966105321,362.8084194340314,34.33548397078793
14772.0,0.0,0.0,112.0,0.0,1.0,0.3290577867732987,409.57932521320134,132.13667994648495
14773.0,0.0,0.0,592.0,0.0,1.0,0.0889019406766092,409.57932521320134,35.69725853908771
14774.0,0.0,0.0,528.0,0.0,1.0,0.09847571700874509,409.57932521320134,39.541590464079555
14775.0,2.0,314.0,372.0,302.66999999999996,0.9596474069483036,0.5246628670262269,342.50704848792765,176.17027067898297
14776.0,12.0,395.0,446.0,285.05,0.9850886761961056,2.2000134923507684,296.26684223606753,638.980654471939
14777.0,0.0,0.0,403.0,0.0,1.0,0.12471117547130535,409.57932521320134,50.07649770322021
14778.0,1.0,181.0,308.0,396.81,0.8670396365538304,0.34557920482079996,403.7429444380336,136.7851666311126
14779.0,2.0,43.0,323.0,61.8,0.5249709982557136,0.3233439616486095,191.3911447760807,60.66952885250785
14780.0,1.0,25.0,79.0,114.88,0.8545217352609789,0.8855767323106025,274.8832901908437,238.65914645928655
14782.0,0.0,0.0,319.0,0.0,1.0,0.15191845831627565,409.57932521320134,61.00180033662379
14783.0,0.0,0.0,659.0,0.0,1.0,0.08069025566412004,409.57932521320134,32.399889401442
14784.0,2.0,363.0,389.0,144.995,0.9674517826570871,0.5090866169489676,243.58563810985868,121.56981700234837
14785.0,1.0,5.0,15.0,37.92,0.9120663412083329,1.7150973548833388,239.70775374256314,403.0786440522271
14786.0,0.0,0.0,550.0,0.0,1.0,0.09496034643968752,409.57932521320134,38.129997481840284
14787.0,0.0,0.0,471.0,0.0,1.0,0.10892377561241848,409.57932521320134,43.73701325108188
14788.0,2.0,589.0,596.0,339.72,0.9712815963258875,0.3508520997605756,365.7513056910826,125.80248787268157
14789.0,0.0,0.0,28.0,0.0,1.0,,409.57932521320134,
14790.0,9.0,712.0,728.0,246.42333333333332,0.9935237450394803,1.0897020516987437,265.4469519136692,283.57133897497215
14791.0,0.0,0.0,606.0,0.0,1.0,0.08705075241559392,409.57932521320134,34.95391989407609
14792.0,0.0,0.0,63.0,0.0,1.0,,409.57932521320134,
14793.0,1.0,514.0,535.0,228.99,0.924880768476123,0.22905916160840814,327.0387016268272,73.43923317022848
14794.0,9.0,485.0,487.0,203.59,0.9944886181288826,1.5680357277199826,227.60788809179635,349.88248384080754
14795.0,0.0,0.0,166.0,0.0,1.0,0.2522355217211054,409.57932521320134,101.2861157786181
14796.0,26.0,724.0,725.0,408.6007692307693,0.9981440543668683,3.035248539719485,408.64352398029587,1215.9491687465563
14797.0,0.0,0.0,507.0,0.0,1.0,0.10208312932213802,409.57932521320134,40.99014570828126
14798.0,7.0,596.0,648.0,76.7057142857143,0.98767635243033,0.9552365639930375,124.99844656518258,117.05583415168942
14799.0,1.0,686.0,737.0,157.7,0.9213485756312326,0.17068866663408372,294.4547100286214,49.27223022350776
14800.0,15.0,388.0,435.0,487.9346666666667,0.9852854325290246,2.782479786374943,482.18486823237146,1315.300441816065
14801.0,0.0,0.0,61.0,0.0,1.0,,409.57932521320134,
14802.0,0.0,0.0,438.0,0.0,1.0,0.11605305762508879,409.57932521320134,46.599794008507416
14803.0,2.0,130.0,292.0,151.7,0.8727920672757064,0.5843775545024422,247.79218991949847,141.9600394568654
14804.0,0.0,0.0,8.0,0.0,1.0,,409.57932521320134,
14805.0,6.0,606.0,621.0,151.14333333333335,0.9905661354416205,0.8655945622783353,193.852984788082,164.49959860224646
14806.0,1.0,364.0,439.0,193.39,0.9090323159042814,0.2680504216940687,310.7672736439947,81.66477212985092
14807.0,1.0,259.0,649.0,169.65,0.7783806754205572,0.1619825668872908,299.9166079048812,47.626500377251595
14808.0,5.0,133.0,172.0,412.31000000000006,0.9727045555316366,2.097454991796838,411.7857940996823,846.7439451069667
14809.0,0.0,0.0,621.0,0.0,1.0,0.08515105360010276,409.57932521320134,34.19110285664354
14810.0,12.0,389.0,429.0,200.58916666666667,0.9885036471433841,2.283814468837033,219.41372572770553,491.25182135529025
14811.0,0.0,0.0,387.0,0.0,1.0,0.12911501383667162,409.57932521320134,51.84488379534257
14812.0,0.0,0.0,598.0,0.0,1.0,0.0880990164425854,409.57932521320134,35.37484681415767
14813.0,2.0,241.0,610.0,315.265,0.8079438055158323,0.2857904834148832,350.4088411862741,98.17523177753472
14814.0,0.0,0.0,581.0,0.0,1.0,0.09041264343769648,409.57932521320134,36.303876947522745
14815.0,1.0,31.0,67.0,226.92,0.8837178366302584,0.9998538048736276,326.09258207838724,319.6561253476662
14816.0,0.0,0.0,197.0,0.0,1.0,0.2224510399196963,409.57932521320134,89.32538515696444
14817.0,6.0,427.0,627.0,568.9716666666667,0.9255440312109905,0.8017518038905873,542.6301679515874,426.5025781622279
14818.0,5.0,574.0,647.0,212.382,0.9818505842560576,0.7022585632382722,250.23784497406874,172.2771920507888
14819.0,3.0,654.0,718.0,146.50666666666666,0.9763860751965908,0.410107775069387,221.12665073405734,88.90307015166708
14820.0,8.0,656.0,677.0,144.945,0.9922905546972466,1.042704003240628,179.15907193355034,183.13740861953414
14821.0,4.0,310.0,676.0,299.25,0.763545467264588,0.431811444364367,324.5124106755432,137.37356394468648
14822.0,0.0,0.0,485.0,0.0,1.0,0.10615728827680376,409.57932521320134,42.626126534860646
14823.0,1.0,14.0,194.0,110.78,0.6365699433467659,0.36568173679052013,273.0093335973152,97.87518668444412
14824.0,9.0,627.0,637.0,358.60111111111115,0.9938889873007694,1.2316537568314216,364.5450552458685,440.16682631173205
14825.0,23.0,609.0,612.0,202.7817391304348,0.9977424435158596,3.142740368350913,212.9377155985351,656.0522640733532
14826.0,1.0,114.0,695.0,207.3,0.5397910648867736,0.10552991483024383,317.1250141844779,32.80843380254569
14827.0,0.0,0.0,665.0,0.0,1.0,0.08002830784575957,409.57932521320134,32.134087633707026
14828.0,12.0,536.0,732.0,763.0883333333333,0.8745633197022074,1.2511664691351032,731.2463975778516,896.9237482151261
14829.0,5.0,407.0,436.0,269.38800000000003,0.986154081175018,1.0030564090852032,296.30043944735274,291.3652648501934
14830.0,0.0,0.0,53.0,0.0,1.0,,409.57932521320134,
14831.0,1.0,57.0,737.0,842.82,0.3596205213824305,0.06662315318278574,607.5974274330649,39.68442926141431
14832.0,0.0,0.0,630.0,0.0,1.0,0.08405053398404334,409.57932521320134,33.74919367481478
14833.0,0.0,0.0,498.0,0.0,1.0,0.1037114081012959,409.57932521320134,41.6439815123831
14834.0,6.0,390.0,407.0,286.71666666666664,0.9896053893482957,1.2578010994222324,307.02119656266314,378.58267941793883
14835.0,1.0,89.0,617.0,118.8,0.5214158851855493,0.11360129509967509,276.6749755192904,30.812958559033873
14836.0,2.0,20.0,30.0,13.2,0.962434009479504,2.4475093015262637,160.90070212902722,386.0926521875351
14837.0,8.0,595.0,684.0,397.83,0.9821474044525339,1.022385074835569,399.34904805883093,400.2619661730348
14838.0,1.0,313.0,736.0,654.57,0.7895985731378993,0.1464633990985613,521.5553960350813,74.8873718663821
14839.0,2.0,286.0,704.0,245.11,0.8110584336540123,0.2517908386515298,306.3953225874257,75.63108150084899
14840.0,1.0,272.0,539.0,62.85,0.8319349717763235,0.20467456478544477,251.10232395638374,50.384373827320736
14841.0,13.0,684.0,737.0,505.04615384615386,0.990763073897247,1.5199178064410255,497.05316950050536,740.6270690037179
14842.0,3.0,265.0,308.0,838.23,0.9729669555470056,0.8590716869573636,716.6441738644071,603.5545795005369
14843.0,0.0,0.0,436.0,0.0,1.0,0.11651527025927619,409.57932521320134,46.78539702245427
14844.0,7.0,543.0,606.0,791.6814285714287,0.9853386408665835,1.0127288841699456,736.2467110836542,730.9613639734317
14845.0,0.0,0.0,599.0,0.0,1.0,0.08796660426475982,409.57932521320134,35.32167713158624
14846.0,0.0,0.0,427.0,0.0,1.0,0.11864165407167353,409.57932521320134,47.63925409294552
14847.0,2.0,416.0,564.0,522.075,0.9444892859974198,0.35855155218890783,480.1563400306594,168.77724744910634
14848.0,0.0,0.0,404.0,0.0,1.0,0.12444589668634813,409.57932521320134,49.96997364676915
14849.0,22.0,677.0,698.0,693.9204545454545,0.9959964861431407,2.665338458968835,679.3540400853707,1775.109981940007
14850.0,3.0,257.0,568.0,440.23,0.8247159472785355,0.42860576793533056,431.53600315182086,181.32348183654665
14851.0,2.0,607.0,630.0,255.675,0.969522201905795,0.3330656666253648,313.02354329866273,102.20821065304182
14852.0,11.0,586.0,644.0,518.6718181818183,0.9883476968674848,1.4640601023223967,508.0391894638983,729.1777984716535
14853.0,4.0,581.0,605.0,239.09999999999997,0.9850723024628127,0.6162167846789864,278.1351225016834,168.02258790882698
14854.0,10.0,608.0,686.0,402.08000000000004,0.9847414255407616,1.2587867034833635,402.87624794928263,497.165361863826
14855.0,4.0,491.0,610.0,1224.125,0.9693246854894843,0.6018673999896993,1037.616224471031,612.2317377149695
14856.0,1.0,20.0,56.0,308.11,0.8772984124950203,1.0837806834118127,363.2014932560886,385.9195520726961
14857.0,4.0,575.0,634.0,702.095,0.9810693324079028,0.5882140702220144,635.1168770828342,366.2411278157016
14858.0,0.0,0.0,505.0,0.0,1.0,0.1024405326151037,409.57932521320134,41.13366104915589
14859.0,3.0,542.0,554.0,451.24666666666667,0.9813455050884208,0.521558570202429,439.4278164198702,224.68278070577713
14860.0,0.0,0.0,19.0,0.0,1.0,,409.57932521320134,
14861.0,8.0,679.0,731.0,145.71625,0.989229519827142,0.9688655561921893,179.8306084781719,170.8063406523838
14862.0,1.0,123.0,148.0,537.1,0.9137404599403198,0.6387020538302892,467.86425431757203,292.96347984368714
14863.0,0.0,0.0,29.0,0.0,1.0,,409.57932521320134,
14865.0,3.0,731.0,738.0,32.84,0.9820595701643179,0.4022057847538308,139.70128539654317,55.08409772944186
14866.0,16.0,460.0,470.0,1302.51375,0.9959700547491286,2.79615443534665,1240.8015187252013,3401.2796856795576
14867.0,14.0,549.0,734.0,196.33857142857144,0.8596160748677953,1.4206721461127148,213.01668909951576,296.67716605604846
14868.0,9.0,417.0,420.0,397.5288888888889,0.9943495982427838,1.7849692929168735,398.93394243132417,698.0903053212471
14869.0,5.0,715.0,723.0,486.55199999999996,0.9895137907556484,0.6393880334735215,471.77560462639076,295.7175998132557
14870.0,4.0,422.0,683.0,376.6,0.9131860557121853,0.5115989508503406,384.15136728814605,192.66804081966222
14871.0,8.0,735.0,738.0,139.24625,0.9937849270442783,0.964830068244225,174.19710255440987,164.766368948003
14872.0,2.0,150.0,633.0,256.31,0.5986074006229043,0.2047583538065449,313.42192665423636,62.9143756843614
14873.0,1.0,423.0,633.0,519.68,0.8782098831367822,0.18694836266934806,459.902224107995,84.28828735602461
14874.0,0.0,0.0,535.0,0.0,1.0,0.09732927227350179,409.57932521320134,39.08123658861957
14875.0,2.0,334.0,441.0,732.66,0.9485852359798729,0.44777751990881404,612.2721808707777,268.7745912697974
14876.0,1.0,40.0,561.0,53.1,0.39620920288364064,0.09404867806485424,246.64596376445633,22.740900328189255
14877.0,1.0,224.0,642.0,230.3,0.7468420385998467,0.15695878979468098,327.63745361158874,50.414926404382186
14878.0,20.0,644.0,656.0,182.70999999999998,0.9966855736677308,2.573554450979843,195.42927304180722,493.06028260211525
14879.0,0.0,0.0,684.0,0.0,1.0,0.07800199972691431,409.57932521320134,31.320434626799575
14880.0,2.0,211.0,288.0,288.495,0.9473607424984611,0.6415117625209141,333.6140027158704,209.81377509796846
14881.0,0.0,0.0,19.0,0.0,1.0,,409.57932521320134,
14882.0,11.0,593.0,619.0,314.20454545454544,0.9932133768308535,1.5251398583905977,323.50018619601144,483.68399832554974
14883.0,4.0,193.0,211.0,112.7575,0.9827479791976969,1.4960548346364568,180.7216140876205,265.0599500371957
14884.0,0.0,0.0,669.0,0.0,1.0,0.07959301232374305,409.57932521320134,31.959296997816736
14885.0,2.0,334.0,465.0,678.46,0.9422108239508377,0.4245973925264588,578.2684361903189,240.70649127715353
14886.0,0.0,0.0,252.0,0.0,1.0,0.18393939879344592,409.57932521320134,73.86025426509855
14887.0,0.0,0.0,79.0,0.0,1.0,,409.57932521320134,
14888.0,0.0,0.0,207.0,0.0,1.0,0.21429120931589593,409.57932521320134,86.04861848905104
14889.0,0.0,0.0,336.0,0.0,1.0,0.1454936525539372,409.57932521320134,58.42185428691623
14890.0,2.0,406.0,659.0,257.73,0.9170802328489733,0.3024180366635628,314.3127996698498,93.18551254381775
14891.0,3.0,288.0,436.0,301.91,0.9397040749160994,0.6172830940309861,332.4501685463813,201.18320481283916
14892.0,0.0,0.0,690.0,0.0,1.0,0.07738326924988015,409.57932521320134,31.07198697178353
14893.0,2.0,608.0,617.0,618.925,0.9710850799561103,0.33996833473805976,540.9176439476785,180.2804613437258
14894.0,2.0,652.0,737.0,596.5550000000001,0.9627156889212463,0.2865640163336561,526.8832570749504,148.0178362194867
14895.0,23.0,722.0,729.0,1015.3591304347825,0.9974937404538409,2.678208065475147,985.6088535421961,2587.7686547533244
14896.0,7.0,529.0,733.0,255.70285714285714,0.9368130241810159,0.809396448218823,278.02699108644595,220.6099862613973
14897.0,7.0,717.0,724.0,405.6257142857143,0.9925903311244837,0.8673839485746228,406.19929737488235,345.4041251070718
14898.0,13.0,713.0,736.0,245.64923076923077,0.994585120854325,1.5276889639574565,259.37431934119013,388.4530646800856
14899.0,0.0,0.0,395.0,0.0,1.0,0.1268748609235835,409.57932521320134,50.94533725901454
14900.0,0.0,0.0,522.0,0.0,1.0,0.09948011090331922,409.57932521320134,39.94490420215608
14901.0,11.0,487.0,498.0,192.39,0.994559705579358,1.856172125373508,213.55821601236903,388.6093328425546
14902.0,2.0,528.0,553.0,318.61,0.9689130112504565,0.37437838911476823,352.50741177587076,129.37750782997588
14903.0,4.0,257.0,278.0,569.3625000000001,0.983097185967501,1.203185903315413,532.7765046383314,628.436989323123
14904.0,3.0,425.0,427.0,421.16333333333336,0.9823588067355503,0.657130762623377,417.87755477262493,269.2041669468432
14905.0,7.0,579.0,736.0,244.75571428571428,0.9640563567053243,0.829810356381007,268.6680409302867,218.56053950452903
14906.0,0.0,0.0,445.0,0.0,1.0,0.11446381610191417,409.57932521320134,45.96162917394773
14907.0,11.0,599.0,602.0,533.7336363636364,0.9954448921991943,1.5675983623918683,521.6330173543024,801.6365851877331
14908.0,1.0,389.0,463.0,277.79999999999995,0.9104214036255508,0.256247624829838,349.34792634149164,87.76079176283949
14909.0,2.0,226.0,663.0,526.0899999999999,0.7503883474188026,0.2460884751174789,482.67525211353836,116.44609062563156
14910.0,3.0,52.0,54.0,73.31333333333333,0.9814949332914342,2.738179077928286,168.69444627419998,452.86056412310927
14911.0,254.0,737.0,738.0,1162.3582677165355,0.9997505234914912,28.580212031817386,1158.8541272056618,32469.12103078881
14912.0,4.0,666.0,682.0,462.395,0.986058598475887,0.5531652256162083,450.3016488987246,244.1946069219244
14913.0,7.0,450.0,485.0,488.81,0.9885677476890146,1.2400622304831288,477.31534965766934,580.2671876177285
14915.0,9.0,645.0,736.0,178.79888888888888,0.9830718728486814,1.067453481081745,205.70736430467244,215.26606419576683
14916.0,7.0,547.0,617.0,334.64,0.9842214248110143,0.9952368438577086,345.51206870992695,337.10673566225205
14917.0,0.0,0.0,596.0,0.0,1.0,0.08836504081056883,409.57932521320134,35.48166805317919
14918.0,7.0,495.0,610.0,728.6371428571429,0.9715105701588272,0.9925890384042266,682.348782160065,663.9780438890896
14919.0,0.0,0.0,539.0,0.0,1.0,0.09668607267041714,409.57932521320134,38.82296048859777
14920.0,1.0,353.0,565.0,977.77,0.8685461337275178,0.2048581662767192,669.2780231151784,134.41283376168192
14921.0,1.0,171.0,201.0,413.06,0.9144769460794926,0.5114637535783804,411.1702114245793,206.1711539903709
14922.0,1.0,114.0,507.0,303.45,0.6527026772773831,0.16956870255972104,361.07158161563916,60.02342255592008
14923.0,0.0,0.0,50.0,0.0,1.0,,409.57932521320134,
14924.0,2.0,394.0,639.0,310.435,0.9175127049776245,0.31116487814430843,347.37861818246205,105.96744980262085
14926.0,1.0,217.0,598.0,139.2,0.7590483499424752,0.17011603358814487,285.999052228554,47.696916907497105
14927.0,0.0,0.0,396.0,0.0,1.0,0.12660029999842912,409.57932521320134,50.8350857837715
14928.0,0.0,0.0,627.0,0.0,1.0,0.08441419815008751,409.57932521320134,33.89522151086574
14929.0,1.0,389.0,421.0,223.88,0.9210358145147353,0.2816578358755132,324.70311182367345,89.65853715369941
14930.0,4.0,498.0,606.0,1079.9524999999999,0.9717896320816726,0.6070003945105211,926.4553004602943,551.3047646137537
14931.0,4.0,236.0,240.0,241.17,0.9865856733278835,1.3584989448165012,279.7311488777414,372.5507207418333
14932.0,1.0,20.0,385.0,727.06,0.4416569689180362,0.1458770344849792,554.687862733832,79.32677261036342
14933.0,1.0,1.0,444.0,885.0,0.29397923604435733,0.08583471706915381,626.8763272172187,52.75063976241971
14934.0,3.0,360.0,441.0,841.0566666666667,0.9674937370117467,0.6292455681931796,718.6690627150292,443.3327494688839
14935.0,1.0,322.0,619.0,1784.71,0.8352760282845908,0.18144989390013314,1038.1001044766065,184.66141841306614
14936.0,7.0,550.0,583.0,1602.3328571428572,0.9896872714643569,1.0533680354803785,1429.2902214338435,1475.9737164951473
14937.0,1.0,74.0,130.0,862.32,0.8807396500432392,0.6727292652422685,616.5101478169197,406.6095406859438
14938.0,0.0,0.0,562.0,0.0,1.0,0.09314668577912605,409.57932521320134,37.401725284339705
14940.0,1.0,316.0,733.0,349.48,0.7928005315614932,0.14761037045214265,382.1101723473746,55.2948307763725
14941.0,0.0,0.0,578.0,0.0,1.0,0.09083360950195356,409.57932521320134,36.47291477413569
14942.0,3.0,328.0,729.0,212.40333333333334,0.8102626474236251,0.3356114201683829,268.3318720641839,88.28493059872018
14943.0,0.0,0.0,663.0,0.0,1.0,0.08024774663070125,409.57932521320134,32.22220214572288
14944.0,11.0,631.0,660.0,785.6063636363637,0.9930490307911649,1.438504871819604,748.9571334404541,1056.1983782879831
14945.0,0.0,0.0,413.0,0.0,1.0,0.12210825694748767,409.57932521320134,49.031283081816866
14946.0,0.0,0.0,14.0,0.0,1.0,,409.57932521320134,
14947.0,5.0,552.0,624.0,145.43800000000002,0.9816248224816286,0.72557101296028,196.14504203368483,139.51959316866046
14948.0,5.0,196.0,219.0,164.714,0.9840462267772756,1.769055194408587,211.72064058589027,367.1895532854388
14949.0,3.0,252.0,721.0,142.84666666666666,0.6674934729790776,0.2792934797405019,218.5048017270019,59.82730341524564
14950.0,0.0,0.0,19.0,0.0,1.0,,409.57932521320134,
14951.0,0.0,0.0,79.0,0.0,1.0,,409.57932521320134,
14952.0,22.0,677.0,736.0,785.975,0.9880028136631911,2.5183128339320424,766.6927547166564,1892.8122745295086
14953.0,2.0,410.0,435.0,355.895,0.9680945840255558,0.4624796503043728,375.8991021893561,170.42975480180044
14954.0,1.0,691.0,703.0,336.17,0.9271436382019669,0.17936908124870565,376.0266693571639,66.12193695011493
14955.0,0.0,0.0,732.0,0.0,1.0,0.07331262079470888,409.57932521320134,29.437443950680915
14956.0,0.0,0.0,421.0,0.0,1.0,0.12010292449607271,409.57932521320134,48.22603306691412
14957.0,1.0,391.0,644.0,58.49,0.8625836621156356,0.1807718308199966,249.10953109107055,44.14698337603147
14958.0,5.0,589.0,736.0,154.31599999999997,0.969353564293083,0.6161821589217464,203.318738025928,122.8184544275135
14959.0,3.0,232.0,296.0,172.25333333333333,0.9649404151591762,0.8803912160692181,239.57033172722328,206.77244104053528
14960.0,1.0,163.0,171.0,132.97,0.9249774493088461,0.5833174551517097,283.15155233155826,161.92628576235427
14961.0,18.0,725.0,735.0,852.875,0.9967020345041099,2.0944181851683195,825.4314362629439,1694.8097703537653
14962.0,3.0,314.0,584.0,81.73333333333333,0.8867244972225364,0.44945442777433103,174.72613169480292,76.98787974999436
14963.0,10.0,516.0,525.0,297.48199999999997,0.9943811530250222,1.6186989351387573,309.3840395546987,490.95583607580625
14964.0,0.0,0.0,247.0,0.0,1.0,0.18687979868353125,409.57932521320134,75.0410223473809
14965.0,0.0,0.0,96.0,0.0,1.0,0.3617410617207625,409.57932521320134,145.2619774199471
14966.0,4.0,710.0,724.0,242.04000000000002,0.9862975614187003,0.523809002238945,280.4019425720267,143.98966844334137
14967.0,3.0,687.0,736.0,582.12,0.9781884413540969,0.40162174811383367,533.179215067421,209.92684197335637
14968.0,1.0,428.0,458.0,147.59,0.9221254741722739,0.26202508942351405,289.8338073065305,74.45168450942475
14969.0,0.0,0.0,703.0,0.0,1.0,0.07607580222869154,409.57932521320134,30.546981443861046
14970.0,9.0,595.0,663.0,502.6166666666667,0.986343243764257,1.1785768434822255,491.7687236818796,568.1932514231605
14971.0,1.0,8.0,43.0,500.21,0.8696726494679549,1.2053156554489215,451.0032156016538,532.9556879023803
14972.0,1.0,253.0,381.0,114.77,0.8814688363433679,0.2937585920928537,274.8330133066271,79.1486978661162
14973.0,2.0,118.0,225.0,329.925,0.9098000328729594,0.7503711062436004,359.6061640094388,264.53968242818223
14974.0,0.0,0.0,37.0,0.0,1.0,,409.57932521320134,
14975.0,1.0,364.0,421.0,279.94,0.9139076079954918,0.2794779909767112,350.32604027079674,95.98500523549663
14976.0,4.0,269.0,326.0,158.72750000000002,0.9739273700358606,1.0451915749211171,216.16573607186552,221.49572249782025
14977.0,0.0,0.0,725.0,0.0,1.0,0.0739610493360486,409.57932521320134,29.697816031936803
14978.0,9.0,518.0,590.0,321.34444444444443,0.9837105814552339,1.306675947648369,331.6324314064076,424.8178409222972
14979.0,0.0,0.0,735.0,0.0,1.0,0.07303819141664716,409.57932521320134,29.327248727905335
14980.0,0.0,0.0,737.0,0.0,1.0,0.07285637740844916,409.57932521320134,29.254242578206643
14981.0,1.0,177.0,423.0,102.12,0.8022713044449803,0.24433259608961871,269.0511716217161,64.4465411647379
14982.0,0.0,0.0,572.0,0.0,1.0,0.0916874178798051,409.57932521320134,36.81575943465102
14983.0,0.0,0.0,689.0,0.0,1.0,0.07748570820629053,409.57932521320134,31.11312073739644
14984.0,4.0,678.0,697.0,288.6025,0.9858257214256065,0.5421338371045364,316.302898192897,168.10755574699797
14985.0,1.0,160.0,358.0,172.24,0.8199887120966558,0.28814554721834046,301.10039999689064,85.05662603026931
14986.0,1.0,308.0,684.0,243.51999999999998,0.8040181636239478,0.15949606335379182,333.67982096925857,52.17463629893446
14987.0,6.0,722.0,737.0,251.16666666666666,0.9907664476230286,0.7403717068750285,277.3462610154585,201.30247111660813
14988.0,6.0,391.0,602.0,280.66,0.9052682460706084,0.8136301888541103,301.9654668027691,240.85869591309208
14989.0,0.0,0.0,661.0,0.0,1.0,0.08046839257284122,409.57932521320134,32.3108013975002
14990.0,1.0,118.0,730.0,105.18,0.5304684898210623,0.09913998682344173,270.44978312810565,26.2853996418333
14991.0,0.0,0.0,430.0,0.0,1.0,0.11792428191204386,409.57932521320134,47.351190609594724
14992.0,0.0,0.0,442.0,0.0,1.0,0.11513955471246261,409.57932521320134,46.232974028215146
14993.0,0.0,0.0,563.0,0.0,1.0,0.09299867105412869,409.57932521320134,37.342290270469405
14994.0,4.0,241.0,623.0,194.7325,0.6373689299422494,0.3882624618859279,243.92657166122245,92.84588558371688
14995.0,1.0,242.0,280.0,113.92,0.9149110216883196,0.3943047678076345,274.44451011040775,106.08990745246602
14996.0,0.0,0.0,481.0,0.0,1.0,0.10693326007387408,409.57932521320134,42.93771887933357
14997.0,3.0,609.0,655.0,182.06666666666663,0.9779581726264915,0.44675482031230973,246.60013452938284,108.00421927903382
14998.0,3.0,435.0,605.0,219.08,0.9507393008002554,0.46677651687286587,273.11471683752825,124.97775651451877
14999.0,0.0,0.0,592.0,0.0,1.0,0.0889019406766092,409.57932521320134,35.69725853908771
15000.0,0.0,0.0,47.0,0.0,1.0,,409.57932521320134,
15001.0,0.0,0.0,394.0,0.0,1.0,0.12715061629745983,409.57932521320134,51.0560683881216
15002.0,8.0,581.0,696.0,515.845,0.9754713064154779,0.9993986008393256,502.10611167440715,491.9390879723538
15003.0,5.0,209.0,682.0,137.75799999999998,0.2486836621037642,0.16952262075447513,189.93936674415704,31.566041381967846
15004.0,0.0,0.0,147.0,0.0,1.0,0.27479754719140853,409.57932521320134,110.34657142136616
15005.0,55.0,723.0,738.0,250.61581818181818,0.9975884274962205,6.232117913619069,253.9765113134819,1551.6922525737361
15006.0,1.0,402.0,453.0,502.09000000000003,0.9166356994362542,0.2629813082518908,451.86249325917413,116.49676895669856
15007.0,0.0,0.0,159.0,0.0,1.0,0.26010225252887276,409.57932521320134,104.44522817803623
15008.0,1.0,157.0,637.0,240.0,0.657572045545715,0.13918226175464474,332.0709606743268,45.3100767080568
15009.0,2.0,13.0,25.0,334.61,0.9590876983355177,2.577130652787219,362.54541758560026,916.0295356760062
15010.0,0.0,0.0,35.0,0.0,1.0,,409.57932521320134,
15011.0,1.0,21.0,416.0,193.6,0.41943138707604904,0.12959897498132278,310.8632567865901,39.496119541673465
15012.0,2.0,523.0,576.0,307.05,0.9650900111802322,0.3595053445855417,345.25495257834115,121.68155593504274
15013.0,9.0,190.0,677.0,157.2711111111111,0.0057100454247857365,0.006693963484509018,186.68967658615657,1.225126134238668
15014.0,1.0,133.0,176.0,142.44,0.9038142670778375,0.5581064157387093,287.47993500002525,157.29597852247133
15015.0,10.0,224.0,725.0,223.542,0.004288615246190213,0.005211050454032854,243.29468900597382,1.2428957521638235
15016.0,3.0,371.0,543.0,162.83333333333334,0.9433672533657432,0.5104590559753726,232.8222941189003,116.51041869945016
15017.0,0.0,0.0,33.0,0.0,1.0,,409.57932521320134,
15018.0,2.0,329.0,367.0,192.48000000000002,0.964545809060287,0.5334566494551105,273.37655722704665,142.96946718198527
15019.0,0.0,0.0,266.0,0.0,1.0,0.1761784089768162,409.57932521320134,70.74370308628293
15020.0,0.0,0.0,379.0,0.0,1.0,0.1314357640138626,409.57932521320134,52.776795764804184
15021.0,10.0,490.0,498.0,253.776,0.9944440224143954,1.6966090866967143,270.3185654529599,449.6104615066397
15022.0,3.0,666.0,677.0,301.68,0.9816556760444508,0.43513167069872316,332.2854075432057,141.74571748301148
15023.0,18.0,671.0,674.0,637.9777777777778,0.9971865283269382,2.268702633827609,623.8380785952501,1387.4789315181238
15024.0,11.0,415.0,424.0,301.1781818181818,0.9946314275157345,2.1379653764918065,311.7434286005503,653.3977861117376
15025.0,1.0,535.0,568.0,377.01,0.9227901673038107,0.21662025255824105,394.69310527904247,83.81841598010193
15026.0,4.0,368.0,448.0,169.4875,0.9725076727898004,0.7949224307206433,224.46198911842794,174.92333649268423
15027.0,8.0,594.0,624.0,333.7825,0.9911640679687979,1.1217750642441777,343.58212832897783,377.84525607408693
15028.0,4.0,386.0,394.0,249.125,0.9863143813291483,0.9012832087387973,285.86467053066,252.58227793278115
15029.0,0.0,0.0,619.0,0.0,1.0,0.08539954027496804,409.57932521320134,34.29088171254572
15030.0,7.0,574.0,645.0,226.74857142857147,0.9845709282234653,0.956263224661857,253.2733434595328,237.43485444053093
15031.0,11.0,727.0,731.0,264.2327272727273,0.9954168895387716,1.3131216034121738,278.39883870038,358.384393396138
15032.0,6.0,473.0,729.0,2045.875,0.900241248352438,0.6795122935971739,1775.4574879549177,1182.7273079538693
15033.0,9.0,325.0,329.0,224.0666666666667,0.9941260728536296,2.1981135386343915,245.69702187061077,529.4581074459531
15034.0,12.0,562.0,577.0,633.7066666666666,0.9946708309064469,1.7672221271371993,613.5186424758292,1062.9106144163165
15035.0,0.0,0.0,89.0,0.0,1.0,,409.57932521320134,
15036.0,2.0,107.0,179.0,206.2,0.9313311879913584,0.9135782380811317,281.9841472088897,252.5576537288212
15037.0,0.0,0.0,376.0,0.0,1.0,0.1323277188090702,409.57932521320134,53.13496618042378
15038.0,8.0,367.0,425.0,161.52,0.9821785010753774,1.5641850953271481,193.5911214986749,296.86120977020073
15039.0,82.0,720.0,729.0,485.70219512195126,0.9985495858745498,9.369998959749987,484.61519604277936,4451.567597528947
15040.0,0.0,0.0,541.0,0.0,1.0,0.09636765189657807,409.57932521320134,38.69509900970857
15041.0,1.0,274.0,444.0,180.35,0.8691454327673063,0.25376912096700766,304.80717755140665,75.83101100046969
15042.0,1.0,396.0,595.0,135.93,0.8780219982749247,0.19767501557270176,284.5044575795691,55.13423581738992
15043.0,5.0,502.0,533.0,491.22799999999995,0.9866467199216427,0.8404645295622154,475.55395588340014,391.8303094403501
15044.0,27.0,704.0,723.0,559.8344444444444,0.9966047290829748,3.152286587508768,553.502444528735,1710.4949002552762
15045.0,1.0,106.0,257.0,346.76,0.819046090976865,0.3782511341826385,380.86696211947276,141.23489213922892
15046.0,24.0,685.0,694.0,305.68791666666664,0.9973872078632675,2.920093523352983,310.5875327106918,889.1141590295337
15047.0,0.0,0.0,269.0,0.0,1.0,0.17459989731691025,409.57932521320134,70.10982752256417
15048.0,3.0,303.0,368.0,95.11666666666667,0.9688090995873622,0.7365789245150285,184.31331180712317,133.0938748383245
15049.0,0.0,0.0,273.0,0.0,1.0,0.17253875427715537,409.57932521320134,69.28214462827158
15050.0,3.0,455.0,480.0,950.7666666666668,0.9794110870307509,0.5913314236349476,797.2600612297977,462.1799148559465
15051.0,8.0,715.0,738.0,419.3925,0.9922678729926113,0.9633572149895944,418.12377317183234,394.8835384693028
15052.0,0.0,0.0,319.0,0.0,1.0,0.15191845831627565,409.57932521320134,61.00180033662379
15053.0,2.0,277.0,281.0,237.57,0.9712045637511997,0.6709994773319063,301.6649123495906,198.44141810222925
15054.0,1.0,28.0,40.0,133.68,0.9139206203109177,1.3033214307856398,283.4760667660473,362.2257684973786
15055.0,2.0,249.0,723.0,152.35,0.7490785443932018,0.2269372419175263,248.19998390551874,55.218629809485385
15056.0,0.0,0.0,520.0,0.0,1.0,0.09981947982975714,409.57932521320134,40.08117763483126
15057.0,4.0,459.0,734.0,737.965,0.9159004154375193,0.4803266446189958,662.7736239954918,312.0895182127831
15058.0,12.0,628.0,653.0,258.865,0.9938149929022986,1.578474950841668,272.44042736008214,421.58627415705575
15059.0,15.0,693.0,733.0,216.17533333333333,0.992977527669512,1.7553093738723184,230.36752430678158,396.4163326740139
15060.0,1.0,1.0,9.0,16.61,0.9146283494254187,1.8626062396938434,229.96775008205302,419.9612130745134
15061.0,67.0,735.0,738.0,2008.116119402985,0.9991098451489315,7.587568676939386,1980.2684070947946,14730.01049541023
15062.0,7.0,539.0,610.0,285.6985714285714,0.9838776940283478,1.0052244867117694,303.6709786146823,299.25689895511687
15063.0,0.0,0.0,213.0,0.0,1.0,0.20967697035527516,409.57932521320134,84.19567017296916
15064.0,3.0,307.0,717.0,309.8066666666667,0.7867293887027981,0.3308700331926174,338.1069629887441,109.67034889936699
15065.0,4.0,373.0,410.0,789.5325,0.9816589328640584,0.8667427876676007,702.5335709265893,596.950248848334
15066.0,0.0,0.0,53.0,0.0,1.0,,409.57932521320134,
15067.0,3.0,529.0,607.0,1037.7466666666667,0.9729307195529104,0.47624807220342447,859.5683745176889,401.32134792253595
15068.0,3.0,575.0,621.0,280.66,0.9776873070497958,0.4687965445995971,317.2276845573299,145.79208698963967
15069.0,0.0,0.0,179.0,0.0,1.0,0.23882379440549464,409.57932521320134,95.90027187464288
15070.0,2.0,352.0,724.0,259.225,0.86403782874249,0.2614326956600137,315.25072583769645,80.79678740253658
15071.0,3.0,477.0,570.0,429.77333333333337,0.969329606109316,0.5021726695748813,424.0453471088947,208.75859113114848
15072.0,0.0,0.0,479.0,0.0,1.0,0.1073255182239988,409.57932521320134,43.0952306312572
15073.0,7.0,672.0,681.0,329.8742857142857,0.9924056154155959,0.917286676748968,341.437756075065,307.039247321329
15074.0,2.0,362.0,467.0,603.335,0.9508557906974414,0.42687986153496293,531.1368620368232,222.276254510285
15075.0,0.0,0.0,77.0,0.0,1.0,,409.57932521320134,
15076.0,2.0,350.0,522.0,445.90000000000003,0.932398312856386,0.37932031357976465,432.36602174590024,160.78214227100327
15077.0,1.0,236.0,730.0,1554.6,0.7221719227067916,0.1349677054815484,932.9254333212812,123.43999278829189
15078.0,35.0,728.0,735.0,495.76800000000003,0.9981816963952889,4.00966923968569,492.93881652431105,1937.6619275409294
15079.0,7.0,519.0,731.0,432.6885714285714,0.9298923336291824,0.8054385708955644,429.3359216419162,339.0053687837301
15080.0,1.0,74.0,501.0,184.9,0.5552815422731678,0.1457894882950271,306.8868123076395,43.86178335922061
15081.0,11.0,513.0,535.0,153.6381818181818,0.9933207592021752,1.739295262432155,178.58331853021934,304.50364109425567
15082.0,0.0,0.0,668.0,0.0,1.0,0.07970139149885555,409.57932521320134,32.002816083278674
15083.0,0.0,0.0,256.0,0.0,1.0,0.18165296718775464,409.57932521320134,72.9420994669679
15084.0,1.0,266.0,645.0,615.8,0.7860388780818919,0.16449820969605083,503.8350796616427,81.25114674976265
15085.0,0.0,0.0,729.0,0.0,1.0,0.07358912084200846,409.57932521320134,29.54847065565965
15086.0,1.0,61.0,625.0,108.5,0.43219142186512227,0.09306965322641093,271.9672309062799,24.814459482229587
15087.0,0.0,0.0,281.0,0.0,1.0,0.16855927375447474,409.57932521320134,67.68412681577959
15088.0,1.0,46.0,67.0,295.88,0.9068433306447246,1.0260183929599271,357.61161785636835,359.7264512574707
15089.0,5.0,118.0,128.0,239.856,0.9866004152208104,2.6160837429828634,272.4376786855904,698.7309100391706
15090.0,0.0,0.0,308.0,0.0,1.0,0.1563873025028789,409.57932521320134,62.796315002908784
15091.0,1.0,607.0,674.0,480.71,0.917746404219823,0.18452129338583448,442.0904952177989,79.97187632957824
15092.0,2.0,247.0,462.0,228.90500000000003,0.8955239999084892,0.4058592504381062,296.228704828259,117.86466582381985
15093.0,19.0,713.0,731.0,740.8668421052632,0.996130025523841,2.2165645446160567,721.3734073630908,1567.5343847360023
15094.0,1.0,181.0,644.0,33.0,0.6916641644897911,0.14495219747234345,237.45900583032898,33.743752819590604
15095.0,7.0,584.0,687.0,409.5357142857143,0.9788280268416768,0.8975071437607226,409.54204128424,360.340955293921
15096.0,0.0,0.0,42.0,0.0,1.0,,409.57932521320134,
15097.0,1.0,579.0,583.0,248.08,0.9282060241693082,0.2128451555239771,335.7640263513292,70.06136400582928
15098.0,0.0,0.0,182.0,0.0,1.0,0.23592929797809015,409.57932521320134,94.73791175419336
15099.0,0.0,0.0,84.0,0.0,1.0,,409.57932521320134,
15100.0,6.0,368.0,701.0,446.25,0.728244102159728,0.5698089448386932,440.18973057946727,245.893124050047
15101.0,5.0,582.0,590.0,270.998,0.9893896919968567,0.7693346399788589,297.6013687723709,224.4545749196561
15102.0,1.0,16.0,546.0,198.77999999999997,0.3046285533422709,0.07408629478641644,313.230840970609,22.750112484840226
15103.0,1.0,55.0,86.0,411.68,0.8985185139560404,0.8876756226936849,410.53946505895266,357.2824308378001
15104.0,1.0,86.0,282.0,652.8,0.7641599500016095,0.3274332096429227,520.7463952617776,167.16155908459297
15105.0,6.0,608.0,626.0,460.75500000000005,0.9902947072420785,0.8590855061491787,452.2976051255209,380.9241162103643
15106.0,4.0,252.0,269.0,252.95499999999998,0.9839293973760534,1.2367708435488067,288.81770483998474,350.18479293467874
15107.0,8.0,140.0,451.0,108.4375,0.049113047159119884,0.07426511030047624,147.37155763498112,10.729463180361105
15108.0,3.0,86.0,227.0,369.6166666666666,0.8303334506659376,0.9372945469529876,380.9519873362812,350.05215139045936
15109.0,2.0,490.0,735.0,375.95,0.9292619062722833,0.2772982035879481,388.4811150964889,105.60755317762398
15110.0,5.0,462.0,485.0,240.84,0.9874100300403453,0.9146708983984981,273.23278083206117,245.00620648299724
15111.0,4.0,563.0,592.0,611.015,0.9844644513157147,0.6280410159339966,564.8917165362815,347.80165905814846
15112.0,0.0,0.0,611.0,0.0,1.0,0.08640816695070933,409.57932521320134,34.695891977724884
15113.0,2.0,45.0,54.0,683.3199999999999,0.9656031747077818,1.953493883964262,581.3174804550242,1113.34371924894
15114.0,11.0,391.0,421.0,271.2218181818182,0.9909162895616902,2.1431632491615296,284.70674241968385,598.1811659304684
15115.0,1.0,714.0,732.0,340.11,0.9263454680837734,0.17269138645910997,377.82749593728636,63.96513321825147
15116.0,3.0,187.0,204.0,291.03333333333336,0.9779750314237964,1.1987656628669452,324.6586445846127,381.54762775145707
15117.0,6.0,620.0,634.0,354.37999999999994,0.9906827352374102,0.8495702261465731,363.50235143117766,302.75005464890586
15118.0,0.0,0.0,134.0,0.0,1.0,0.2927196099124687,409.57932521320134,117.54376300168627
15119.0,0.0,0.0,245.0,0.0,1.0,0.18808249136534652,409.57932521320134,75.52398470235116
15120.0,0.0,0.0,133.0,0.0,1.0,0.2941958428031972,409.57932521320134,118.13659465840897
15121.0,1.0,238.0,288.0,162.57,0.910115424269048,0.3833337932095696,296.68060481166617,111.49450038673808
15122.0,9.0,505.0,619.0,423.7055555555555,0.9695801655130195,1.233204849824285,422.0584691389636,510.2528618152379
15123.0,4.0,626.0,633.0,1049.8775,0.9867823951151196,0.5924882682330992,903.2666563733646,524.6549724968944
15124.0,3.0,629.0,651.0,105.59666666666665,0.9805492147059109,0.4504440692937859,191.82068273442943,84.70606470361702
15125.0,14.0,593.0,618.0,997.7485714285714,0.9941757860288789,1.9226284684269879,951.7463147083664,1793.8825418100837
15126.0,1.0,151.0,687.0,257.04,0.620692813326825,0.12263773671627731,339.85930710206463,40.86041595562824
15127.0,1.0,454.0,519.0,406.53,0.9148061412496611,0.23277518820797685,408.1855927524474,93.148511200416
15128.0,4.0,370.0,430.0,367.75,0.9771295559168418,0.8278078823804723,377.32777626007186,306.216658029854
15129.0,20.0,560.0,610.0,327.97400000000005,0.9885350818194789,2.7267951358584828,332.5491465610292,888.9672064137156
15130.0,0.0,0.0,169.0,0.0,1.0,0.24900820704268367,409.57932521320134,99.99009727394437
15131.0,0.0,0.0,394.0,0.0,1.0,0.12715061629745983,409.57932521320134,51.0560683881216
15132.0,4.0,244.0,262.0,166.04000000000002,0.983599722620089,1.2629216262230705,221.80387272641826,274.61862811563833
15133.0,4.0,393.0,520.0,322.03,0.9613750826783592,0.68892953772058,342.0764110845295,231.03466477844398
15134.0,9.0,408.0,422.0,168.06555555555553,0.9929468787479666,1.7751118059264523,196.22551329249885,341.47665902275395
15135.0,1.0,317.0,556.0,139.05,0.8534782621802921,0.20422329967008465,285.93049284098583,57.24621496562527
15136.0,2.0,94.0,96.0,351.9,0.9711286405794536,1.4475057381672427,373.3927376137392,529.8873274429019
15137.0,1.0,160.0,680.0,430.58,0.6402389140947413,0.12768874949684975,419.17794789253503,52.47236256369665
15138.0,0.0,0.0,393.0,0.0,1.0,0.1274275739372378,409.57932521320134,51.16728231032482
15139.0,1.0,97.0,336.0,56.86,0.7414118799175096,0.2748454192603857,248.36451907949706,66.92118201791759
15140.0,6.0,390.0,442.0,392.375,0.9833253780720242,1.1633345519626503,395.2182213641184,450.73516159835754
15141.0,5.0,164.0,621.0,220.766,0.16119382168665233,0.11966878340967589,257.0123738318032,30.151774540484183
15142.0,4.0,454.0,500.0,545.975,0.9813418093838375,0.7281777491596112,514.7441051841977,367.45845879723765
15143.0,1.0,207.0,432.0,259.45,0.8271551478912164,0.2473452192732899,340.96082792899233,82.67822298343835
15144.0,23.0,718.0,726.0,512.6134782608696,0.9974147287426313,2.6881693727181606,507.5533977561389,1337.5650871990647
15145.0,3.0,244.0,248.0,257.5,0.981786894188575,1.03362473377828,300.63696788973317,304.6427391759602
15146.0,1.0,127.0,291.0,492.94,0.8230753215889514,0.3437469480425883,447.68037061751915,150.8669023188948
15147.0,0.0,0.0,240.0,0.0,1.0,0.19115816564224367,409.57932521320134,76.75907687073669
15148.0,0.0,0.0,10.0,0.0,1.0,,409.57932521320134,
15149.0,3.0,516.0,649.0,410.26000000000005,0.9636766964832866,0.44393478601979913,410.06692808585046,178.46462310374548
15150.0,11.0,526.0,543.0,634.2745454545454,0.9939851645613411,1.7175100625850204,612.3747722757921,1031.0857528269735
15151.0,1.0,86.0,509.0,1116.26,0.5838510054658164,0.15115254659375452,732.5766203438994,108.5551021888766
15152.0,13.0,692.0,701.0,365.05307692307696,0.9957242494577342,1.5994353486414228,368.78104831009944,578.2453370807647
15153.0,0.0,0.0,31.0,0.0,1.0,,409.57932521320134,
15154.0,1.0,403.0,478.0,296.42,0.9107444084485353,0.24925209051914918,357.8584316516136,87.44446095598552
15155.0,0.0,0.0,383.0,0.0,1.0,0.1302650446336998,409.57932521320134,52.30668582096297
15156.0,2.0,32.0,33.0,321.84499999999997,0.971287808905937,2.393089679155735,354.53697107552534,831.8192611549623
15157.0,4.0,726.0,729.0,551.4775,0.9871606760640644,0.5209618518958133,518.9866825437431,265.05710969255244
15158.0,1.0,356.0,401.0,401.4,0.9168915034627052,0.2924360521790612,405.84086169761787,116.35110018432282
15159.0,22.0,430.0,431.0,941.2822727272727,0.9977743778394044,4.111317220749783,914.0438442898302,3684.0652111024992
15160.0,3.0,64.0,421.0,162.65333333333334,0.29374408104805466,0.19892551563354427,232.69335072511066,45.37906102004387
15161.0,0.0,0.0,388.0,0.0,1.0,0.12883067455678865,409.57932521320134,51.730705630936534
15162.0,0.0,0.0,731.0,0.0,1.0,0.07340455624802243,409.57932521320134,29.474360001722538
15163.0,1.0,174.0,192.0,149.47,0.9204335155873471,0.5328759887582917,290.69308496405085,151.86329530544802
15164.0,8.0,622.0,690.0,232.8175,0.9864378610866288,1.0186781841036887,255.670702425943,255.32603331821088
15165.0,0.0,0.0,373.0,0.0,1.0,0.1332318730676359,409.57932521320134,53.49803554378735
15166.0,0.0,0.0,467.0,0.0,1.0,0.10974090012276025,409.57932521320134,44.06513103148202
15167.0,3.0,353.0,673.0,324.5466666666667,0.87510488286071,0.3900066395148809,348.6659942357379,133.3090422166701
15168.0,0.0,0.0,25.0,0.0,1.0,,409.57932521320134,
15169.0,1.0,344.0,726.0,213.05,0.8137457847131252,0.15285140168910305,319.7531240412556,47.91410137372796
15170.0,0.0,0.0,406.0,0.0,1.0,0.12391871310419501,409.57932521320134,49.7582804211622
15171.0,0.0,0.0,331.0,0.0,1.0,0.14732612084514865,409.57932521320134,59.157699704202834
15172.0,4.0,228.0,236.0,319.4125,0.9857031065002115,1.3753957738378797,340.0582472974127,458.5285991495339
15173.0,6.0,237.0,617.0,183.09,0.3414732506768214,0.3001453875630449,220.52008111104587,64.88699806333665
15174.0,1.0,88.0,410.0,135.75,0.6626845565339946,0.2073500178547201,284.42218631448736,57.81641393690161
15175.0,0.0,0.0,71.0,0.0,1.0,,409.57932521320134,
15176.0,0.0,0.0,667.0,0.0,1.0,0.0798100663351792,409.57932521320134,32.046453892862615
15177.0,0.0,0.0,425.0,0.0,1.0,0.11912477435836699,409.57932521320134,47.83325292131422
15178.0,0.0,0.0,260.0,0.0,1.0,0.17942275969007276,409.57932521320134,72.04652332074139
15179.0,12.0,718.0,736.0,560.7141666666666,0.9947336319949454,1.4159668659150582,547.1008617679673,759.4464427492157
15180.0,2.0,222.0,589.0,225.79500000000002,0.7939773920402745,0.2898784674321167,294.27756744899284,83.62814328822927
15181.0,4.0,665.0,731.0,259.37,0.9812146579225286,0.5165212361630216,293.763844551295,148.75234910213305
15182.0,6.0,502.0,656.0,405.6768333333334,0.9606607444177666,0.7986478533548962,406.3217669851121,318.12878221828953
15183.0,2.0,37.0,584.0,173.95,0.19323193017665666,0.07109246140493088,261.7512917486536,18.24281191153756
15184.0,3.0,694.0,723.0,188.92,0.9801055442786945,0.40905500548611523,251.50953485589105,100.85880010953528
15185.0,0.0,0.0,70.0,0.0,1.0,,409.57932521320134,
15186.0,4.0,682.0,696.0,309.95,0.9862553466571585,0.5430837392522394,332.76240208801704,177.16527614018977
15187.0,13.0,211.0,212.0,334.2753846153846,0.9961758315918215,4.4390558648457175,340.58022606642066,1482.1595285748272
15188.0,0.0,0.0,725.0,0.0,1.0,0.0739610493360486,409.57932521320134,29.697816031936803
15189.0,42.0,508.0,509.0,412.4271428571428,0.9988093841612005,6.694429025365435,412.3488135383262,2706.1787757912216
15190.0,0.0,0.0,434.0,0.0,1.0,0.11698118198978953,409.57932521320134,46.9724854686859
15191.0,1.0,225.0,688.0,245.29999999999998,0.7277206764921512,0.1435934948359171,334.4933923684002,47.0870830642625
15192.0,4.0,560.0,679.0,417.5375,0.9719549193668453,0.5474548110357181,415.71529471320645,223.11150364825093
15193.0,0.0,0.0,60.0,0.0,1.0,,409.57932521320134,
15194.0,26.0,733.0,736.0,465.065,0.9980166529127695,2.9931157882013655,462.6407379542824,1357.512588945272
15195.0,0.0,0.0,2.0,0.0,1.0,,409.57932521320134,
15196.0,1.0,294.0,726.0,164.0,0.778584273358822,0.1462467760222466,297.3342043064822,42.629505822764735
15197.0,5.0,718.0,728.0,351.91,0.989366394181246,0.6352565688877614,362.98074364558346,226.05280795128718
15198.0,4.0,597.0,689.0,122.6375,0.977067147826304,0.5430257546406647,188.3393631675496,100.26263930829822
15199.0,9.0,516.0,575.0,313.5,0.986509482421355,1.3411648837975656,324.70263139129935,426.9194826959687
15200.0,0.0,0.0,494.0,0.0,1.0,0.10445188964139474,409.57932521320134,41.94132228631145
15201.0,5.0,524.0,611.0,309.978,0.9785949187837834,0.7372639884267266,329.0984029892711,237.86297844417243
15202.0,0.0,0.0,420.0,0.0,1.0,0.12034997896596522,409.57932521320134,48.325238822132945
15203.0,13.0,706.0,731.0,318.8076923076923,0.9943761681352169,1.5369770176229978,326.4075702048853,491.81782253118683
15204.0,0.0,0.0,357.0,0.0,1.0,0.1382707972718491,409.57932521320134,55.52145337058123
15205.0,1.0,42.0,127.0,176.94,0.8294244571825021,0.6434815404059634,303.2485941406915,191.3075950126298
15206.0,3.0,265.0,275.0,134.20000000000002,0.9806329248004786,0.9501504056168533,212.31074314384907,197.7647635175391
15207.0,2.0,131.0,547.0,137.96,0.6226242559532846,0.24293734380974422,239.17205243039325,56.96190956980683
15208.0,5.0,422.0,423.0,174.024,0.9899828241985749,1.0338389435573876,219.24340581316937,222.20803469286173
15209.0,0.0,0.0,730.0,0.0,1.0,0.07349672263995158,409.57932521320134,29.51136878672702
15210.0,2.0,350.0,575.0,437.135,0.9163500565283927,0.34188321986244646,426.8670766882577,143.07044991559786
15211.0,1.0,305.0,365.0,511.34000000000003,0.9104869891217687,0.31473234363755165,456.09032215920786,140.72684375095832
15212.0,1.0,135.0,376.0,101.79999999999998,0.7772071573094841,0.261952158530474,268.9049115949041,69.05659182660102
15213.0,1.0,11.0,329.0,15.149999999999999,0.4486814628340439,0.16928771201525356,229.30043870972338,38.0553819032837
15214.0,7.0,241.0,242.0,163.78714285714287,0.9929016273075879,2.2355112441639813,199.44625090669365,437.10631462074775
15215.0,5.0,566.0,612.0,405.192,0.9853047810788413,0.741220891416884,406.0342320279558,295.0450608261249
15216.0,1.0,531.0,618.0,96.6,0.9124283704993809,0.19850030438717556,266.5281861592095,51.86621383646776
15217.0,0.0,0.0,563.0,0.0,1.0,0.09299867105412869,409.57932521320134,37.342290270469405
15218.0,19.0,672.0,682.0,586.4326315789474,0.9967826188100886,2.363760174408034,576.0263282599445,1334.819737180766
15219.0,1.0,472.0,648.0,305.75,0.8908337949952652,0.1856444027026135,362.1228255583503,65.90489141503858
15220.0,5.0,229.0,280.0,292.57,0.9756761698404961,1.4427111827954784,315.0322056663414,445.5719860869551
15221.0,3.0,271.0,637.0,714.0333333333333,0.7901767793859432,0.3702393568025935,627.6756199902006,227.82226546591744
15222.0,10.0,405.0,723.0,311.43500000000006,0.45174939881599047,0.5503111790869049,321.85556657939935,173.63855760221549
15223.0,4.0,509.0,734.0,296.9375,0.9434448291041717,0.4947717912435671,322.7294101950436,156.53835396897748
15224.0,4.0,335.0,693.0,196.99,0.7972164467336013,0.44072874643555365,245.6671656438075,106.14415179709621
15225.0,0.0,0.0,234.0,0.0,1.0,0.1949846357594625,409.57932521320134,78.295666926737
15226.0,0.0,0.0,310.0,0.0,1.0,0.15555531190357522,409.57932521320134,62.46221951676047
15227.0,7.0,597.0,633.0,307.7728571428571,0.9896349204651839,0.9777337189622771,322.5427648358715,309.16158658186714
15228.0,5.0,433.0,499.0,923.9720000000001,0.9801090837309051,0.8853259683799425,825.2243657130114,716.2332660771137
15229.0,0.0,0.0,586.0,0.0,1.0,0.08971964158631777,409.57932521320134,36.02560395176832
15230.0,1.0,1.0,240.0,59.400000000000006,0.4941073891088226,0.24093403245520978,249.52545804231713,58.93893269489169
15231.0,0.0,0.0,621.0,0.0,1.0,0.08515105360010276,409.57932521320134,34.19110285664354
15232.0,1.0,27.0,140.0,301.7,0.7709492689733307,0.5600134488735641,360.2717220940112,197.79926292845144
15233.0,0.0,0.0,401.0,0.0,1.0,0.12524514319821728,409.57932521320134,50.29091522827264
15234.0,0.0,0.0,276.0,0.0,1.0,0.17102459374891282,409.57932521320134,68.67411127195871
15235.0,11.0,171.0,388.0,231.1027272727273,0.09655158457338857,0.22407938811886638,248.49783255540189,54.58895561176885
15236.0,0.0,0.0,298.0,0.0,1.0,0.16068458631804092,409.57932521320134,64.52194138177657
15237.0,3.0,226.0,227.0,157.79999999999998,0.9823986862784634,1.1089483759134264,229.21665477404258,249.19763510043617
15238.0,2.0,155.0,184.0,385.925,0.9614514623428758,0.9241016303208629,394.7391843434922,357.6183227390787
15239.0,1.0,68.0,78.0,318.8,0.9203511042019464,0.9605232198998958,368.08749227677623,346.6271974018972
15240.0,11.0,690.0,734.0,355.4736363636364,0.9916488957267213,1.303231778278557,360.74701205989277,460.89405806550513
15241.0,10.0,588.0,654.0,275.452,0.9867469554052661,1.3175835512801668,289.693095646281,374.19121810806155
15242.0,0.0,0.0,422.0,0.0,1.0,0.11985688299638046,409.57932521320134,48.12723408741054
15243.0,1.0,361.0,435.0,316.68,0.9091617279351039,0.2702351317525858,367.1185195991469,97.25930589994334
15244.0,2.0,601.0,666.0,315.78499999999997,0.9644778751314605,0.3149993972674686,350.73507637509033,108.30973730666157
15245.0,7.0,461.0,595.0,585.5114285714286,0.9615789005733915,1.0048097250286285,559.9875009066026,551.6201459743512
15246.0,2.0,317.0,555.0,257.07500000000005,0.9052434440234327,0.34864741375881003,313.90186880701407,107.29020670776927
15247.0,2.0,415.0,537.0,332.25,0.9500472307568153,0.3768576378395923,361.0648117286652,133.39588846057828
15248.0,2.0,123.0,534.0,335.51,0.6095764193473551,0.2430147907471085,363.1100554123975,86.50694562031617
15249.0,16.0,592.0,623.0,530.3175,0.9936607946571226,2.1681089301798564,521.9730774317704,1109.4469747166208
15250.0,0.0,0.0,640.0,0.0,1.0,0.08286063835947574,409.57932521320134,33.271396253129815
15251.0,18.0,670.0,679.0,1080.8144444444445,0.9967268388388723,2.252390736844704,1039.2595978151994,2294.7991709544754
15252.0,4.0,575.0,611.0,376.34250000000003,0.9837648749515236,0.6099285556508633,383.9528277751823,229.58055049441094
15253.0,5.0,570.0,586.0,328.726,0.9886117196846504,0.7734610122833953,344.24736136532147,261.0281440756496
15254.0,2.0,433.0,560.0,319.005,0.9499675680912393,0.36294205524946505,352.7552250442984,125.51349476107255
15255.0,7.0,670.0,736.0,495.56857142857143,0.9866825665101531,0.8492858394179758,483.09339914074246,402.2183509840322
15256.0,1.0,413.0,561.0,98.45,0.8930019669372807,0.21197300286947382,267.3737519392162,55.56230688706346
15257.0,1.0,131.0,414.0,317.15,0.7461402700126953,0.23151139348815783,367.33333901352694,83.37123393625137
15258.0,1.0,49.0,217.0,307.5,0.7399421701418648,0.39030589408372696,362.9226850799783,138.87039915024462
15259.0,2.0,170.0,682.0,439.915,0.6126081486983349,0.1957888600961354,428.6111801976983,82.26780536741799
15260.0,19.0,633.0,733.0,470.2463157894737,0.9664070782578797,2.1450275466114834,466.676582667933,981.3534112079592
15261.0,3.0,299.0,434.0,213.22333333333336,0.9465493325215886,0.6242767380205115,268.9192808581144,164.58108041639622
15262.0,2.0,165.0,488.0,145.875,0.7688187283919332,0.3320296845854213,244.1377284293938,79.46802991700326
15263.0,0.0,0.0,106.0,0.0,1.0,0.3405950459555679,409.57932521320134,136.76992084274931
15264.0,1.0,466.0,530.0,393.74,0.9153496556181445,0.2286048511516226,402.3397623058062,90.16952637933561
15265.0,3.0,587.0,738.0,1017.1666666666666,0.963411189506596,0.3945682780233865,844.8258464944099,326.7885896999324
15266.0,4.0,363.0,701.0,160.0525,0.8371447917943076,0.4579627887041527,217.1873471579896,97.50844497912445
15267.0,4.0,160.0,182.0,170.4,0.9805446235647878,1.6688892915454017,225.16555147019267,368.39815997849166
15268.0,1.0,127.0,605.0,414.30000000000007,0.6192431548313237,0.13733255575144027,411.73696902847576,55.433684458266
15269.0,2.0,367.0,390.0,372.03,0.9680439590070398,0.5082765822095858,386.0218036731052,192.3509428004195
15270.0,13.0,707.0,722.0,616.1276923076923,0.9952683706269271,1.5559762739945988,598.8343780911596,913.4534419285417
15271.0,23.0,484.0,491.0,178.09391304347827,0.997255237751096,3.826464731226974,189.46232620166322,710.7209029471887
15272.0,5.0,606.0,663.0,324.182,0.9843600479410304,0.6885568993561842,340.5756701523509,229.89582086747038
15273.0,0.0,0.0,599.0,0.0,1.0,0.08796660426475982,409.57932521320134,35.32167713158624
15274.0,1.0,14.0,18.0,332.58000000000004,0.9230643878930028,1.6717825908242325,374.38581468136704,613.6448019377473
15275.0,0.0,0.0,37.0,0.0,1.0,,409.57932521320134,
15276.0,2.0,368.0,434.0,124.015,0.959717007915398,0.4593977998875749,230.42330299185085,103.77597668819232
15277.0,1.0,379.0,425.0,255.89999999999998,0.9172720629233259,0.27821494925410545,339.3382557565469,92.55429117273074
15278.0,1.0,104.0,665.0,238.44,0.5323417866422482,0.10835229035115904,331.35794304361843,35.19777340561531
15279.0,4.0,321.0,675.0,307.10249999999996,0.7882081609280562,0.4463622444567825,330.56690203689374,144.65203064805183
15280.0,2.0,399.0,571.0,132.31,0.9375281913912035,0.3519871034718194,235.6273816288325,81.30777042266152
15281.0,14.0,369.0,427.0,341.1392857142857,0.9789171542674409,2.630008048836403,346.4921603965795,893.3672087217951
15282.0,0.0,0.0,570.0,0.0,1.0,0.0919756004456515,409.57932521320134,36.9314784766547
15283.0,2.0,128.0,518.0,24.375,0.6430211013609245,0.2633924371086787,167.9116218117602,43.35750314269862
15284.0,0.0,0.0,500.0,0.0,1.0,0.10334509272028221,409.57932521320134,41.49688741423654
15285.0,0.0,0.0,407.0,0.0,1.0,0.1236567940231689,409.57932521320134,49.65310551590241
15286.0,0.0,0.0,49.0,0.0,1.0,,409.57932521320134,
15287.0,4.0,715.0,737.0,199.4575,0.9856577708142835,0.5149736167756408,247.56967534570276,124.98551797536231
15288.0,8.0,622.0,665.0,443.57875,0.9898433112852695,1.057258136221944,439.18302860438104,455.20171763750386
15289.0,4.0,592.0,621.0,288.3675,0.9846039536376577,0.6015369118180279,316.12170679271645,186.42097066739228
15290.0,23.0,649.0,653.0,444.3113043478261,0.9976803704063175,2.9627659574273726,442.60559216102797,1285.5568182625161
15291.0,38.0,711.0,736.0,353.0436842105263,0.9958276410272833,4.3314307683597875,354.7574229182337,1506.3964799320981
15292.0,0.0,0.0,201.0,0.0,1.0,0.21911351240119956,409.57932521320134,87.9851232940902
15293.0,0.0,0.0,665.0,0.0,1.0,0.08002830784575957,409.57932521320134,32.134087633707026
15294.0,0.0,0.0,410.0,0.0,1.0,0.12287764317995899,409.57932521320134,49.340233720741715
15295.0,0.0,0.0,654.0,0.0,1.0,0.08125030499420188,409.57932521320134,32.62477443590376
15296.0,9.0,637.0,687.0,1014.7111111111111,0.9896833974939547,1.1447661840246646,944.1541174443664,1059.5873760319578
15297.0,2.0,53.0,63.0,205.74,0.9653725476813462,1.814059783050874,281.69555454185996,500.99543523332346
15298.0,21.0,729.0,731.0,435.99619047619046,0.9976463136643458,2.445907539985187,434.58189714939914,1042.0491689171429
15299.0,6.0,629.0,696.0,1210.0033333333333,0.9850207364550456,0.7757930986411439,1077.723652960041,819.6540269825268
15300.0,0.0,0.0,64.0,0.0,1.0,,409.57932521320134,
15301.0,13.0,400.0,450.0,544.66,0.9853555299969176,2.3561217018256833,533.3503363772384,1231.939884995109
15302.0,0.0,0.0,730.0,0.0,1.0,0.07349672263995158,409.57932521320134,29.51136878672702
15303.0,2.0,393.0,683.0,460.99,0.9039384429665601,0.28851109580034223,441.8331159752014,124.96811359374965
15304.0,8.0,361.0,421.0,102.19375000000001,0.9812719894962935,1.5756369440572444,141.9350502761729,219.2430057585505
15305.0,0.0,0.0,555.0,0.0,1.0,0.09419613624789218,409.57932521320134,37.823130149758995
15306.0,8.0,595.0,659.0,387.15250000000003,0.986647157857582,1.0625920816751566,390.052021860845,406.31837244979545
15307.0,0.0,0.0,95.0,0.0,1.0,0.3640015702547481,409.57932521320134,146.16978109221927
15308.0,0.0,0.0,274.0,0.0,1.0,0.17203105988695083,409.57932521320134,69.07827245543703
15309.0,3.0,125.0,735.0,174.73666666666668,0.2205775585358119,0.09067741800721912,241.3492729933948,21.454711881195095
15310.0,0.0,0.0,478.0,0.0,1.0,0.10752272911576753,409.57932521320134,43.17442092531664
15311.0,195.0,738.0,738.0,594.6058461538462,0.9997635929201881,21.95868683180102,593.4855421172449,12775.938944044094
15312.0,11.0,648.0,723.0,237.14,0.9862015807156769,1.3141933140957178,253.94668643155916,327.1738440042278
15313.0,0.0,0.0,110.0,0.0,1.0,0.33281539037947283,409.57932521320134,133.64569191710484
15314.0,2.0,229.0,428.0,173.88500000000002,0.8972589037533045,0.4347362036129636,261.7105123500516,111.5394776416966
15315.0,1.0,52.0,116.0,336.96,0.8620778425210908,0.709680410748064,376.3877487983559,261.87667602992315
15316.0,0.0,0.0,326.0,0.0,1.0,0.1492053868808503,409.57932521320134,59.91233791496229
15317.0,0.0,0.0,677.0,0.0,1.0,0.07873647945058339,409.57932521320134,31.615360848148065
15318.0,0.0,0.0,3.0,0.0,1.0,,409.57932521320134,
15319.0,0.0,0.0,283.0,0.0,1.0,0.16759295794403767,409.57932521320134,67.29608921489813
15320.0,0.0,0.0,44.0,0.0,1.0,,409.57932521320134,
15321.0,6.0,604.0,674.0,1049.6783333333333,0.9842768337739646,0.7983198961073762,943.8942847010932,738.7163626657205
15322.0,1.0,391.0,476.0,679.68,0.9076859608645342,0.24933408964899503,533.0322375139837,130.29189872502633
15323.0,2.0,99.0,661.0,163.2,0.3927721117541001,0.12916408370569507,255.00700659524156,32.2903315492359
15324.0,0.0,0.0,701.0,0.0,1.0,0.0762740668087141,409.57932521320134,30.626593367394985
15325.0,6.0,558.0,661.0,231.085,0.9776675924759469,0.8071801959777384,260.58333094474733,206.20283718585375
15326.0,4.0,405.0,738.0,348.18,0.8647597744094528,0.45124506758401794,362.2387732748277,160.24506479191103
15327.0,0.0,0.0,52.0,0.0,1.0,,409.57932521320134,
15328.0,0.0,0.0,407.0,0.0,1.0,0.1236567940231689,409.57932521320134,49.65310551590241
15329.0,10.0,686.0,725.0,266.59700000000004,0.9918302011068769,1.2051622547377956,281.7782836485942,332.9122973676181
15330.0,1.0,28.0,60.0,394.56,0.8875671344970985,1.0610141197454324,402.71455362451184,418.9145342861767
15331.0,1.0,110.0,609.0,402.32,0.5794770453378479,0.12775037357985014,406.26135927470233,50.88010839333776
15332.0,3.0,147.0,513.0,1615.8366666666668,0.5834048690721598,0.3320939594902942,1273.684410716782,414.6698534100055
15333.0,0.0,0.0,208.0,0.0,1.0,0.2135080914893683,409.57932521320134,85.7341401899022
15334.0,2.0,17.0,173.0,118.58500000000001,0.6577163585352067,0.6615207735638203,227.0166547701739,147.22843175298442
15335.0,0.0,0.0,53.0,0.0,1.0,,409.57932521320134,
15336.0,0.0,0.0,401.0,0.0,1.0,0.12524514319821728,409.57932521320134,50.29091522827264
15337.0,0.0,0.0,411.0,0.0,1.0,0.12262010525470475,409.57932521320134,49.23681814839139
15338.0,0.0,0.0,677.0,0.0,1.0,0.07873647945058339,409.57932521320134,31.615360848148065
15339.0,5.0,603.0,669.0,338.488,0.9832114434798295,0.6821232862991998,352.13535644036966,235.47786238451886
15340.0,0.0,0.0,561.0,0.0,1.0,0.09329517263316585,409.57932521320134,37.46134988590921
15341.0,1.0,369.0,449.0,2020.52,0.9079208894823004,0.2625097833196202,1145.88003235952,294.89501256443435
15342.0,0.0,0.0,129.0,0.0,1.0,0.3002532101308375,409.57932521320134,120.56914012563593
15343.0,0.0,0.0,87.0,0.0,1.0,,409.57932521320134,
15344.0,2.0,74.0,74.0,127.625,0.9720622341813079,1.6805381418744745,232.68812805267106,383.374291966239
15345.0,0.0,0.0,45.0,0.0,1.0,,409.57932521320134,
15346.0,2.0,99.0,431.0,166.82,0.6410127982913423,0.3086992688502409,257.2781054096929,77.86100496534668
15347.0,3.0,71.0,437.0,269.25,0.31035259967569023,0.20346089839700873,309.05410609544396,61.64477063175306
15348.0,0.0,0.0,72.0,0.0,1.0,,409.57932521320134,
15349.0,1.0,29.0,187.0,107.69999999999999,0.7119212350995817,0.420362620330692,271.60158083924995,111.93056146642641
15350.0,1.0,10.0,383.0,231.3,0.39113305357469136,0.12976659355128994,328.0945161953762,41.7393923537264
15351.0,9.0,420.0,432.0,339.8333333333333,0.993261685207037,1.739854544543269,347.9655577876258,593.5111548004471
15352.0,0.0,0.0,548.0,0.0,1.0,0.09526951554233935,409.57932521320134,38.25414386030799
15353.0,6.0,483.0,737.0,481.7266666666667,0.9051831114634796,0.6764177035632274,469.8034520073997,311.5359329976467
15354.0,0.0,0.0,603.0,0.0,1.0,0.08744091372766247,409.57932521320134,35.11058783519475
15355.0,1.0,24.0,53.0,150.8,0.8897912643645447,1.1274739531156321,291.30097820048815,322.0007208358819
15356.0,12.0,391.0,422.0,271.9325,0.9909144450532117,2.322380765367911,284.33088664562496,647.3469885797142
15358.0,29.0,728.0,732.0,572.5520689655172,0.9981345822839833,3.347210949200626,566.1391403821672,1857.7306513003875
15359.0,3.0,31.0,693.0,58.083333333333336,0.02606930426703991,0.011311355068876901,157.78440245522336,1.7496716741901812
15360.0,0.0,0.0,39.0,0.0,1.0,,409.57932521320134,
15361.0,3.0,182.0,543.0,205.89000000000001,0.6719475037315759,0.36359295618548104,263.66603148150057,93.98291896659407
15362.0,1.0,290.0,738.0,302.33,0.7709727115495013,0.14265216343488885,360.55967152179727,50.42367931827132
15363.0,1.0,120.0,492.0,652.0,0.6749124306478126,0.18006380825894291,520.3807451947476,91.86067829274228
15364.0,1.0,159.0,254.0,581.39,0.8785553482178198,0.4095569521608175,488.1075561535173,195.983012915738
15365.0,6.0,648.0,673.0,705.335,0.9897632401039274,0.8038591800054021,656.4578227383287,517.3258981687749
15366.0,6.0,576.0,651.0,345.41499999999996,0.9830804756730818,0.8230028092869052,356.01892535014565,287.24467577465737
15367.0,8.0,672.0,729.0,536.96375,0.9885678618640674,0.9706599393238828,520.4944583865323,495.29060096096987
15368.0,1.0,373.0,394.0,446.94000000000005,0.923568657016923,0.29906249843784555,426.6554917632974,125.09019617240602
15369.0,7.0,239.0,731.0,848.3285714285714,0.07943603949816758,0.06880457857019136,784.6755836586486,52.92786850295886
15370.0,7.0,370.0,410.0,340.86428571428576,0.9864544088573722,1.433297347812857,350.8333457333364,492.9664720211123
15371.0,0.0,0.0,662.0,0.0,1.0,0.08035791808519999,409.57932521320134,32.26644092940015
15372.0,5.0,526.0,663.0,1116.964,0.9683548919525103,0.6773613407755422,981.1678143427699,651.5403581824935
15373.0,15.0,578.0,586.0,220.15933333333334,0.9961863608530805,2.1594029176214984,234.05917414229614,495.4924356599937
15374.0,1.0,496.0,624.0,168.0,0.9027953451014061,0.1946934867599667,299.16245464163194,57.100336405803425
15375.0,0.0,0.0,690.0,0.0,1.0,0.07738326924988015,409.57932521320134,31.07198697178353
15376.0,2.0,182.0,222.0,289.595,0.9587744340170984,0.7990590623839127,334.30411561528933,261.8836253153827
15377.0,2.0,33.0,415.0,453.725,0.32421207391676937,0.16134763875258754,437.2752339622211,69.1670686537522
15378.0,1.0,39.0,501.0,136.5,0.43281900678137686,0.11363687916710344,284.7649832523279,31.723984581948756
15379.0,7.0,231.0,400.0,529.0414285714286,0.8144319704075557,1.208869151069378,511.7100716070047,606.434149953271
15380.0,10.0,730.0,738.0,321.564,0.9946937995479325,1.1890453348970602,330.90911042181256,385.730388375481
15381.0,4.0,370.0,583.0,385.2675,0.923779312814722,0.5975248750780444,390.8342458458672,228.94287087771602
15382.0,9.0,721.0,735.0,1356.7055555555555,0.9936916974977482,1.0803355881864878,1246.2727853834936,1319.9229294177712
15384.0,3.0,423.0,592.0,583.7633333333333,0.9499182825660765,0.4756144212004772,534.3564204959076,249.15224137925713
15385.0,2.0,637.0,677.0,317.14,0.9677632156599597,0.311382202172333,351.5851699921018,107.32547411746933
15386.0,0.0,0.0,186.0,0.0,1.0,0.23217760029690232,409.57932521320134,93.23132219938522
15387.0,0.0,0.0,492.0,0.0,1.0,0.10482611211677106,409.57932521320134,42.091591577207325
15388.0,0.0,0.0,270.0,0.0,1.0,0.17408000234827106,409.57932521320134,69.9010558270738
15389.0,4.0,509.0,681.0,469.75,0.9583091716476447,0.5383197870901805,455.9725542107568,240.63384693026808
15390.0,1.0,13.0,409.0,381.77000000000004,0.38492840567302383,0.12069612526343143,396.86872317787066,46.95953936102015
15391.0,0.0,0.0,584.0,0.0,1.0,0.08999556301189293,409.57932521320134,36.13639943082764
15392.0,6.0,427.0,431.0,420.035,0.9914013245425705,1.1989634392591435,418.3070741696228,491.67844458138023
15393.0,4.0,708.0,724.0,175.875,0.9861334973543058,0.5237218700820427,229.38692558078088,117.77326805801891
15394.0,9.0,715.0,724.0,554.3777777777777,0.9940563482179088,1.0958219821731499,537.4946066427601,577.4188621042267
15395.0,0.0,0.0,325.0,0.0,1.0,0.14958701412665518,409.57932521320134,60.065584267401576
15396.0,1.0,471.0,583.0,288.18,0.9050589850478273,0.20753735206930726,354.0922359612051,72.04325555453728
15397.0,0.0,0.0,289.0,0.0,1.0,0.16475944375815946,409.57932521320134,66.15825307347345
15398.0,1.0,62.0,78.0,710.6800000000001,0.9144282753616191,0.9543418673675269,547.201177611394,511.98201789343204
15399.0,2.0,78.0,79.0,255.3,0.9715441783415933,1.6207383831186202,312.78827753749715,497.0075967562575
15400.0,7.0,468.0,560.0,158.32857142857142,0.9768145259799544,1.0779989999603732,194.77959965435323,205.84490166712914
15401.0,1.0,116.0,568.0,80.75,0.6180881978316682,0.1450930300967145,259.2837442061787,36.88100028256447
15402.0,5.0,443.0,591.0,249.296,0.9589864459377221,0.7445549086711798,280.065487895635,204.42526355286276
15403.0,1.0,239.0,730.0,75.12,0.7254803773931698,0.13558602713553417,256.7104818594555,34.12224739566793
15404.0,0.0,0.0,375.0,0.0,1.0,0.13262773575291603,409.57932521320134,53.2554400292951
15405.0,1.0,387.0,576.0,349.1,0.8796914530843004,0.20392441114866136,381.93648856553534,76.35563848770738
15406.0,2.0,422.0,453.0,255.35500000000002,0.9672256398806627,0.44598307767387607,312.82278318246813,136.77223554919766
15407.0,3.0,272.0,305.0,297.1466666666667,0.9756465956606024,0.8684428064541938,329.03794429220807,280.13724945904215
15408.0,0.0,0.0,264.0,0.0,1.0,0.17724672518603551,409.57932521320134,71.17270210598784
15409.0,0.0,0.0,721.0,0.0,1.0,0.07433675766670825,409.57932521320134,29.848679211540286
15410.0,9.0,515.0,599.0,422.6933333333334,0.9805139714673582,1.284743967028902,421.164269731915,530.451745197189
15411.0,3.0,156.0,182.0,400.82666666666665,0.9739875392561533,1.3007471815724647,403.3093391150245,514.3039377794169
15412.0,0.0,0.0,171.0,0.0,1.0,0.2469022623282255,409.57932521320134,99.1443971048023
15413.0,4.0,47.0,738.0,1557.1200000000001,0.0072383651341180084,0.003777091234815393,1294.3644385267992,4.7928220944621245
15414.0,2.0,233.0,242.0,369.35,0.9698133141080691,0.7554287066560951,384.3404376999755,284.64030917951345
15415.0,0.0,0.0,313.0,0.0,1.0,0.15432381138511259,409.57932521320134,61.96769643443765
15416.0,5.0,612.0,676.0,836.758,0.9835727175974223,0.6759184458704882,754.7527817675847,500.1226730940547
15417.0,0.0,0.0,85.0,0.0,1.0,,409.57932521320134,
15418.0,1.0,161.0,586.0,245.83,0.6915800890626844,0.15785372928460914,334.7356355378075,51.80091267965915
15419.0,0.0,0.0,24.0,0.0,1.0,,409.57932521320134,
15420.0,5.0,300.0,734.0,129.178,0.5374414812243967,0.34248792141652207,183.00646388163773,61.4453192754385
15421.0,8.0,674.0,732.0,445.53625,0.988463299460513,0.9668986314361407,440.88744712768306,417.91266335688033
15422.0,5.0,347.0,670.0,264.196,0.7882120682939784,0.5460933529922638,292.1051443818282,156.38088419416795
15423.0,2.0,583.0,621.0,56.67,0.9676306411017004,0.33678159978981537,188.17270916333615,62.12751714581506
15424.0,1.0,209.0,463.0,383.34000000000003,0.8141671388603472,0.2291558554276653,397.5863114344169,89.31921486680207
15425.0,3.0,263.0,663.0,393.96000000000004,0.7509631997834888,0.3392835306114165,398.39038742601343,132.5103276302329
15426.0,6.0,567.0,586.0,367.97,0.9900847115444554,0.9117697712139345,374.8464407163117,335.05547982288607
15427.0,1.0,14.0,47.0,1112.11,0.8778783217952554,1.172693514556205,730.6798106211816,840.0813625622279
15428.0,3.0,707.0,722.0,192.77,0.9813693453838285,0.41010348138542047,254.26749077861334,102.22613291585633
15429.0,1.0,49.0,75.0,154.29000000000002,0.9021632964049618,0.9618884722772529,292.89612661790625,276.212006319783
15430.0,1.0,61.0,528.0,118.0,0.49461173065122366,0.12394414237202987,276.30932545226045,33.573991091484956
15431.0,0.0,0.0,502.0,0.0,1.0,0.10298135738283938,409.57932521320134,41.35082936430281
15432.0,1.0,518.0,541.0,171.19,0.9245266731292042,0.2267030690807633,300.6204842839138,66.81241935511592
15433.0,1.0,54.0,267.0,160.66,0.6997735246482585,0.31341639624358025,295.8076152766322,90.89062503565107
15434.0,9.0,676.0,684.0,253.52333333333334,0.9940980952442382,1.1544856624449227,271.7191080179952,307.5288306140286
15435.0,0.0,0.0,22.0,0.0,1.0,,409.57932521320134,
15436.0,2.0,222.0,234.0,316.74,0.9689203602319617,0.7749949637740867,351.33421984685856,266.93561289132384
15437.0,1.0,378.0,640.0,200.16,0.857930325100894,0.1808172009457107,313.86158733623563,55.63625448619182
15438.0,0.0,0.0,131.0,0.0,1.0,0.29719357079373177,409.57932521320134,119.34043545735835
15439.0,2.0,249.0,653.0,260.1,0.7927158266223425,0.2635940425103198,315.79967928041606,81.60672921935769
15440.0,2.0,154.0,208.0,128.94,0.9506040140657336,0.8330338701456663,233.5131266551582,190.70513894451398
15441.0,2.0,334.0,730.0,476.32000000000005,0.8469870303966047,0.2543377943019188,451.4507802916485,112.56395900308856
15442.0,0.0,0.0,248.0,0.0,1.0,0.1862842106104548,409.57932521320134,74.80185359997628
15443.0,13.0,641.0,642.0,366.8969230769231,0.9962904817633282,1.7341329128242509,370.47051797889293,629.8154390058787
15444.0,1.0,31.0,40.0,1075.36,0.9180977322145426,1.3092783151602714,713.8827606669936,916.3687639991139
15445.0,1.0,326.0,590.0,113.5,0.8471567538619245,0.1921827784611877,274.252543825217,51.670860906261254
15446.0,2.0,350.0,726.0,141.76,0.8617207338810673,0.26007178676459347,241.55607881020399,61.58703465707828
15447.0,3.0,295.0,625.0,130.52666666666667,0.8380128374092095,0.39949079821035394,209.6793427742907,82.1184719341351
15448.0,1.0,362.0,674.0,494.64,0.8400930229307141,0.16890837211982243,448.4573770099578,74.25949074226139
15449.0,2.0,235.0,261.0,314.29999999999995,0.9653362715534742,0.7079832251582064,349.8034239608748,242.79128507271452
15450.0,0.0,0.0,30.0,0.0,1.0,,409.57932521320134,
15451.0,1.0,165.0,599.0,122.95,0.6908507949656507,0.1545984706069288,278.5717852420082,42.2204418213381
15452.0,5.0,482.0,511.0,184.732,0.986763133583082,0.8727308018162249,227.89579787049536,194.98253686481965
15453.0,6.0,186.0,187.0,198.54666666666665,0.991631935489682,2.366476874307317,233.42234797765514,541.5413747946099
15454.0,1.0,256.0,618.0,179.1,0.788241267908076,0.17148319437354942,304.2358493216724,51.14605928826084
15455.0,0.0,0.0,597.0,0.0,1.0,0.08823182802100679,409.57932521320134,35.42817687900356
15456.0,8.0,448.0,731.0,238.4825,0.7835934596443842,0.7674626544096461,260.60328527881967,196.07128527520246
15457.0,0.0,0.0,262.0,0.0,1.0,0.17832809508333083,409.57932521320134,71.6069432530807
15458.0,1.0,377.0,402.0,161.64,0.9226026088477871,0.293626847568054,296.25553660874385,85.27977090386547
15459.0,1.0,80.0,497.0,105.0,0.5757194752356164,0.1522320561229946,270.3675118630239,40.34990640038536
15460.0,0.0,0.0,354.0,0.0,1.0,0.13925837205329245,409.57932521320134,55.91802205539247
15461.0,1.0,171.0,631.0,219.7,0.6833368057840437,0.14588307313672624,322.792590223442,46.16454257008965
15462.0,3.0,351.0,445.0,78.2,0.9639310322742133,0.6220018262091177,172.19502063152538,105.00086637785793
15463.0,0.0,0.0,29.0,0.0,1.0,,409.57932521320134,
15464.0,0.0,0.0,338.0,0.0,1.0,0.14477337863926532,409.57932521320134,58.13262149652289
15465.0,31.0,710.0,729.0,394.15645161290325,0.9967633311993492,3.581601610271709,394.725628125919,1385.9548773390577
15466.0,3.0,651.0,736.0,275.59999999999997,0.9740013358458592,0.3999026185855522,313.60294248746635,122.94529583473823
15467.0,2.0,143.0,152.0,118.22999999999999,0.968792409813978,1.0691942105722816,226.7939365162705,237.72781585941837
15468.0,1.0,341.0,392.0,467.51,0.9147372322048387,0.2975003944919264,436.0572691118048,127.17891076738789
15469.0,2.0,388.0,438.0,269.275,0.9633848941197983,0.45748036554136573,321.5558482369328,144.21496246631392
15470.0,0.0,0.0,575.0,0.0,1.0,0.09125851578133239,409.57932521320134,36.643534826915015
15471.0,2.0,548.0,550.0,523.655,0.9718255241020661,0.3773377297681505,481.1475931043702,177.98702483573908
15472.0,0.0,0.0,113.0,0.0,1.0,0.32721073399969464,409.57932521320134,131.39492465559124
15473.0,4.0,430.0,444.0,442.8,0.9856483218515165,0.8120083691402125,435.19337023261016,346.43601261873516
15474.0,0.0,0.0,595.0,0.0,1.0,0.08849865663278034,409.57932521320134,35.53532106814271
15475.0,0.0,0.0,77.0,0.0,1.0,,409.57932521320134,
15476.0,2.0,62.0,442.0,686.275,0.45700820500570344,0.21530350691355482,583.1713746530087,123.09167474595856
15477.0,0.0,0.0,649.0,0.0,1.0,0.08181818590527774,409.57932521320134,32.852804281939584
15478.0,2.0,535.0,575.0,720.71,0.9669925380790534,0.36077754363207437,604.775045281636,213.90102093932177
15479.0,0.0,0.0,733.0,0.0,1.0,0.07322091541286385,409.57932521320134,29.400620285389717
15480.0,3.0,560.0,676.0,1547.54,0.9680200317968758,0.4296672578698674,1224.759944136127,515.894889185464
15481.0,0.0,0.0,401.0,0.0,1.0,0.12524514319821728,409.57932521320134,50.29091522827264
15482.0,15.0,722.0,737.0,960.7653333333333,0.9957776795660046,1.751466125553165,920.3187168333365,1580.2164744905836
15483.0,5.0,523.0,684.0,137.388,0.9619727421622644,0.6540038391714058,189.64039540859386,121.58741160032747
15484.0,5.0,733.0,734.0,793.3,0.9900279850291929,0.6309014815238344,719.6373863597332,445.09465680005434
15485.0,5.0,708.0,738.0,973.934,0.9877390583808094,0.6263032746436538,865.5951923816815,531.4673727996511
15486.0,0.0,0.0,527.0,0.0,1.0,0.09864170443668245,409.57932521320134,39.6082425953422
15487.0,0.0,0.0,679.0,0.0,1.0,0.07852521997229593,409.57932521320134,31.53053077353725
15488.0,4.0,491.0,583.0,98.485,0.9745172780982713,0.6303435320312852,169.71712787878567,104.87730007913834
15489.0,7.0,671.0,693.0,315.08714285714285,0.9913341592998064,0.9017683193310013,328.7959065296645,290.6688915932401
15490.0,0.0,0.0,430.0,0.0,1.0,0.11792428191204386,409.57932521320134,47.351190609594724
15491.0,4.0,140.0,235.0,519.41,0.9285825017506284,1.3000298961387604,494.26176669145303,629.935128554631
15492.0,1.0,46.0,74.0,171.71999999999997,0.8991906896398384,0.9656757835965232,300.86272745332116,284.8420495310513
15493.0,7.0,622.0,654.0,552.8528571428571,0.9902050433934169,0.94967754617449,532.0669789804697,495.3588661426487
15494.0,4.0,708.0,729.0,715.5725,0.9857242451444478,0.5202037932229461,645.5083966399945,329.1946222673157
15495.0,0.0,0.0,379.0,0.0,1.0,0.1314357640138626,409.57932521320134,52.776795764804184
15496.0,0.0,0.0,631.0,0.0,1.0,0.0839300081803732,409.57932521320134,33.70079704587315
15497.0,8.0,704.0,721.0,1048.17375,0.9927328442880033,0.9846853338497606,965.6110833148779,932.1303158661174
15498.0,30.0,721.0,723.0,754.0953333333333,0.9983218054333881,3.500350223611158,740.973407007856,2542.6738189230164
15499.0,0.0,0.0,723.0,0.0,1.0,0.07414842742858192,409.57932521320134,29.77305645342519
15500.0,3.0,73.0,81.0,241.84666666666666,0.9786279082094896,2.2197556694946035,289.42366831128845,629.8495565309294
15501.0,1.0,11.0,415.0,166.1,0.36949443696061174,0.11440716490756597,298.2940357324358,33.45656001973059
15502.0,9.0,539.0,554.0,1367.451111111111,0.9932579622915338,1.3962417007922088,1255.7654335345007,1718.8869904806502
15503.0,1.0,364.0,726.0,147.09,0.82548565390075,0.15505658111329848,289.6052760146368,44.022611166960665
15504.0,3.0,584.0,665.0,92.04666666666667,0.9734873878675395,0.43861300520731117,182.11411059082255,78.3074682660809
15505.0,4.0,103.0,155.0,666.7,0.9562238206536695,1.828471160212091,607.8263681067118,1089.575401344874
15506.0,5.0,455.0,477.0,368.73,0.9874999636342393,0.9282843497540794,376.57181895415863,342.69547774193177
15507.0,0.0,0.0,171.0,0.0,1.0,0.2469022623282255,409.57932521320134,99.1443971048023
15508.0,3.0,46.0,235.0,229.61666666666667,0.5830216194749627,0.6405060046695621,280.66268105547204,176.23572599787224
15509.0,0.0,0.0,380.0,0.0,1.0,0.13114111412904547,409.57932521320134,52.65847716923123
15510.0,0.0,0.0,330.0,0.0,1.0,0.14769817339461172,409.57932521320134,59.307101097398345
15511.0,4.0,74.0,85.0,176.5825,0.9819696972154333,2.7626828760344893,229.9324273494094,622.7695427179531
15512.0,3.0,521.0,676.0,97.52666666666666,0.9598300242147234,0.4260320251430975,186.03972057952848,77.70087618503482
15513.0,26.0,662.0,695.0,1018.3480769230769,0.9941360281276899,3.1425979954469256,991.7499507389775,3055.3976661465963
15514.0,14.0,723.0,735.0,433.305,0.995792065958461,1.6436673965524127,431.44935285519375,695.2169988233417
15515.0,0.0,0.0,387.0,0.0,1.0,0.12911501383667162,409.57932521320134,51.84488379534257
15516.0,1.0,2.0,46.0,8.67,0.845906176984427,1.1402912681265256,226.33867316678084,253.03728295538303
15517.0,0.0,0.0,233.0,0.0,1.0,0.19563734875370603,409.57932521320134,78.55777619585332
15518.0,13.0,655.0,719.0,305.79153846153844,0.9883985707253571,1.5511585002889956,314.48119712784927,478.21985272055815
15519.0,1.0,63.0,446.0,197.5,0.5627352918728974,0.16366128070553085,312.64580086336105,50.16275575311145
15520.0,0.0,0.0,1.0,0.0,1.0,,409.57932521320134,
15521.0,11.0,663.0,703.0,597.7245454545455,0.9919482445918726,1.3563293081178935,579.3870942015709,770.3904028297309
15522.0,1.0,55.0,87.0,138.94,0.8974983989612414,0.8807910035487291,285.88021595676923,246.8648612879378
15523.0,14.0,653.0,737.0,1175.8707142857143,0.9830583843774772,1.618596192226257,1115.9370584044811,1770.7401002624692
15524.0,1.0,582.0,606.0,440.0,0.9247914554132416,0.20478967822676464,423.4834774318126,85.02074419408999
15525.0,3.0,380.0,382.0,379.95,0.9823324148117228,0.7234150757739537,388.3542932760553,275.42125178242986
15526.0,0.0,0.0,33.0,0.0,1.0,,409.57932521320134,
15527.0,18.0,706.0,724.0,293.21,0.995988131980613,2.1221441866102544,300.4141961498105,624.9884039721351
15528.0,0.0,0.0,254.0,0.0,1.0,0.18278902275863138,409.57932521320134,73.39830143602025
15529.0,11.0,372.0,394.0,390.08090909090913,0.9923337080241158,2.2728412094710237,391.98130950870393,873.4028834203561
15530.0,4.0,491.0,512.0,375.5875,0.9850292144227739,0.7156850525650001,383.3707022129002,268.9801176613336
15531.0,1.0,22.0,30.0,485.13,0.9182682442395954,1.4495163572101548,444.1107118381393,631.1440206685982
15532.0,9.0,524.0,549.0,373.9844444444445,0.9920553036990133,1.4059302026837825,378.13472680524154,521.1809941189254
15533.0,2.0,70.0,89.0,178.95499999999998,0.9605405838432401,1.4973812963811344,264.8913054410096,388.8645628533113
15534.0,0.0,0.0,725.0,0.0,1.0,0.0739610493360486,409.57932521320134,29.697816031936803
15535.0,4.0,276.0,449.0,215.71,0.9195595148760916,0.7501774729187237,260.1007954794626,191.28718545770658
15536.0,0.0,0.0,409.0,0.0,1.0,0.12313626602353894,409.57932521320134,49.44408496168795
15537.0,0.0,0.0,163.0,0.0,1.0,0.2555478002341903,409.57932521320134,102.61625551907142
15538.0,5.0,126.0,663.0,562.5,0.04615473344400865,0.0322850975283808,533.1439154192367,16.874238465533324
15539.0,0.0,0.0,7.0,0.0,1.0,,409.57932521320134,
15540.0,1.0,364.0,375.0,213.3,0.9260552856523917,0.31283050814566377,319.8673896872025,98.09875974345022
15541.0,0.0,0.0,114.0,0.0,1.0,0.3253843717543297,409.57932521320134,130.66147885923135
15542.0,1.0,225.0,737.0,377.72,0.7065288329728608,0.13089124749126577,395.0176197135316,50.688110634164374
15543.0,1.0,171.0,459.0,127.86,0.7756115677747053,0.21997173658698027,280.8159625284045,60.55796379503127
15544.0,19.0,671.0,680.0,405.2215789473684,0.9968652952185552,2.3703134475237952,405.4779950153594,942.2148800907704
15545.0,1.0,317.0,371.0,157.39,0.9129101997180492,0.31122238930491936,294.3130206276473,89.79762766165572
15546.0,0.0,0.0,606.0,0.0,1.0,0.08705075241559392,409.57932521320134,34.95391989407609
15547.0,22.0,726.0,733.0,431.0377272727273,0.9974038100316716,2.5518479081041288,429.9384421331338,1075.5672955401415
15548.0,0.0,0.0,595.0,0.0,1.0,0.08849865663278034,409.57932521320134,35.53532106814271
15549.0,7.0,620.0,697.0,296.39428571428573,0.9844381991917918,0.8907875591323655,312.81497702511746,273.1736668139589
15550.0,9.0,732.0,736.0,228.7166666666667,0.9944153871638116,1.0797706617252099,249.8048424178102,264.42904039107873
15551.0,4.0,514.0,550.0,355.74,0.9833394892817758,0.6702368616927464,368.0677391699961,241.84378563261163
15552.0,1.0,406.0,623.0,90.12,0.8744166158819251,0.18884765148977373,263.56642061626695,48.79573166827761
15553.0,0.0,0.0,60.0,0.0,1.0,,409.57932521320134,
15554.0,0.0,0.0,277.0,0.0,1.0,0.17052576982316237,409.57932521320134,68.47380130696493
15555.0,31.0,721.0,733.0,360.0535483870968,0.9975719349420475,3.566509950663414,361.8812822899237,1265.278205147259
15556.0,0.0,0.0,24.0,0.0,1.0,,409.57932521320134,
15557.0,0.0,0.0,28.0,0.0,1.0,,409.57932521320134,
15558.0,0.0,0.0,639.0,0.0,1.0,0.08297810911711805,409.57932521320134,33.31856611037646
15559.0,0.0,0.0,568.0,0.0,1.0,0.0922656011408088,409.57932521320134,37.04792760428516
15560.0,0.0,0.0,397.0,0.0,1.0,0.1263269257724839,409.57932521320134,50.72531085033478
15561.0,6.0,652.0,663.0,266.3533333333333,0.9909867295149974,0.8159255222666698,290.02314862474725,231.9854105994744
15562.0,2.0,375.0,726.0,156.435,0.8793102545324412,0.2653803953245064,250.7628122638153,65.23941375446344
15563.0,5.0,658.0,680.0,487.64,0.9882828300298698,0.6755035704796326,472.6547419590739,313.00347642501714
15564.0,1.0,213.0,676.0,35.7,0.7189274052893194,0.14415662245571492,238.69307480655505,33.732926112255896
15565.0,1.0,20.0,70.0,84.36000000000001,0.8558916991265713,0.9466548395093667,260.9337401336513,242.17369380817937
15566.0,1.0,332.0,724.0,89.65,0.80677231268307,0.1519257977784477,263.35160120188687,39.22352600285616
15567.0,0.0,0.0,18.0,0.0,1.0,,409.57932521320134,
15568.0,2.0,71.0,73.0,264.99,0.9709650038860501,1.69093348462885,318.8675448060146,528.6124452962725
15569.0,8.0,546.0,649.0,415.89374999999995,0.9770816328582089,1.0670526750028761,415.07736994914876,434.20252293363603
15570.0,22.0,614.0,621.0,389.4831818181819,0.9973168155804906,2.969011597521201,390.5126802745908,1136.643615254335
15571.0,12.0,722.0,733.0,327.7808333333333,0.9952908837396451,1.4220944865145329,335.14874267511993,467.24291823486453
15572.0,7.0,600.0,604.0,529.9371428571428,0.9927529691322583,1.0234050218095683,512.4758372011469,514.1606224743741
15573.0,4.0,698.0,729.0,232.275,0.9848426564965435,0.5197385457047268,272.87286162410084,139.03450457550986
15574.0,4.0,287.0,464.0,341.43249999999995,0.9206214659333005,0.7297041974312931,357.0362670079429,255.41072640950466
15575.0,0.0,0.0,619.0,0.0,1.0,0.08539954027496804,409.57932521320134,34.29088171254572
15576.0,0.0,0.0,37.0,0.0,1.0,,409.57932521320134,
15577.0,3.0,575.0,726.0,91.02666666666669,0.9629512868539472,0.40036958257876804,181.3834313593481,71.19283687691969
15578.0,0.0,0.0,162.0,0.0,1.0,0.2566713575725554,409.57932521320134,103.06745232962241
15579.0,4.0,364.0,432.0,159.2175,0.975175951175514,0.8228209492671271,216.5435394169227,174.67510689327773
15580.0,7.0,294.0,670.0,183.07142857142858,0.3653325794479926,0.3427407957609419,215.9328055403872,72.55406867606028
15581.0,29.0,617.0,737.0,249.63137931034484,0.8327000231081799,2.774993969063733,255.92528300559985,696.2283265544582
15582.0,2.0,196.0,220.0,189.65000000000003,0.9648859922215367,0.809816263414396,271.60108494945075,215.62833563641857
15583.0,0.0,0.0,376.0,0.0,1.0,0.1323277188090702,409.57932521320134,53.13496618042378
15584.0,5.0,647.0,670.0,184.092,0.9881626186184765,0.6846241759162139,227.37865826303474,152.6087724535415
15585.0,0.0,0.0,176.0,0.0,1.0,0.2417903585440754,409.57932521320134,97.09157401143399
15586.0,2.0,108.0,700.0,229.44,0.393996202098727,0.12295516793226631,296.5643506475218,35.74736374102244
15587.0,6.0,441.0,491.0,223.32000000000002,0.9847993297330577,1.0621816110218487,254.1015904518066,264.59725893536927
15588.0,0.0,0.0,677.0,0.0,1.0,0.07873647945058339,409.57932521320134,31.615360848148065
15589.0,1.0,55.0,310.0,293.58,0.6586973698556045,0.2611371574999083,356.56037391365726,91.2826284478466
15590.0,3.0,224.0,606.0,371.8666666666666,0.7182253960561661,0.35209487779558907,382.5637797586514,132.05114448478795
15591.0,2.0,91.0,673.0,88.3,0.3509925876813573,0.11354614944836398,208.0165918984452,23.155219623354277
15592.0,0.0,0.0,46.0,0.0,1.0,,409.57932521320134,
15593.0,0.0,0.0,70.0,0.0,1.0,,409.57932521320134,
15594.0,4.0,219.0,234.0,375.9675,0.9839819284973464,1.3822166576325228,383.66369256212823,519.8910436440866
15595.0,0.0,0.0,487.0,0.0,1.0,0.10577351277983733,409.57932521320134,42.472021104944005
15596.0,8.0,399.0,499.0,317.68625,0.9679451935969403,1.3388144730860494,329.56693208085494,432.55655143002895
15597.0,1.0,540.0,575.0,324.57,0.9224707910514919,0.21417554693276125,370.72474338522966,77.8398904748767
15598.0,1.0,374.0,427.0,240.68,0.9153083076687119,0.2764897900671991,332.3817632313023,90.09475680886308
15599.0,2.0,419.0,445.0,380.87,0.9680099274228745,0.45335729590779694,391.56780188298075,174.03191887453193
15600.0,3.0,165.0,593.0,290.27666666666664,0.5406606973908531,0.2702913325126065,324.1166047625712,85.88397603132725
15601.0,26.0,727.0,738.0,575.2757692307692,0.9974068149759322,2.9838244351776395,568.0362141224344,1661.5972117475944
15602.0,15.0,729.0,737.0,197.94733333333335,0.9963242305690051,1.7524274501412596,213.47711436658088,366.74817343672726
15603.0,1.0,570.0,648.0,48.480000000000004,0.9150991760421824,0.19070116210724544,244.5343346273584,45.7165106122184
15604.0,0.0,0.0,52.0,0.0,1.0,,409.57932521320134,
15605.0,8.0,658.0,694.0,226.1375,0.9908500802911266,1.0178337191588918,249.85434700542822,249.3106577845249
15606.0,16.0,586.0,647.0,308.068125,0.9869710418824592,2.080790680150154,315.083738342531,642.7344066213673
15607.0,8.0,364.0,700.0,168.15375,0.5184780554981911,0.528414025018863,199.3672064943096,103.27735797967952
15608.0,3.0,387.0,415.0,364.56,0.97841018631635,0.6708857342651322,377.32963310704343,248.17076358261778
15609.0,0.0,0.0,184.0,0.0,1.0,0.23403838259689788,409.57932521320134,93.97856634614162
15610.0,0.0,0.0,51.0,0.0,1.0,,409.57932521320134,
15611.0,23.0,674.0,683.0,122.47086956521738,0.9972929762352617,2.8426257676103606,136.57096993189444,380.5878406002977
15612.0,1.0,25.0,61.0,125.5,0.880425863192067,1.0440391713503014,279.7372948306662,286.33465091027136
15613.0,0.0,0.0,610.0,0.0,1.0,0.08653592366329478,409.57932521320134,34.747192224964095
15614.0,2.0,189.0,626.0,909.69,0.7057226620436234,0.2438459513181626,723.3364414018039,172.91586806503895
15615.0,37.0,727.0,737.0,560.2937837837837,0.9979836904831778,4.2232115349142685,555.605613018438,2300.307421905512
15616.0,0.0,0.0,438.0,0.0,1.0,0.11605305762508879,409.57932521320134,46.599794008507416
15617.0,2.0,111.0,507.0,311.70000000000005,0.5963827819384891,0.24899279413242742,348.1722480167938,84.98872017746118
15618.0,2.0,104.0,136.0,277.01,0.9561193196969954,1.1397061181271833,326.40859667057396,364.7100474222348
15619.0,0.0,0.0,10.0,0.0,1.0,,409.57932521320134,
15620.0,3.0,353.0,409.0,517.7266666666666,0.9726758694261572,0.6754141369801411,487.05090985950017,322.49706135867996
15621.0,2.0,17.0,21.0,364.875,0.968263194496878,2.7253121626608157,381.53293295006677,1019.4362706132474
15622.0,9.0,602.0,645.0,711.43,0.9902898335326131,1.2133425143867511,676.2348959820665,804.3746802359292
15623.0,7.0,588.0,729.0,304.2642857142857,0.969626836104595,0.8419736780425326,319.5432109296302,263.75764022709814
15624.0,3.0,140.0,256.0,134.74333333333334,0.9149866172338287,0.9392042242332008,212.69996116584363,195.84509612211053
15625.0,8.0,439.0,542.0,341.03375,0.9703666741666934,1.246892923141829,349.8958779162544,427.7070139786283
15626.0,2.0,347.0,421.0,337.9,0.957235404826682,0.47048728858196853,364.6094825302259,168.17352000538753
15627.0,1.0,65.0,522.0,286.74,0.5120674491635697,0.12963077520615132,353.4340658405513,44.915686104364866
15628.0,16.0,722.0,726.0,335.37375000000003,0.9967998042849023,1.891287918220004,340.50222471473614,631.3268194509532
15629.0,2.0,82.0,532.0,532.3499999999999,0.4474734000713598,0.1789889079228181,486.602621886595,85.38480367349271
15630.0,2.0,599.0,644.0,593.175,0.966907305863389,0.3256016668161931,524.762728347645,167.50523384408555
15631.0,0.0,0.0,642.0,0.0,1.0,0.08262669221538885,409.57932521320134,33.17745623558116
15632.0,7.0,259.0,274.0,412.95428571428573,0.9902072541512854,2.0181528908033086,412.464652236046,816.0637378014746
15633.0,12.0,222.0,731.0,346.71416666666664,0.0005701245828526975,0.0008166570277998291,352.3766767971487,0.28211329408813035
15634.0,1.0,366.0,383.0,243.55,0.9245187101623599,0.3067284715411857,333.6935328467722,100.34277947778901
15635.0,0.0,0.0,395.0,0.0,1.0,0.1268748609235835,409.57932521320134,50.94533725901454
15636.0,3.0,480.0,569.0,351.87999999999994,0.9700948849282489,0.503362988835529,368.246287366753,181.7182934777308
15637.0,4.0,672.0,724.0,127.17750000000001,0.9827331258979711,0.5219159798016061,191.8398268135899,98.15597096388774
15638.0,4.0,232.0,610.0,509.45,0.6254480553119932,0.38834953913213516,486.5823354327391,185.24965065366584
15639.0,2.0,471.0,605.0,335.41999999999996,0.950484630875741,0.3387226132275627,363.05359162971774,120.5574623294624
15640.0,24.0,721.0,725.0,937.5575,0.9977940800168529,2.8064623835769784,912.6575552185044,2510.9821954075715
15641.0,11.0,628.0,733.0,472.28636363636366,0.9778762278623152,1.2867445476029133,466.1746630104954,588.0546837739244
15642.0,0.0,0.0,729.0,0.0,1.0,0.07358912084200846,409.57932521320134,29.54847065565965
15643.0,1.0,91.0,282.0,326.9,0.773919491369439,0.3316150539736869,371.78969920545444,120.87013468783132
15644.0,2.0,95.0,261.0,287.19,0.8368038621771718,0.6137168100144462,332.79527786701436,200.23096677469658
15645.0,2.0,407.0,425.0,314.855,0.9692177630536983,0.47248135457381013,350.15161728739986,162.1894111356836
15646.0,4.0,253.0,410.0,220.8,0.9225687468984133,0.8145698885138857,264.02532410464875,210.84084849879102
15647.0,0.0,0.0,415.0,0.0,1.0,0.12160066724525968,409.57932521320134,48.82745813423959
15648.0,1.0,63.0,267.0,340.5,0.7250937268585325,0.3247568746260565,378.0057503449634,120.34963757755195
15649.0,3.0,51.0,387.0,544.0,0.2671428251060606,0.1945497513778545,505.87186967153207,96.48346470381131
15650.0,1.0,107.0,628.0,194.8,0.5610493507032039,0.12029512028476579,311.41173188713503,36.72510877872131
15651.0,3.0,560.0,596.0,322.59999999999997,0.9787348752231323,0.4870730055943605,347.27149531030943,165.82190864662832
15652.0,4.0,394.0,485.0,326.475,0.9710631993736525,0.7402401594355368,345.5036271432628,250.72919975641108
15653.0,1.0,23.0,115.0,829.4399999999999,0.7950983407668877,0.6581980538345187,601.481930061989,388.13053999277304
15654.0,1.0,17.0,26.0,327.51,0.916137871599276,1.5107995780771912,372.0685073815647,551.1185839225186
15655.0,0.0,0.0,243.0,0.0,1.0,0.18930078879730222,409.57932521320134,76.01321368380192
15656.0,3.0,239.0,284.0,168.51666666666668,0.9714068368834587,0.9168616366663455,236.893562385776,212.93220524637945
15657.0,0.0,0.0,22.0,0.0,1.0,,409.57932521320134,
15658.0,7.0,546.0,736.0,300.26000000000005,0.9470814485617427,0.8151992244921004,316.11986011562607,252.6343695778636
15659.0,2.0,610.0,653.0,212.02499999999998,0.9672313858997134,0.3216239949926322,285.6386086989943,90.06251029198026
15660.0,11.0,647.0,672.0,245.8172727272727,0.9935411100518768,1.4157447611048024,261.77823442853565,363.3252733409882
15661.0,7.0,261.0,578.0,127.85714285714286,0.4331104318449692,0.46456978895944373,168.72891365267284,76.84552595449215
15662.0,1.0,77.0,738.0,177.88000000000002,0.4201769710989117,0.07774484499238993,303.67823296945176,23.14537842976086
15663.0,0.0,0.0,106.0,0.0,1.0,0.3405950459555679,409.57932521320134,136.76992084274931
15664.0,3.0,599.0,649.0,281.18333333333334,0.9774315567539814,0.45027120670246834,317.60257553557005,140.19625385782348
15665.0,4.0,467.0,635.0,855.9225,0.9559226760131511,0.5723170840749274,753.7220690456675,422.8886056254761
15666.0,1.0,23.0,495.0,226.68,0.36858777494890554,0.09781049924795994,325.98288705827827,31.25807471810604
15667.0,0.0,0.0,39.0,0.0,1.0,,409.57932521320134,
15668.0,0.0,0.0,217.0,0.0,1.0,0.2067098370520484,409.57932521320134,83.00415496638982
15669.0,3.0,223.0,263.0,161.84666666666666,0.9722062142962382,0.9765669383574597,232.11549329368313,222.22409523167204
15670.0,1.0,260.0,556.0,173.05,0.8165113970287077,0.19537773732332994,301.47062068975845,57.743231685776905
15671.0,6.0,252.0,270.0,383.49,0.988233449628507,1.771670402058697,387.8015743222924,673.5596864980622
15672.0,0.0,0.0,725.0,0.0,1.0,0.0739610493360486,409.57932521320134,29.697816031936803
15673.0,8.0,567.0,655.0,709.65375,0.9815450190945563,1.0629796328083558,670.8576945495103,699.0894212271332
15674.0,12.0,658.0,731.0,540.4808333333334,0.9867141242531883,1.4133876142802928,528.6900237185457,732.5530643106583
15675.0,3.0,323.0,404.0,107.89666666666666,0.9656810074825525,0.6777211678205485,193.46829276618558,128.5411553761454
15676.0,2.0,265.0,283.0,1268.98,0.9679313152024872,0.664884174126402,948.7461356129115,618.4168126828911
15677.0,2.0,414.0,463.0,482.49,0.9640694336415192,0.43609587262955724,455.32168628202544,194.6620695035834
15678.0,2.0,470.0,522.0,581.205,0.9645013537035685,0.39238054261826655,517.2530452512411,198.97140782908605
15679.0,3.0,158.0,182.0,201.01999999999998,0.9748201328662021,1.301859099074503,260.1773963273039,332.06432746774414
15680.0,9.0,728.0,737.0,466.2311111111111,0.9940670915858795,1.0780446012925515,459.6256413738414,485.7555203006508
15681.0,9.0,539.0,564.0,285.91111111111115,0.9921327201286698,1.372443858636321,300.33054436932525,404.08449708891976
15682.0,1.0,88.0,687.0,190.76,0.47818965190227325,0.0944816749466057,309.5651990486338,28.673400734464245
15683.0,1.0,356.0,473.0,193.75,0.8967957556597812,0.2477173199688051,310.93181617415826,75.50989512636508
15684.0,2.0,188.0,735.0,32.275,0.616361209718694,0.18392646364028215,172.86788718031417,31.169982434771185
15685.0,0.0,0.0,450.0,0.0,1.0,0.11335505180516044,409.57932521320134,45.516401784652615
15686.0,0.0,0.0,420.0,0.0,1.0,0.12034997896596522,409.57932521320134,48.325238822132945
15687.0,7.0,322.0,330.0,377.0857142857143,0.991902951166389,1.7340445992535414,381.7998316017192,649.0494499053575
15688.0,0.0,0.0,418.0,0.0,1.0,0.12084715195946917,409.57932521320134,48.524880756662796
15689.0,2.0,498.0,617.0,127.05,0.9542815976347606,0.3340855835553849,232.32738721888393,76.09168279768612
15690.0,1.0,96.0,100.0,128.76,0.92610759668562,0.8367830272833503,281.2273188538132,230.71235610316242
15691.0,3.0,481.0,733.0,136.5,0.933535572265628,0.3847308239886015,213.95835317560523,80.6981892006366
15692.0,0.0,0.0,28.0,0.0,1.0,,409.57932521320134,
15693.0,0.0,0.0,659.0,0.0,1.0,0.08069025566412004,409.57932521320134,32.399889401442
15694.0,23.0,732.0,732.0,454.4756521739131,0.9979681294892497,2.669379439348228,452.2707616393851,1183.5465509299756
15695.0,2.0,415.0,681.0,391.21500000000003,0.9148340604457046,0.29277221537446985,398.058000014334,114.24959334487279
15696.0,12.0,651.0,684.0,311.99333333333334,0.9930169361570714,1.5118205019874236,320.7832844030321,475.43259793976426
15697.0,0.0,0.0,689.0,0.0,1.0,0.07748570820629053,409.57932521320134,31.11312073739644
15698.0,0.0,0.0,624.0,0.0,1.0,0.08478102421129673,409.57932521320134,34.04251902552776
15699.0,0.0,0.0,17.0,0.0,1.0,,409.57932521320134,
15700.0,1.0,1.0,173.0,3.9,0.5965096770156404,0.37300423553693357,224.1584846421148,81.97137713321703
15701.0,3.0,108.0,110.0,228.38,0.9818704679399499,1.8549206074200224,279.77679218332486,508.7813913548747
15702.0,1.0,206.0,682.0,112.57,0.7074785897825895,0.14072105436888704,273.82747562229474,37.77597141311953
15703.0,0.0,0.0,264.0,0.0,1.0,0.17724672518603551,409.57932521320134,71.17270210598784
15704.0,4.0,443.0,583.0,744.1975,0.9616326474306004,0.622009412373779,667.579051236449,407.07851407581336
15705.0,0.0,0.0,201.0,0.0,1.0,0.21911351240119956,409.57932521320134,87.9851232940902
15706.0,3.0,53.0,116.0,203.50333333333333,0.919568543826603,1.679182207209132,261.9563375934754,431.2412982684011
15707.0,3.0,51.0,86.0,259.59999999999997,0.9546676604936671,2.0929819516001342,302.1413074839453,619.9726609874073
15708.0,8.0,385.0,425.0,502.79375000000005,0.9874470687015493,1.5725756424074988,490.7422331291986,756.5625735466645
15709.0,1.0,306.0,589.0,133.25,0.835838300032419,0.18990519623593807,283.2795298550188,52.73908842445819
15710.0,0.0,0.0,417.0,0.0,1.0,0.12109728318500539,409.57932521320134,48.62532203680053
15711.0,1.0,128.0,684.0,313.6,0.5769389871027005,0.11444952539809013,365.71076684108164,41.03281014340935
15712.0,11.0,729.0,738.0,292.4463636363637,0.995071891835546,1.3012061823554033,303.86265138620155,387.61459559533796
15713.0,3.0,580.0,723.0,255.64333333333335,0.9644375828077856,0.40251585457236794,299.30694066119963,118.10748208780805
15714.0,4.0,544.0,555.0,128.95250000000001,0.9862963845272501,0.6668217866257082,193.2084001553788,126.3032715549968
15715.0,2.0,64.0,619.0,149.03500000000003,0.28331236603088583,0.09889484058053538,246.12023457681542,23.861623003881625
15716.0,10.0,587.0,732.0,284.264,0.9605332011275228,1.1568672223512526,297.5694732096481,337.4804706988221
15717.0,4.0,358.0,592.0,133.375,0.9088158489334945,0.5797808425670256,196.6182681013288,111.7547941374686
15718.0,0.0,0.0,540.0,0.0,1.0,0.09652659955141336,409.57932521320134,38.758924246417195
15719.0,30.0,706.0,738.0,328.1136666666667,0.9945942625772827,3.422031471132221,331.21653081320403,1111.1493733734321
15720.0,1.0,526.0,550.0,598.73,0.9243979772800756,0.223352441287917,496.03302135639126,108.61314570175738
15721.0,0.0,0.0,11.0,0.0,1.0,,409.57932521320134,
15722.0,8.0,605.0,640.0,596.25,0.9906634581701773,1.095719678740378,572.1157011334624,614.5550980868918
15723.0,3.0,210.0,574.0,235.58,0.7173883535222803,0.3693216867094948,284.93452793490934,103.16415591614867
15724.0,2.0,199.0,400.0,109.125,0.8843703019164714,0.45433926105795985,221.0816838351713,98.47255467148318
15725.0,0.0,0.0,15.0,0.0,1.0,,409.57932521320134,
15726.0,0.0,0.0,390.0,0.0,1.0,0.12826573965440868,409.57932521320134,51.50385264172541
15727.0,13.0,668.0,684.0,653.4453846153846,0.9951139232526405,1.6347956214069566,633.027637182599,1014.5258209484583
15728.0,1.0,65.0,444.0,297.0,0.5707837949715769,0.16665485021415202,358.12352795021025,58.510484337296
15729.0,2.0,191.0,403.0,58.85,0.8737689746679717,0.4460102154500871,189.5403874549118,82.8759811339401
15730.0,4.0,366.0,431.0,359.595,0.9759207942680709,0.8251132617181591,371.04004916019113,300.13373908609054
15731.0,0.0,0.0,553.0,0.0,1.0,0.09450033881202388,409.57932521320134,37.94528216710519
15732.0,8.0,461.0,673.0,181.33375,0.8967756052529391,0.9474520799338667,210.84318919526538,195.83669834063804
15733.0,0.0,0.0,282.0,0.0,1.0,0.16807472516045927,409.57932521320134,67.48954954261946
15734.0,3.0,433.0,547.0,650.8833333333333,0.9636538777164326,0.5180229063761204,582.4379793356784,295.78618766900644
15735.0,0.0,0.0,421.0,0.0,1.0,0.12010292449607271,409.57932521320134,48.22603306691412
15736.0,0.0,0.0,435.0,0.0,1.0,0.11674776096590979,409.57932521320134,46.87875445352894
15737.0,6.0,228.0,242.0,121.54,0.9888802395544275,1.9352220082136335,169.1419578218631,320.89776387000643
15738.0,36.0,711.0,729.0,363.63722222222225,0.9970030475121036,4.148445702294242,365.10474044485227,1484.8389535457795
15739.0,0.0,0.0,66.0,0.0,1.0,,409.57932521320134,
15740.0,0.0,0.0,49.0,0.0,1.0,,409.57932521320134,
15741.0,1.0,160.0,618.0,145.47,0.6727146877681767,0.1463501953743748,288.8648346289011,41.44462434992
15742.0,0.0,0.0,619.0,0.0,1.0,0.08539954027496804,409.57932521320134,34.29088171254572
15743.0,3.0,168.0,184.0,153.97,0.9778791496053966,1.2954020942127236,226.47302589507476,287.6137467692905
15744.0,0.0,0.0,77.0,0.0,1.0,,409.57932521320134,
15745.0,3.0,217.0,236.0,263.91333333333336,0.9779884163994629,1.0708321329080788,305.23117325364456,320.432321476083
15746.0,0.0,0.0,134.0,0.0,1.0,0.2927196099124687,409.57932521320134,117.54376300168627
15747.0,8.0,678.0,690.0,292.06624999999997,0.9930899539425261,1.0255476911839116,307.25929347702436,308.91430297235723
15748.0,1.0,409.0,449.0,149.31,0.9194649457450831,0.2658475495757756,290.61995495064485,75.74271618087334
15749.0,1.0,97.0,332.0,21535.9,0.7445979666100563,0.2788113418042496,10065.63003875304,2751.2944382684386
15750.0,16.0,736.0,738.0,410.9419375,0.9969343103943953,1.8632313584178524,410.84776502523977,750.4543493988101
15751.0,6.0,273.0,733.0,183.58333333333334,0.279026318085618,0.20955506524988532,220.93188518615005,45.38721799666571
15752.0,8.0,418.0,457.0,448.85125,0.9882360151564451,1.4771198511093746,443.7738570407079,642.6238722002004
15753.0,0.0,0.0,304.0,0.0,1.0,0.15807830340763185,409.57932521320134,63.47535647172277
15754.0,8.0,604.0,655.0,202.1575,0.988665228500697,1.0706905756920964,228.97467590004743,240.34152617021508
15755.0,16.0,725.0,735.0,355.273125,0.9963732624984658,1.8691770247223483,359.0263197410503,657.8900294576184
15756.0,3.0,188.0,249.0,136.45666666666668,0.9621950035022884,1.0097604597329413,213.9273112474707,211.77276681793956
15757.0,5.0,482.0,547.0,482.258,0.9814204815498382,0.8168534598914229,468.3059210725845,375.0183223393975
15758.0,0.0,0.0,24.0,0.0,1.0,,409.57932521320134,
15759.0,6.0,519.0,737.0,117.53333333333335,0.9359456370268333,0.6994056676931882,165.79744094162493,113.67996917150079
15760.0,0.0,0.0,630.0,0.0,1.0,0.08405053398404334,409.57932521320134,33.74919367481478
15761.0,0.0,0.0,442.0,0.0,1.0,0.11513955471246261,409.57932521320134,46.232974028215146
15762.0,1.0,12.0,77.0,268.44,0.8214191309170897,0.8633603448058318,345.0698205572413,292.0807575888069
15763.0,1.0,46.0,77.0,564.4300000000001,0.8958713833779043,0.9416140887676677,480.3557747324825,443.4450743983306
15764.0,5.0,390.0,478.0,727.634,0.973384053794579,0.9133262705144163,666.5772465729973,596.8372903442512
15765.0,0.0,0.0,666.0,0.0,1.0,0.07991903804463042,409.57932521320134,32.09021091323019
15766.0,2.0,618.0,682.0,314.73,0.9648015753313344,0.30834947438169963,350.0731953670113,105.82310736159238
15768.0,32.0,621.0,736.0,471.78625,0.809841833745778,2.9756191590332106,469.55969581774434,1369.7603916204662
15769.0,39.0,721.0,728.0,2223.700512820513,0.9983060734457608,4.499577424891051,2170.0782354243447,9572.460599113696
15770.0,0.0,0.0,612.0,0.0,1.0,0.08628078706285405,409.57932521320134,34.64474304704305
15771.0,2.0,89.0,693.0,345.145,0.32721325584620187,0.10305796194891075,369.154817035944,37.29653064803179
15772.0,0.0,0.0,418.0,0.0,1.0,0.12084715195946917,409.57932521320134,48.524880756662796
15773.0,1.0,404.0,409.0,635.6800000000001,0.9277143826956431,0.29088923990097565,512.9214838273368,146.2723278204359
15774.0,5.0,588.0,656.0,220.33200000000002,0.9827507480097027,0.6941152199710179,256.661688535494,174.65068441601377
15775.0,1.0,386.0,631.0,104.9,0.864041939290469,0.1844611505714004,270.32180560464514,48.88392500493477
15776.0,0.0,0.0,133.0,0.0,1.0,0.2941958428031972,409.57932521320134,118.13659465840897
15777.0,5.0,327.0,568.0,350.662,0.8674941307240387,0.6980351769425035,361.9723214110352,247.70292660067759
15778.0,0.0,0.0,431.0,0.0,1.0,0.11768708317852562,409.57932521320134,47.25594259279252
15779.0,1.0,69.0,532.0,56.7,0.517879035378706,0.12890462245244538,248.29138906609106,31.377006718303953
15780.0,2.0,174.0,357.0,149.065,0.883540886645553,0.500259079978073,246.13905583770864,120.71427902988837
15781.0,2.0,280.0,305.0,131.055,0.9665045603531753,0.6243286385983183,234.84002554813185,143.73744938532417
15782.0,3.0,421.0,430.0,871.58,0.9814261305823945,0.6525200339960451,740.5345193248713,473.7181677667767
15783.0,0.0,0.0,10.0,0.0,1.0,,409.57932521320134,
15784.0,1.0,205.0,672.0,382.14,0.710813278651977,0.14330348585763528,397.03783633387195,55.778687160865616
15785.0,11.0,692.0,724.0,513.3645454545455,0.9930031963380268,1.3215772861899535,503.2491866135736,652.0072337276198
15786.0,3.0,490.0,536.0,2242.7033333333334,0.9768498509049226,0.534742702514977,1722.7417187922338,903.1178083362227
15787.0,1.0,35.0,61.0,456.0,0.8981335153834475,1.065037512372929,430.79647877241155,449.82521159061594
15788.0,0.0,0.0,508.0,0.0,1.0,0.10190536176785539,409.57932521320134,40.918763133701304
15789.0,4.0,265.0,623.0,394.565,0.7147992799594121,0.43543027460795164,398.0028715615191,169.89592955577382
15790.0,0.0,0.0,10.0,0.0,1.0,,409.57932521320134,
15791.0,4.0,598.0,641.0,825.2525,0.9831487426154428,0.5836079289582508,730.0746637540253,417.7019004873906
15792.0,1.0,219.0,618.0,457.0,0.7521243055106953,0.1636258893387482,431.253541356199,69.177509058933
15793.0,7.0,724.0,738.0,301.1414285714286,0.9920836447305732,0.8518049344792482,316.87341254239755,264.6079174997232
15794.0,1.0,1.0,737.0,102.0,0.1637568891963157,0.030337535443536647,268.9963241116616,8.000288914371772
15795.0,6.0,541.0,690.0,311.15333333333336,0.9655264147903619,0.7664916863678373,327.4194105801557,246.03062170715503
15796.0,16.0,617.0,618.0,312.87687500000004,0.9969863696834931,2.1913203223676696,319.56014737335676,686.4926116669221
15797.0,5.0,568.0,681.0,504.08000000000004,0.975215167497943,0.6656768547253121,485.9387656257194,317.11916450504106
15798.0,2.0,189.0,681.0,584.5450000000001,0.661673817442747,0.21175393195746983,519.3484789640222,107.81242003325778
15799.0,3.0,343.0,418.0,294.7133333333333,0.968140086065225,0.6597118196142868,327.2948206354225,211.67739903679205
15800.0,3.0,511.0,618.0,291.6666666666667,0.9679962897727299,0.4661911926493124,325.1123343035021,148.58535582390965
15801.0,2.0,63.0,109.0,463.365,0.9380303542088577,1.2929110566304927,443.3231324625831,561.9334898351382
15802.0,0.0,0.0,142.0,0.0,1.0,0.2814239237509493,409.57932521320134,113.00760487913104
15803.0,3.0,625.0,676.0,441.9533333333334,0.9775368751079508,0.43389142248912277,432.7705167553251,184.08428785460387
15804.0,12.0,198.0,198.0,306.7525,0.9960491454262185,4.333390577020786,316.0145133777927,1342.5190310278758
15805.0,21.0,706.0,729.0,453.8442857142857,0.9957854548234487,2.447504812637311,451.47444971655756,1083.2614491756876
15806.0,2.0,230.0,276.0,242.11,0.9593517534736505,0.6725563219197249,304.5131964981014,200.77992785960663
15807.0,3.0,616.0,666.0,471.86000000000007,0.9775733644334382,0.4398507008008597,454.1942228494066,195.85062739661709
15808.0,20.0,432.0,738.0,875.6695,0.019730304948413862,0.045735033806761236,849.5384741786564,38.08978925501762
15809.0,6.0,499.0,535.0,184.14833333333334,0.9877253129622059,0.9870608900742335,221.40351215054304,214.24323239366555
15810.0,7.0,595.0,673.0,383.6242857142857,0.9838146206454731,0.9192187575615716,387.3897983072837,349.09560334851403
15811.0,6.0,366.0,388.0,418.0783333333334,0.9886613739663832,1.309448319375915,416.67377016904067,534.8909767699934
15812.0,11.0,617.0,724.0,446.4318181818182,0.9766632712447814,1.2998306554228884,442.8400139760258,564.30045129895
15813.0,1.0,32.0,239.0,533.26,0.6558940464056849,0.3208779419365579,466.1091339958283,146.62795662153417
15814.0,4.0,587.0,603.0,585.09,0.985890318890671,0.6185778140819553,544.9028354738157,330.43933360155427
15815.0,4.0,196.0,259.0,418.4,0.9658699723444149,1.251683399872219,416.3803057032306,510.9392248448251
15816.0,0.0,0.0,542.0,0.0,1.0,0.09620922711188373,409.57932521320134,38.63148373678734
15817.0,2.0,123.0,543.0,930.0749999999999,0.6000768245934613,0.23568203473513194,736.1254881787623,170.08194555402105
15818.0,0.0,0.0,588.0,0.0,1.0,0.0894454076503702,409.57932521320134,35.91548609759541
15819.0,7.0,582.0,631.0,487.0671428571428,0.987927930947162,0.9788566768649493,475.8253432384452,456.60884866717413
15820.0,0.0,0.0,319.0,0.0,1.0,0.15191845831627565,409.57932521320134,61.00180033662379
15821.0,1.0,17.0,61.0,316.78,0.8625538858358788,1.0228459679138464,367.1642258575256,368.19453718293323
15822.0,5.0,730.0,733.0,273.148,0.9898861574959849,0.6316026363706048,299.33863464118406,185.34626125702775
15823.0,2.0,359.0,731.0,50.400000000000006,0.8664818916420314,0.2598646572313139,184.2390656366484,46.93609811292415
15824.0,1.0,79.0,532.0,496.14,0.5481605940930924,0.13644196732776956,449.1429708856389,60.077789028064714
15825.0,0.0,0.0,172.0,0.0,1.0,0.24586262240910964,409.57932521320134,98.72690127794888
15826.0,2.0,512.0,568.0,827.155,0.9645168576379504,0.36383800551839157,671.5560158076772,239.5354988673677
15827.0,21.0,627.0,700.0,169.79857142857142,0.9805995022755016,2.501700899065276,182.6358371902181,447.9175911897238
15828.0,0.0,0.0,375.0,0.0,1.0,0.13262773575291603,409.57932521320134,53.2554400292951
15829.0,1.0,41.0,140.0,310.7,0.8108570030974397,0.5890022147016104,364.385285348098,210.41359441919468
15830.0,0.0,0.0,37.0,0.0,1.0,,409.57932521320134,
15831.0,2.0,266.0,324.0,245.90999999999997,0.9576084366655887,0.5882973911794769,306.89722287791216,177.00025007095073
15832.0,0.0,0.0,254.0,0.0,1.0,0.18278902275863138,409.57932521320134,73.39830143602025
15833.0,0.0,0.0,737.0,0.0,1.0,0.07285637740844916,409.57932521320134,29.254242578206643
15834.0,4.0,354.0,424.0,659.0725,0.9743251061869707,0.8355826885130817,601.9453578731936,493.0910065669195
15835.0,3.0,286.0,330.0,217.66,0.9733950832657883,0.8114512290800079,272.09749673096576,216.4561572760095
15836.0,0.0,0.0,50.0,0.0,1.0,,409.57932521320134,
15837.0,1.0,421.0,485.0,391.98,0.9140575851526432,0.24697270339990832,401.53533215834034,97.21982610055815
15838.0,28.0,713.0,724.0,2631.0,0.997509230757654,3.2651149552878906,2540.5929503658917,8132.238357177233
15839.0,2.0,115.0,148.0,374.655,0.9567101739311743,1.0757983899730192,387.6686640012639,408.8686944971719
15840.0,1.0,114.0,172.0,113.82,0.890792824521215,0.5593811864628051,274.398803852029,150.48161025833497
15841.0,8.0,657.0,729.0,306.56125000000003,0.9863616741933156,0.9684937167778747,319.88026231240787,303.7114194496256
15842.0,1.0,134.0,527.0,376.25,0.6795786352415648,0.1705826090580733,394.34573771536407,65.94674134393334
15843.0,0.0,0.0,303.0,0.0,1.0,0.15850678977805005,409.57932521320134,63.647420344772215
15844.0,0.0,0.0,46.0,0.0,1.0,,409.57932521320134,
15845.0,10.0,665.0,682.0,421.024,0.9939061104808359,1.2773161423982746,419.8088508272248,525.686799344178
15846.0,0.0,0.0,385.0,0.0,1.0,0.12968747761535562,409.57932521320134,52.07476015411073
15847.0,4.0,603.0,641.0,185.4875,0.9837207428749131,0.5839474746163217,236.79842487539815,135.55969541114558
15848.0,0.0,0.0,621.0,0.0,1.0,0.08515105360010276,409.57932521320134,34.19110285664354
15850.0,5.0,707.0,726.0,190.41400000000002,0.9886496069382913,0.6364035226762019,232.48702794798197,145.046905992296
15851.0,0.0,0.0,526.0,0.0,1.0,0.09880825266930951,409.57932521320134,39.675119923797745
15852.0,2.0,340.0,526.0,80.355,0.9269562257008905,0.37455070868826723,203.0320946385514,74.55133387042602
15853.0,0.0,0.0,51.0,0.0,1.0,,409.57932521320134,
15854.0,18.0,725.0,729.0,277.31166666666667,0.9971344841488265,2.111186127985325,285.5000973781073,590.8937195954467
15855.0,5.0,340.0,476.0,142.448,0.9506098827738162,0.8952616236873226,193.7290304300796,170.0294756738249
15856.0,43.0,732.0,736.0,773.6681395348838,0.9986566072712483,4.905694131305404,763.880494040833,3673.6882325569195
15857.0,1.0,412.0,430.0,297.0,0.9247123808621204,0.2776361019173272,358.12352795021025,97.4747119007539
15858.0,12.0,714.0,729.0,309.3233333333333,0.9949713844055303,1.4288110075657867,318.35378172138684,445.9246760617398
15859.0,0.0,0.0,432.0,0.0,1.0,0.11745083742951146,409.57932521320134,47.16107726274208
15860.0,16.0,693.0,733.0,143.785,0.9930786069718026,1.8676728927873236,162.15450218713156,296.89741871463485
15861.0,9.0,668.0,680.0,443.11555555555555,0.9937768640282421,1.1603191554699621,439.2053071650154,499.5997151298937
15862.0,9.0,714.0,722.0,260.61888888888893,0.9941277860364476,1.0986899541267634,277.98733789001807,299.4173955867065
15863.0,4.0,697.0,722.0,54.449999999999996,0.9853596603713765,0.5246424542439323,135.7649435938993,69.82781360266004
15864.0,6.0,359.0,381.0,322.71999999999997,0.9886005500997643,1.3299749334318356,337.074546665369,439.49130987422905
15865.0,4.0,663.0,703.0,383.7175,0.9838593146160383,0.5368200100564932,389.6391536319107,205.05425768039188
15866.0,0.0,0.0,101.0,0.0,1.0,0.3508485097226406,409.57932521320134,140.88761648546543
15867.0,29.0,720.0,725.0,290.9637931034483,0.9980600666786955,3.3766670816007593,295.63127871350815,978.6223930401482
15868.0,0.0,0.0,583.0,0.0,1.0,0.0901341614102597,409.57932521320134,36.19205323812323
15869.0,1.0,349.0,626.0,149.64,0.8479805537572199,0.1823427920937711,290.7707856032947,51.97799266134443
15870.0,2.0,414.0,446.0,246.185,0.9669739794897232,0.45198446758759775,307.0697511027669,136.06356841349154
15871.0,0.0,0.0,437.0,0.0,1.0,0.11628370431568634,409.57932521320134,46.69241094501818
15872.0,2.0,536.0,550.0,337.07,0.9703464272745751,0.37676343013807195,364.08876097884615,134.47941428176568
15873.0,1.0,1.0,500.0,138.24,0.2593229391362925,0.0682059738434704,285.56027214811803,19.094226308177472
15874.0,15.0,638.0,701.0,711.3506666666667,0.9879975349051345,1.8195875724150465,689.206364128788,1229.416541294521
15875.0,0.0,0.0,646.0,0.0,1.0,0.08216274226007617,409.57932521320134,32.9911592662221
15876.0,1.0,39.0,448.0,718.34,0.47325741433143226,0.13710123212144285,550.7022770032057,74.0186282080933
15877.0,1.0,16.0,17.0,251.02,0.9274805769974628,1.7006787917651711,337.10779034766426,562.0944623772748
15878.0,1.0,172.0,733.0,118.63999999999999,0.6340163565759545,0.11804657734344033,276.6018455058844,32.010137284434805
15879.0,3.0,318.0,722.0,341.32,0.8004771328923683,0.33451061062049525,360.6816082644291,118.28005956816138
15880.0,0.0,0.0,369.0,0.0,1.0,0.13445682593735786,409.57932521320134,53.98992407143146
15881.0,2.0,52.0,364.0,193.47000000000003,0.5125280250143238,0.28544763660300476,273.99765883652367,76.67543878416816
15882.0,5.0,531.0,729.0,262.87,0.9514951970947475,0.6101696005822341,291.03369575762065,174.0888634131227
15883.0,1.0,31.0,33.0,252.72,0.9265247234757668,1.4170875031274035,337.8847967401029,469.4383603936735
15884.0,1.0,304.0,736.0,7.9,0.7828540940356243,0.14521235918021042,225.98673497726452,32.17107449701206
15885.0,14.0,595.0,687.0,129.905,0.9774243505554806,1.716501286555694,151.77906123202294,255.40707261480918
15886.0,2.0,538.0,598.0,379.25,0.9643150346947233,0.3472836443229962,390.5514537947456,132.96637598630304
15887.0,2.0,149.0,555.0,292.5,0.6688077738433216,0.25758606946202334,336.12664104511833,84.87993542975505
15888.0,2.0,446.0,526.0,173.70499999999998,0.959362798878475,0.38764507562090716,261.5975847846921,99.41412658492224
15889.0,7.0,573.0,729.0,216.82714285714286,0.9638983012709212,0.8369993153659792,244.79129872058903,200.86210894315954
15890.0,2.0,210.0,604.0,136.22500000000002,0.7638857942875371,0.2726320576975086,238.0835561754007,63.63345466150335
15891.0,0.0,0.0,226.0,0.0,1.0,0.20033184782073374,409.57932521320134,80.44294343894944
15892.0,0.0,0.0,669.0,0.0,1.0,0.07959301232374305,409.57932521320134,31.959296997816736
15893.0,0.0,0.0,481.0,0.0,1.0,0.10693326007387408,409.57932521320134,42.93771887933357
15894.0,1.0,116.0,369.0,106.81,0.7518304977242116,0.2574907998029561,271.1947951396791,68.45854649161208
15895.0,0.0,0.0,149.0,0.0,1.0,0.272233785074984,409.57932521320134,109.31701240345814
15897.0,0.0,0.0,194.0,0.0,1.0,0.2250218179601702,409.57932521320134,90.35774216062381
15898.0,23.0,727.0,728.0,225.6604347826087,0.9979064462987242,2.682700404415158,234.6928222424151,617.2321319832148
15899.0,0.0,0.0,368.0,0.0,1.0,0.13476659491719936,409.57932521320134,54.11431405604213
15900.0,3.0,539.0,562.0,254.7266666666667,0.9801114600993278,0.5142465263136046,298.6502844891229,150.56130457454265
15901.0,5.0,527.0,543.0,99.90599999999999,0.9884964602915054,0.828165568002391,159.35379108540627,129.3773640183949
15902.0,0.0,0.0,380.0,0.0,1.0,0.13114111412904547,409.57932521320134,52.65847716923123
15903.0,11.0,685.0,694.0,809.0945454545455,0.9950338705353023,1.3767074826433903,770.1560549279221,1039.4350737088373
15904.0,0.0,0.0,8.0,0.0,1.0,,409.57932521320134,
15905.0,0.0,0.0,543.0,0.0,1.0,0.09605132262035584,409.57932521320134,38.5680773928171
15906.0,7.0,431.0,450.0,348.07,0.9907744775546711,1.3274944220617582,356.99366735511205,464.5931700907396
15907.0,2.0,207.0,210.0,358.135,0.9712517931589401,0.844914104316571,377.3044230027182,312.53077612705175
15908.0,1.0,22.0,512.0,575.2,0.3526216288674319,0.09081487228218943,485.2783387598731,43.20455660663797
15909.0,0.0,0.0,173.0,0.0,1.0,0.24483172107690193,409.57932521320134,98.31291483303619
15910.0,14.0,687.0,687.0,184.10142857142858,0.9966281487519827,1.75022598790196,201.7366452251204,346.14323348753845
15911.0,6.0,107.0,730.0,239.17999999999998,0.004149421701080776,0.0031280853776177397,267.34053497441323,0.8198236312029763
15912.0,5.0,551.0,729.0,127.78200000000001,0.959452937740676,0.6152726966843364,181.87845311286418,109.70490455838336
15913.0,0.0,0.0,534.0,0.0,1.0,0.09749141223061238,409.57932521320134,39.1463437271273
15914.0,0.0,0.0,378.0,0.0,1.0,0.13173174207013302,409.57932521320134,52.895647714865916
15915.0,0.0,0.0,401.0,0.0,1.0,0.12524514319821728,409.57932521320134,50.29091522827264
15916.0,11.0,713.0,729.0,274.7590909090909,0.9945221545271159,1.3152510189177116,287.89925716627744,371.21535052539383
15917.0,3.0,490.0,737.0,151.32,0.9360775715351171,0.3838522486730695,224.57469259761658,84.50889740108855
15918.0,2.0,441.0,631.0,167.115,0.937005479100733,0.3214320319001365,257.46318114180974,81.1303202329955
15919.0,1.0,349.0,368.0,369.17,0.9237960509728502,0.3171179648170537,391.10973462214906,121.59174897213029
15920.0,4.0,571.0,725.0,112.5125,0.9660017266548983,0.5123799473764855,180.5327124150919,90.68289594716794
15921.0,3.0,468.0,640.0,233.97666666666666,0.9529410315756208,0.44460051179300136,283.78597659393154,123.69130896534494
15922.0,0.0,0.0,373.0,0.0,1.0,0.1332318730676359,409.57932521320134,53.49803554378735
15923.0,0.0,0.0,372.0,0.0,1.0,0.1335360122039588,409.57932521320134,53.62016474529493
15924.0,0.0,0.0,731.0,0.0,1.0,0.07340455624802243,409.57932521320134,29.474360001722538
15925.0,0.0,0.0,194.0,0.0,1.0,0.2250218179601702,409.57932521320134,90.35774216062381
15926.0,0.0,0.0,542.0,0.0,1.0,0.09620922711188373,409.57932521320134,38.63148373678734
15927.0,0.0,0.0,647.0,0.0,1.0,0.08204756802551005,409.57932521320134,32.94491159059069
15928.0,0.0,0.0,656.0,0.0,1.0,0.08102535458563881,409.57932521320134,32.534446704261384
15929.0,0.0,0.0,644.0,0.0,1.0,0.08239406388473804,409.57932521320134,33.084045393398625
15930.0,0.0,0.0,67.0,0.0,1.0,,409.57932521320134,
15931.0,0.0,0.0,428.0,0.0,1.0,0.11840156150632994,409.57932521320134,47.54284400951994
15932.0,7.0,285.0,289.0,311.16285714285715,0.9924470532325587,1.9366863280182185,325.44094945293614,617.8944932595143
15933.0,2.0,65.0,86.0,347.825,0.9586292248553512,1.5243652661206188,370.8361830090737,554.2041919360834
15934.0,1.0,12.0,429.0,579.9,0.3636368467636488,0.10939971028967671,487.426532903674,52.27674361792198
15935.0,1.0,2.0,241.0,108.03999999999999,0.49927141635831274,0.24265476693996732,271.75698211773766,64.64854364896173
15936.0,1.0,88.0,467.0,111.17,0.6193950358444347,0.17302341351949457,273.18758800499234,46.339173098297074
15937.0,0.0,0.0,64.0,0.0,1.0,,409.57932521320134,
15938.0,8.0,444.0,556.0,77.82125,0.9669591276412584,1.2144479775895707,120.71362475424235,143.71875624680308
15939.0,14.0,285.0,374.0,436.7864285714286,0.9122408301439457,2.747676705882239,434.6584897828031,1170.8309336643351
15940.0,0.0,0.0,311.0,0.0,1.0,0.15514263121109734,409.57932521320134,62.29650284336744
15941.0,0.0,0.0,637.0,0.0,1.0,0.08321405308457124,409.57932521320134,33.41330836528442
15942.0,0.0,0.0,133.0,0.0,1.0,0.2941958428031972,409.57932521320134,118.13659465840897
15943.0,1.0,28.0,677.0,145.59,0.28689596979262844,0.057449741125240296,288.91968213895564,16.27214449454798
15944.0,3.0,450.0,726.0,525.2800000000001,0.9212814781815806,0.3830443822991168,492.4617567174125,184.92652873465707
15945.0,3.0,373.0,738.0,234.14666666666668,0.8592818195930415,0.3519217459652594,283.90775646584393,97.94919855835897
15946.0,1.0,131.0,633.0,1149.1599999999999,0.6113652967607975,0.1301439933857927,747.6139793505058,95.38533206978707
15947.0,0.0,0.0,82.0,0.0,1.0,,409.57932521320134,
15948.0,2.0,416.0,424.0,477.62,0.9708415413811423,0.47424239567790216,452.266368263689,210.26954446243766
15949.0,1.0,55.0,71.0,127.68,0.9135397994395337,1.002919979030401,280.7336912633228,276.03599009993553
15950.0,9.0,651.0,682.0,736.0055555555556,0.9919958328171379,1.1551336276515851,697.9449975024864,790.3701913472659
15951.0,2.0,373.0,381.0,354.11,0.970719137584703,0.5199859016122811,374.7792371662081,191.05115586322677
15952.0,3.0,192.0,225.0,191.3066666666667,0.9730977410220637,1.1060557040914778,253.21922874391632,274.5744904739435
15953.0,17.0,721.0,736.0,193.96176470588236,0.9961398037425602,1.9785108274457088,208.0441443898808,403.5250405448771
15954.0,0.0,0.0,589.0,0.0,1.0,0.0893089186587447,409.57932521320134,35.86067933936102
15955.0,17.0,630.0,654.0,486.4164705882353,0.9949644850389827,2.2019556804845326,481.39809521815926,1039.1782262480363
15956.0,1.0,175.0,726.0,291.2,0.64225017985302,0.12063821659023487,355.4725649642432,42.04071771752258
15957.0,1.0,389.0,420.0,428.89,0.9212844143166632,0.2823152837465469,418.4055121259343,115.80176246904657
15958.0,3.0,476.0,550.0,137.17999999999998,0.9724542339308769,0.5201997320062762,214.44547266325483,109.36194126677299
15959.0,0.0,0.0,682.0,0.0,1.0,0.07821044859618616,409.57932521320134,31.404136089687622
15960.0,3.0,61.0,435.0,83.35000000000001,0.2554355365463752,0.16812954203479316,175.8842343982837,28.99023536162594
15961.0,0.0,0.0,379.0,0.0,1.0,0.1314357640138626,409.57932521320134,52.776795764804184
15962.0,0.0,0.0,449.0,0.0,1.0,0.11357508175582237,409.57932521320134,45.60475540189127
15963.0,1.0,26.0,45.0,190.72,0.9043076472195999,1.230239350062261,309.54691654528233,373.35870611340727
15964.0,0.0,0.0,663.0,0.0,1.0,0.08024774663070125,409.57932521320134,32.22220214572288
15965.0,10.0,719.0,736.0,284.35900000000004,0.9940073412281466,1.1911960681827556,297.6543864947729,347.5939970465821
15966.0,0.0,0.0,450.0,0.0,1.0,0.11335505180516044,409.57932521320134,45.516401784652615
15967.0,10.0,715.0,738.0,288.489,0.9935025663097616,1.1876213486157896,301.3458798375675,350.8487801435294
15968.0,0.0,0.0,388.0,0.0,1.0,0.12883067455678865,409.57932521320134,51.730705630936534
15969.0,4.0,520.0,522.0,255.8225,0.98718240924366,0.7050086704910925,291.02862543580426,201.14505332102718
15970.0,1.0,295.0,598.0,314.1,0.8256025161015768,0.1850319882392692,365.9392981329753,66.37985992962928
15971.0,16.0,714.0,731.0,357.496875,0.9957860701450738,1.877477723737565,361.0963825603482,664.6217313308796
15972.0,3.0,144.0,600.0,357.74666666666667,0.442579637785008,0.21892563047316338,372.44888686804404,79.93591702253319
15973.0,2.0,63.0,429.0,486.72,0.4795757864543618,0.23189094194212712,457.9754840679727,104.11363911067248
15974.0,6.0,249.0,288.0,445.48499999999996,0.9822819883469905,1.6708723656898943,439.55115601705904,720.0053921037178
15975.0,0.0,0.0,84.0,0.0,1.0,,409.57932521320134,
15976.0,5.0,386.0,551.0,309.256,0.944388863569793,0.7809181261712371,328.51500486960447,251.5007915488256
15977.0,1.0,22.0,39.0,699.1,0.9058944380300549,1.304469417084116,541.9083928911356,693.0609672923911
15978.0,2.0,567.0,644.0,1340.15,0.9624279267790748,0.3240932561471353,993.3964402053148,315.6249845448599
15979.0,0.0,0.0,602.0,0.0,1.0,0.08757174619214306,409.57932521320134,35.163123172315935
15980.0,3.0,468.0,556.0,1472.0133333333333,0.9699277198553464,0.513827633229372,1170.6562512382561,589.693012484654
15981.0,20.0,596.0,620.0,449.0885,0.9951029520669534,2.7047635430826813,446.8734452265196,1184.9258239549258
15982.0,0.0,0.0,605.0,0.0,1.0,0.08718041858065256,409.57932521320134,35.005986895308865
15983.0,7.0,711.0,733.0,524.2171428571429,0.9914328537787366,0.8565873976800147,507.5856849859229,426.2436870605068
15984.0,24.0,736.0,738.0,351.6525,0.9979304082976752,2.7613312527583327,354.38438328240744,959.3333927322712
15985.0,5.0,438.0,561.0,445.47200000000004,0.9664824197388613,0.7863982678376764,438.5817060725104,338.12057437755595
15986.0,1.0,351.0,381.0,168.12,0.9208461666396862,0.30688149403934495,299.2173021516864,90.02055775626076
15987.0,6.0,367.0,379.0,260.79333333333335,0.9902251573611878,1.3381778834956202,285.38200539992425,374.3875072687633
15988.0,2.0,637.0,656.0,250.64499999999998,0.9700646824969551,0.32122263063865863,309.867845222229,97.58011275030341
15989.0,1.0,362.0,737.0,229.4,0.8210240421382817,0.15210258390110057,327.2260972861801,48.79367772947441
15990.0,6.0,605.0,649.0,301.90833333333336,0.9875889711972592,0.8290967192992719,319.70225786190235,259.8534581725729
15991.0,0.0,0.0,534.0,0.0,1.0,0.09749141223061238,409.57932521320134,39.1463437271273
15992.0,2.0,450.0,453.0,287.925,0.9716383476551776,0.4480177559464625,333.2563987588988,146.37095723771546
15993.0,4.0,36.0,44.0,378.02250000000004,0.9819069282775507,3.817709895558013,385.24815352966414,1441.9365816627246
15994.0,2.0,581.0,635.0,399.01,0.9656299994557869,0.3293566189952209,402.9483909697616,130.10521010298027
15995.0,0.0,0.0,414.0,0.0,1.0,0.12185393310166391,409.57932521320134,48.92915818078036
15996.0,6.0,309.0,397.0,220.655,0.9672359789628273,1.2560491353608854,251.87701370825383,310.152830510796
15998.0,14.0,702.0,738.0,543.4307142857143,0.9934001199593248,1.6335836941752901,532.9618466900511,853.5208057157561
15999.0,0.0,0.0,735.0,0.0,1.0,0.07303819141664716,409.57932521320134,29.327248727905335
16000.0,0.0,0.0,2.0,0.0,1.0,,409.57932521320134,
16001.0,0.0,0.0,381.0,0.0,1.0,0.13084778348887344,409.57932521320134,52.540688343296665
16002.0,0.0,0.0,625.0,0.0,1.0,0.0846583949931315,409.57932521320134,33.993277757494
16003.0,7.0,707.0,736.0,746.5657142857143,0.9908306940636946,0.8528563352500678,697.6763072102801,583.319841905449
16004.0,3.0,209.0,683.0,563.8833333333333,0.5842764388168846,0.25690821985482437,520.1153390040326,130.9952646566096
16005.0,8.0,438.0,450.0,271.275,0.9926214404089889,1.50389016619244,289.1561049086445,426.3124236862597
16006.0,1.0,176.0,387.0,101.4,0.8206870139150169,0.2698680416743087,268.7220865613891,71.09498507998312
16007.0,6.0,496.0,543.0,452.4266666666667,0.9861238805093283,0.9724692827996582,445.34562889817056,424.57230505929687
16008.0,14.0,607.0,630.0,363.7628571428572,0.9944779921041451,1.8899453847657721,367.34628306957296,680.6161341131887
16009.0,3.0,137.0,159.0,176.84,0.9747003763036911,1.4361184895766896,242.85600042823268,341.92372383717736
16010.0,9.0,166.0,411.0,179.14,0.13960949158728575,0.25536606573017934,206.00870263394128,51.57375640711729
16011.0,28.0,730.0,738.0,203.1325,0.9977811916187393,3.2089704653724804,211.53444231812722,665.4620023291554
16012.0,4.0,494.0,529.0,503.615,0.983307120425633,0.6939508990319619,482.0833915176191,327.96690379964105
16013.0,48.0,728.0,731.0,1170.9466666666667,0.9988388151258054,5.503058870701782,1152.5596951367745,6217.904042877646
16014.0,4.0,640.0,677.0,218.14000000000001,0.9840312153865262,0.5557527662014833,261.97439166005245,142.73095523871808
16015.0,2.0,46.0,49.0,202.31,0.9700150086300415,2.0496800455703577,279.5436570463992,561.7467062713941
16016.0,9.0,399.0,402.0,250.92000000000002,0.9943363904578553,1.8539344483427507,269.419317446409,489.66973914144455
16017.0,4.0,656.0,703.0,241.995,0.9831266118757419,0.5364202278045277,280.3672463464602,147.43816821663907
16018.0,3.0,693.0,732.0,167.45000000000002,0.9791790167602811,0.40404838933416826,236.12945338554124,93.53219128570059
16019.0,22.0,679.0,725.0,755.2281818181818,0.9917296626021577,2.563067328981967,737.5210547670018,1853.151854408809
16020.0,1.0,49.0,65.0,332.21,0.9126867346760791,1.0486689898772596,374.2167015253657,384.74020322891704
16021.0,1.0,149.0,544.0,380.86,0.695667228420439,0.16974366078621175,396.45279622662406,65.97300022220176
16022.0,0.0,0.0,260.0,0.0,1.0,0.17942275969007276,409.57932521320134,72.04652332074139
16023.0,2.0,220.0,266.0,270.985,0.95885019721631,0.6925722500794743,322.6286601078477,219.0553736745273
16024.0,1.0,399.0,411.0,251.24,0.9260324208580989,0.2891406876600239,337.2083441160975,95.58529901408684
16025.0,0.0,0.0,29.0,0.0,1.0,,409.57932521320134,
16026.0,0.0,0.0,43.0,0.0,1.0,,409.57932521320134,
16027.0,14.0,609.0,700.0,138.12571428571428,0.9786452998201228,1.6893915989099146,159.3568119295723,263.92334131718854
16028.0,0.0,0.0,595.0,0.0,1.0,0.08849865663278034,409.57932521320134,35.53532106814271
16029.0,70.0,693.0,731.0,1699.404857142857,0.9791810680363752,7.834407605247514,1677.8820464546552,12886.76739691865
16030.0,0.0,0.0,309.0,0.0,1.0,0.1559701964279467,409.57932521320134,62.628821198061516
16031.0,1.0,155.0,247.0,243.31,0.8792811731559587,0.4191107311842274,333.5838378266632,137.06377911634712
16032.0,5.0,67.0,523.0,311.252,0.01892974236144857,0.016399856098029915,330.12783402037246,5.307636023265177
16033.0,24.0,480.0,485.0,437.74333333333334,0.9975606258828544,4.033130447335019,436.41509235575876,1725.5223872407132
16034.0,5.0,213.0,409.0,140.73,0.8266315318012226,0.8888107653087307,192.34083379630243,167.59511911744346
16035.0,0.0,0.0,560.0,0.0,1.0,0.0934441338798042,409.57932521320134,37.52116498415212
16036.0,3.0,533.0,620.0,569.3866666666667,0.9717020817855475,0.4666077464674422,524.0576638771188,239.72288741634986
16037.0,4.0,379.0,648.0,288.905,0.8951135545350433,0.5261252766254781,316.5361339314272,163.2639849093224
16038.0,2.0,194.0,201.0,77.41499999999999,0.9700509889944043,0.8725357456052578,201.18761107101358,172.09698878922646
16039.0,1.0,205.0,628.0,312.91999999999996,0.7313371006993422,0.15680667732182946,365.39996428410615,56.171130322838096
16040.0,6.0,544.0,609.0,340.325,0.9840744608349192,0.8752577974625053,351.7701089806584,301.83726472205035
16041.0,1.0,111.0,141.0,426.6,0.909318458049002,0.6573035103049364,417.3588388090611,268.94997610217933
16042.0,5.0,431.0,453.0,324.194,0.987360583188827,0.9712512763697926,340.5853665199907,324.29290942891066
16043.0,7.0,444.0,481.0,190.3057142857143,0.9881763874347655,1.248672570369016,222.11755349690426,271.90089453412406
16044.0,0.0,0.0,435.0,0.0,1.0,0.11674776096590979,409.57932521320134,46.87875445352894
16045.0,6.0,379.0,498.0,411.0183333333334,0.9612824514672942,1.0238988357424763,410.7805199591035,412.33099424782324
16046.0,0.0,0.0,562.0,0.0,1.0,0.09314668577912605,409.57932521320134,37.401725284339705
16047.0,0.0,0.0,682.0,0.0,1.0,0.07821044859618616,409.57932521320134,31.404136089687622
16048.0,2.0,176.0,549.0,437.115,0.7404506416772239,0.2879689473601885,426.8545291809956,120.50508097535301
16049.0,5.0,476.0,516.0,334.008,0.9852201539310689,0.863852829628478,348.5153791881451,295.1486103636672
16050.0,2.0,228.0,401.0,105.05000000000001,0.9095642730342374,0.46627793135962836,218.52512923050583,99.89146909429374
16051.0,0.0,0.0,681.0,0.0,1.0,0.07831509152165012,409.57932521320134,31.446154867833933
16052.0,0.0,0.0,54.0,0.0,1.0,,409.57932521320134,
16053.0,4.0,578.0,610.0,750.5450000000001,0.9842181917064903,0.6111149885405194,672.4731466094096,402.8804070903442
16054.0,3.0,472.0,617.0,553.1333333333333,0.9591945820523844,0.4626305075402438,512.414552986042,232.3989872408172
16055.0,0.0,0.0,220.0,0.0,1.0,0.20453911238691794,409.57932521320134,82.13245546313118
16056.0,0.0,0.0,45.0,0.0,1.0,,409.57932521320134,
16057.0,6.0,685.0,701.0,569.2616666666667,0.9906290267815586,0.775109992381613,542.8722419687094,412.51352034424065
16058.0,0.0,0.0,406.0,0.0,1.0,0.12391871310419501,409.57932521320134,49.7582804211622
16059.0,11.0,504.0,569.0,272.80636363636364,0.98482059499735,1.6317507211395499,286.13685118434915,457.7259743929286
16060.0,2.0,94.0,494.0,98.175,0.5441435365033711,0.23247333367546605,214.21192360913767,48.81994998872687
16061.0,0.0,0.0,431.0,0.0,1.0,0.11768708317852562,409.57932521320134,47.25594259279252
16062.0,6.0,527.0,536.0,386.68833333333333,0.9909940222130923,0.9886764266974973,390.47134466055246,378.4617543947272
16063.0,0.0,0.0,260.0,0.0,1.0,0.17942275969007276,409.57932521320134,72.04652332074139
16064.0,0.0,0.0,725.0,0.0,1.0,0.0739610493360486,409.57932521320134,29.697816031936803
16065.0,5.0,98.0,463.0,389.52799999999996,0.10749411319926414,0.10373329458902063,393.3772401353564,40.004341189894475
16066.0,4.0,108.0,124.0,301.3725,0.98094092939147,2.1857174130251265,326.1489159814288,698.8789718053374
16067.0,2.0,113.0,675.0,712.265,0.43410592193842534,0.14005341122109655,599.4768603401881,82.30848624891019
16068.0,0.0,0.0,593.0,0.0,1.0,0.08876710471650591,409.57932521320134,35.643115568480724
16069.0,0.0,0.0,417.0,0.0,1.0,0.12109728318500539,409.57932521320134,48.62532203680053
16070.0,1.0,10.0,32.0,165.3,0.8935942221204002,1.3810294706481778,297.92838566540587,403.39300623045176
16071.0,3.0,611.0,655.0,270.8333333333333,0.9781912690441514,0.4468613043635727,310.18833039266735,135.88651781708933
16072.0,2.0,261.0,549.0,1234.625,0.8651394865462512,0.33646173456766315,927.1926550133329,305.8337910801236
16073.0,0.0,0.0,297.0,0.0,1.0,0.16112735529338784,409.57932521320134,64.69974083297362
16074.0,0.0,0.0,390.0,0.0,1.0,0.12826573965440868,409.57932521320134,51.50385264172541
16075.0,1.0,62.0,564.0,267.23,0.47353315282427466,0.11186676099798769,344.51677483085854,37.782643630519956
16076.0,8.0,205.0,208.0,241.16,0.9933752194562123,2.8457565720780393,262.9346163624167,733.5522609260249
16077.0,0.0,0.0,625.0,0.0,1.0,0.0846583949931315,409.57932521320134,33.993277757494
16078.0,1.0,386.0,669.0,79.2,0.8533501398107812,0.17274306929766844,258.5752972013082,43.789232461342955
16079.0,2.0,24.0,40.0,421.89,0.9567152981068884,2.197531806614117,417.30273927767485,899.0693262532739
16080.0,3.0,369.0,450.0,98.63666666666666,0.9678787407312497,0.6184740098424362,186.8348715078978,113.2817489553285
16081.0,7.0,618.0,674.0,622.0428571428572,0.9873864596903845,0.9213057435965025,591.2190125069294,533.985525063152
16082.0,0.0,0.0,670.0,0.0,1.0,0.07948492760451559,409.57932521320134,31.915896152461666
16083.0,3.0,288.0,388.0,547.1066666666667,0.9575697171449578,0.6958179606668813,508.09733713471576,346.596532730959
16084.0,0.0,0.0,299.0,0.0,1.0,0.16024424696687556,409.57932521320134,64.34511761454687
16085.0,11.0,665.0,688.0,189.8081818181818,0.9937982008615527,1.3859718793190943,211.22803305674688,287.00071205631514
16086.0,9.0,678.0,737.0,286.71555555555557,0.9889044777346708,1.0724458564613806,301.0411924162003,316.50317281212847
16087.0,4.0,300.0,689.0,348.39,0.7239505705054947,0.4023508576108351,362.4006889941379,142.94585064307216
16088.0,1.0,16.0,591.0,712.28,0.2802409182740203,0.06347743380354913,547.9324777454539,34.09784694654691
16089.0,1.0,123.0,509.0,116.78999999999999,0.6698713660216621,0.17342226341398237,275.7562797258777,46.882631350799045
16090.0,0.0,0.0,624.0,0.0,1.0,0.08478102421129673,409.57932521320134,34.04251902552776
16091.0,1.0,44.0,198.0,157.81,0.7476136201856117,0.42292085909297195,294.50498691283804,122.10778191392936
16092.0,4.0,465.0,579.0,278.63,0.969195292035144,0.6308011466890363,308.6138290937479,190.84747627442476
16093.0,0.0,0.0,106.0,0.0,1.0,0.3405950459555679,409.57932521320134,136.76992084274931
16094.0,9.0,591.0,602.0,373.4733333333333,0.9937528679727426,1.2962233898228814,377.68321009037606,479.93816001431037
16095.0,0.0,0.0,456.0,0.0,1.0,0.11205258107773555,409.57932521320134,44.99339139030649
16096.0,3.0,381.0,645.0,336.0233333333333,0.9111080409733618,0.42208571703798065,356.88732951013844,147.67604002549592
16097.0,0.0,0.0,240.0,0.0,1.0,0.19115816564224367,409.57932521320134,76.75907687073669
16098.0,13.0,637.0,724.0,330.2623076923077,0.9821999513422454,1.5316469248312978,336.9031450225759,505.8717622135085
16099.0,6.0,596.0,646.0,239.45000000000002,0.9868022518563705,0.8319372918750196,267.5659142317338,218.22223712832655
16100.0,0.0,0.0,462.0,0.0,1.0,0.11077972048063471,409.57932521320134,44.482271386267286
16101.0,3.0,491.0,561.0,801.8833333333333,0.9733863018361517,0.5115350172742923,690.6071596814083,346.326342153586
16102.0,2.0,86.0,128.0,501.19000000000005,0.9471541812915104,1.1761174555482516,467.05360557214686,538.5318554125688
16103.0,20.0,693.0,700.0,299.563,0.9971673182052873,2.4264538774484303,305.7309897805838,727.2575656754728
16104.0,7.0,672.0,733.0,298.38714285714286,0.9873202061705958,0.8530341140675085,314.51871387332864,263.0206243350403
16105.0,4.0,356.0,604.0,447.66,0.8995693671599921,0.5635724410772398,438.9405625937899,242.51230787587886
16106.0,0.0,0.0,65.0,0.0,1.0,,409.57932521320134,
16107.0,6.0,166.0,183.0,445.21000000000004,0.9869115149688791,2.393416979472869,439.3216030697882,1030.8324525405826
16108.0,3.0,547.0,631.0,636.2433333333333,0.9724219262174971,0.4595637573882836,571.9505833074567,257.68115363876376
16109.0,2.0,480.0,698.0,305.94,0.9341938122676704,0.29230058096353645,344.55856592529113,98.73497807258948
16110.0,3.0,477.0,522.0,445.82666666666665,0.9768379764343221,0.5475102465005455,435.54518756242743,233.7787383102842
16111.0,0.0,0.0,428.0,0.0,1.0,0.11840156150632994,409.57932521320134,47.54284400951994
16112.0,3.0,195.0,338.0,41.24666666666667,0.9182017224844755,0.7502054853686976,145.7234194546432,107.17472130097019
16113.0,0.0,0.0,183.0,0.0,1.0,0.23498002800800502,409.57932521320134,94.3567080613547
16114.0,0.0,0.0,170.0,0.0,1.0,0.24795075263353908,409.57932521320134,99.56544721338742
16115.0,11.0,565.0,574.0,216.46454545454543,0.9949009945761607,1.6355288437868558,235.28635158658926,377.25312631028913
16116.0,0.0,0.0,211.0,0.0,1.0,0.21119277030214587,409.57932521320134,84.80437231425995
16117.0,2.0,402.0,591.0,260.45,0.9335934453168232,0.33981146471609047,316.0192606575039,105.27636925722871
16118.0,0.0,0.0,652.0,0.0,1.0,0.08147650840492852,409.57932521320134,32.71560531699992
16119.0,7.0,715.0,723.0,219.63000000000002,0.9925169287785998,0.868422058958487,247.1875221587183,210.44294373076977
16120.0,1.0,363.0,422.0,1309.14,0.9133316598368358,0.2787278274748399,820.7348515048188,224.26760420979772
16121.0,3.0,508.0,565.0,440.47333333333336,0.9755548335016332,0.5094147358932728,431.7103155174994,215.59712554933986
16122.0,5.0,352.0,425.0,177.408,0.9755599090408871,1.0146089691303444,221.97778148761756,220.7946276549229
16123.0,0.0,0.0,51.0,0.0,1.0,,409.57932521320134,
16124.0,3.0,415.0,732.0,436.49666666666667,0.8978475199715673,0.37048776383348725,428.86162165099927,155.76454829607025
16125.0,13.0,358.0,725.0,299.84153846153845,0.04906614778287051,0.07641696092633862,309.0293623810333,23.15081107704767
16126.0,14.0,708.0,737.0,1033.7642857142857,0.994217194785639,1.636969066435415,984.9451456816773,1580.6260124305677
16127.0,1.0,687.0,726.0,656.25,0.9231481159269739,0.17340118515739775,522.3232611758442,88.79132851202395
16128.0,9.0,494.0,511.0,386.28555555555556,0.9928951412452073,1.5001513235097157,389.00155626236096,572.0909291867632
16129.0,2.0,100.0,507.0,474.555,0.5537828678897148,0.23120711696326388,450.3434627757627,102.07641765475577
16130.0,3.0,195.0,617.0,259.8433333333333,0.6189935974100755,0.2985476852061132,302.3156198496239,88.48156633189792
16131.0,7.0,686.0,737.0,1234.207142857143,0.9885831500268917,0.8498592585051657,1114.571554092024,928.6067868393343
16132.0,1.0,83.0,627.0,310.79999999999995,0.49862746722521306,0.10706575189461005,364.4309916064768,38.25128204110493
16133.0,49.0,615.0,618.0,454.8985714285714,0.9988220289513327,6.547084662727378,453.82592178687406,2912.825292734486
16134.0,4.0,519.0,540.0,309.6675,0.9851498855657193,0.682588614417538,332.54458689418306,222.5296596062596
16135.0,1.0,321.0,583.0,517.55,0.8466899800655355,0.1941528667074997,458.92868080452774,87.35135807646654
16136.0,3.0,604.0,663.0,236.46,0.9764473957312023,0.4411567969982026,285.56491786010304,123.50255020579407
16137.0,0.0,0.0,680.0,0.0,1.0,0.0784200149371402,409.57932521320134,31.488286277909953
16138.0,2.0,212.0,590.0,197.07000000000002,0.7772792887222759,0.28334830236147535,276.2562101437128,76.73826825614805
16139.0,4.0,718.0,736.0,188.89000000000001,0.9859897362114776,0.5157909787793985,239.42184504184132,121.06393599381451
16140.0,2.0,376.0,441.0,424.65999999999997,0.960167897241102,0.4532450890178141,419.04056903348425,186.19609741990269
16141.0,1.0,329.0,417.0,620.4,0.9032989013947396,0.27852829761666964,505.9375675470649,138.1496218578717
16142.0,0.0,0.0,249.0,0.0,1.0,0.18569241246315338,409.57932521320134,74.56420682667056
16143.0,11.0,726.0,729.0,419.1345454545454,0.9954832446418855,1.3165220562163462,418.2032521420588,539.7495399542199
16144.0,0.0,0.0,246.0,0.0,1.0,0.18747921325382,409.57932521320134,75.28172775590153
16145.0,18.0,576.0,584.0,330.6716666666667,0.9967120830117268,2.582716281180405,335.5566846802198,849.6112095382631
16146.0,3.0,291.0,448.0,244.71,0.936464289544165,0.6007376108237052,291.47482340879355,171.6589519041578
16147.0,4.0,539.0,672.0,431.0675,0.968624535249125,0.550767891647154,426.1472932001944,230.09441960291156
16148.0,1.0,140.0,436.0,76.32000000000001,0.7462769630417929,0.22137686398601586,257.25895696000043,55.8323334114332
16149.0,2.0,425.0,429.0,140.26,0.9714669723563142,0.4697367916568282,240.61501576554184,110.80488701137091
16150.0,9.0,680.0,722.0,449.71,0.9909784989987539,1.0952094256880895,445.03085434485496,477.81981421512114
16152.0,0.0,0.0,268.0,0.0,1.0,0.17512291123120982,409.57932521320134,70.31985172886463
16153.0,10.0,513.0,562.0,373.75100000000003,0.9886731744569979,1.5142443520660227,377.5551063250625,560.47258355785
16155.0,3.0,158.0,539.0,189.4333333333333,0.5897066002446287,0.3212086216576296,251.877262312254,79.31502964678896
16156.0,17.0,729.0,737.0,348.1223529411765,0.9967000709863575,1.9771513414619708,352.1362209013153,682.5385238235774
16157.0,2.0,57.0,72.0,244.185,0.9620943120835346,1.6878452933146544,305.8150003765507,506.0484724705202
16158.0,7.0,212.0,734.0,68.81428571428572,0.039214086027256116,0.03383808739254721,118.25189290961379,3.9227516746742763
16159.0,3.0,455.0,736.0,305.08,0.9205125841255197,0.37794136341000345,334.7210049814539,124.01805949058502
16160.0,1.0,20.0,85.0,223.49999999999997,0.8325118049866654,0.8279901531911688,324.5294280418342,263.4400878223221
16161.0,41.0,668.0,669.0,307.6585365853659,0.9988015432145709,5.109708022585008,310.52832006872507,1555.5147395434808
16162.0,0.0,0.0,252.0,0.0,1.0,0.18393939879344592,409.57932521320134,73.86025426509855
16163.0,5.0,505.0,737.0,410.7200000000001,0.9349909223297376,0.5935970545336142,410.50102538739725,238.8818094129689
16164.0,2.0,25.0,42.0,288.56,0.9558427307377402,2.15385933085901,333.6547821144725,704.5649112818085
16165.0,0.0,0.0,505.0,0.0,1.0,0.1024405326151037,409.57932521320134,41.13366104915589
16166.0,1.0,263.0,691.0,195.99,0.7652969249720483,0.15040855376612397,311.95563636184204,45.99862205535297
16167.0,3.0,324.0,738.0,300.11,0.7978216569182217,0.32675053058207454,331.1607346084852,106.07979315861988
16168.0,55.0,726.0,736.0,189.9512727272727,0.9983022793023117,6.252175564647314,194.59449242778183,1192.7188889604615
16169.0,3.0,67.0,75.0,411.83666666666664,0.9784276885760167,2.3154663037680323,411.19637670182243,933.4395389700072
16170.0,19.0,609.0,659.0,344.69052631578944,0.9899400321577878,2.4222436188532,348.508676720825,827.5770693150978
16171.0,0.0,0.0,59.0,0.0,1.0,,409.57932521320134,
16172.0,6.0,418.0,513.0,312.26666666666665,0.9734039617817305,1.0098486695578857,328.34875220910703,325.06527546245894
16173.0,5.0,83.0,98.0,197.788,0.9828371938431769,3.0903001819810854,238.44544586269262,722.4098737481554
16174.0,6.0,477.0,603.0,340.4916666666667,0.9678265760647332,0.8685515001517442,351.90923197900446,299.6430597403192
16175.0,6.0,469.0,563.0,257.79833333333335,0.9762740264715639,0.9320385703129013,282.8819651196464,258.47438657438977
16176.0,3.0,199.0,620.0,441.4333333333334,0.6284621549119037,0.3017852028315758,432.39801361771066,127.92638004553531
16177.0,6.0,597.0,647.0,317.59666666666664,0.9868115394133186,0.8307748151325531,332.7979056962125,271.0450770644393
16178.0,1.0,263.0,401.0,197.9,0.8792251750702107,0.28042264346758095,312.8286258968761,86.00097529615961
16179.0,0.0,0.0,60.0,0.0,1.0,,409.57932521320134,
16180.0,10.0,434.0,534.0,1423.2350000000001,0.9671819019244597,1.5507173043560962,1315.6091497559257,2000.0362296700578
16181.0,0.0,0.0,73.0,0.0,1.0,,409.57932521320134,
16182.0,8.0,568.0,640.0,1184.58125,0.9847906013521529,1.0892240270305433,1084.3827153543791,1157.9166447277426
16183.0,3.0,340.0,407.0,207.90333333333334,0.969867437816707,0.6763237528240589,265.10828721944364,175.77586241533737
16184.0,5.0,147.0,211.0,202.114,0.9566296516084399,1.769857750535972,241.94098639687195,419.79174619392825
16185.0,2.0,548.0,564.0,264.705,0.9701358900819907,0.36828763902358935,318.6887428275288,115.06241654618286
16186.0,22.0,708.0,730.0,392.5804545454546,0.9959829186196942,2.5578441498219036,393.4512838766922,986.6010810401989
16187.0,10.0,253.0,284.0,623.554,0.9871311090072898,2.720749490024021,600.8350364727921,1602.604850935481
16188.0,4.0,364.0,408.0,245.465,0.9802095027440818,0.8691310504081706,283.0427108512531,241.16711897728044
16189.0,1.0,70.0,85.0,71.0,0.9161908099951825,0.9112146693612387,254.8273840142513,227.65091736462307
16190.0,7.0,685.0,725.0,360.94714285714286,0.9897153207244965,0.8637752396251567,368.00261642305145,311.62236683197784
16191.0,16.0,726.0,728.0,958.71375,0.9969326942580381,1.8867618342375827,920.7621270334112,1703.1039456812268
16192.0,0.0,0.0,735.0,0.0,1.0,0.07303819141664716,409.57932521320134,29.327248727905335
16193.0,1.0,174.0,410.0,314.45,0.8060506517405334,0.2522084080310609,366.0992700373009,90.51947517206027
16194.0,0.0,0.0,375.0,0.0,1.0,0.13262773575291603,409.57932521320134,53.2554400292951
16195.0,0.0,0.0,723.0,0.0,1.0,0.07414842742858192,409.57932521320134,29.77305645342519
16196.0,0.0,0.0,488.0,0.0,1.0,0.10558266432211912,409.57932521320134,42.395385730765994
16197.0,8.0,254.0,723.0,237.42624999999998,0.058997032635214344,0.058370032711826024,259.683595845748,14.859745161402333
16198.0,1.0,362.0,437.0,400.68100000000004,0.9089357939649109,0.269090687726962,405.51223369987474,106.97582691475279
16199.0,6.0,239.0,631.0,146.125,0.3212256679889633,0.2766596901914746,189.66399130788352,51.44089528950778
16200.0,8.0,733.0,737.0,574.9549999999999,0.9937171192405657,0.9659689325679923,553.5738914508484,524.2224050385846
16201.0,4.0,412.0,415.0,465.86749999999995,0.9870117712346206,0.8623703306587873,452.9790409716045,382.9593223458481
16202.0,6.0,377.0,737.0,365.84,0.6935691392224473,0.5182845752133768,373.0684487974496,189.5543616862158
16203.0,5.0,446.0,504.0,166.482,0.981904098772925,0.8791380734971198,213.1492387515003,183.70461012835
16204.0,2.0,708.0,731.0,365.485,0.9698628361554513,0.29086940640076114,381.9156319215627,108.90392244922836
16205.0,6.0,512.0,542.0,268.4166666666667,0.9886006766347226,0.976520955433265,291.74549134427093,279.2957367646821
16206.0,11.0,630.0,684.0,205.65,0.9896864504699469,1.3876207479615705,225.52583875557485,306.79206272024743
16207.0,0.0,0.0,25.0,0.0,1.0,,409.57932521320134,
16208.0,9.0,609.0,653.0,346.32222222222225,0.9902185917717418,1.1997143405774122,353.69785695026496,415.9945261609371
16209.0,8.0,458.0,546.0,423.69,0.9771086015464979,1.247320072185263,421.86565751609317,515.8583068631408
16210.0,30.0,736.0,737.0,1261.8406666666667,0.9983872137912914,3.4393717893996407,1229.3797351888318,4145.1630951735215
16211.0,2.0,350.0,438.0,423.51,0.9541733368635138,0.45310609456563017,418.3190873659099,185.8185360722518
16212.0,3.0,651.0,670.0,344.2366666666667,0.9808973873471488,0.43894150164727214,362.770968811946,156.10514241519647
16213.0,0.0,0.0,78.0,0.0,1.0,,409.57932521320134,
16214.0,3.0,265.0,435.0,354.25,0.9245109487389768,0.6085198814512488,369.9440420516496,220.69454972796666
16215.0,0.0,0.0,80.0,0.0,1.0,,409.57932521320134,
16216.0,0.0,0.0,267.0,0.0,1.0,0.17564907227593266,409.57932521320134,70.53113976483758
16217.0,1.0,47.0,282.0,121.25000000000001,0.6614016790472863,0.2834025450211243,277.79477884956964,77.18185999834232
16218.0,11.0,532.0,561.0,393.3427272727273,0.992490832437168,1.6655173375205636,394.92521670756736,644.8252720081284
16219.0,0.0,0.0,500.0,0.0,1.0,0.10334509272028221,409.57932521320134,41.49688741423654
16221.0,8.0,450.0,486.0,242.58375,0.9892165935067362,1.400589759723425,264.1742924148056,362.7275352009725
16222.0,1.0,403.0,721.0,846.72,0.8467278850652525,0.1600587586906498,609.3799715098359,95.61957096984675
16223.0,1.0,21.0,395.0,505.56,0.43760139413869964,0.14139217161623266,453.4485004249165,62.85463186806511
16224.0,4.0,330.0,387.0,323.82500000000005,0.9765274175042945,0.906193566873929,343.46040497101467,305.12577561491804
16225.0,12.0,626.0,670.0,223.8175,0.9913824250158463,1.5381298943181199,240.5497924406206,362.7229978679682
16226.0,4.0,210.0,413.0,85.83,0.8538354493101666,0.7491403192505853,159.95977822225709,117.47750961137962
16227.0,2.0,310.0,535.0,353.51,0.9084475920709024,0.3615589170426676,374.40281194834324,132.7083230282543
16228.0,1.0,15.0,400.0,437.37,0.40294689546658874,0.12879371303974452,422.2814028364517,53.31881064469409
16229.0,5.0,477.0,564.0,489.5,0.9772257323360611,0.7913407413152267,474.1576789432564,367.84496863290826
16230.0,1.0,31.0,220.0,266.1,0.6759180839536895,0.3527720733695104,344.00029411117873,118.97160051396557
16231.0,3.0,218.0,597.0,262.2233333333333,0.7125361924842888,0.35406131944470093,304.02053805639764,105.526153579932
16232.0,5.0,507.0,550.0,406.844,0.9851264761751787,0.8159311282840923,407.36909863971357,325.8518844094551
16233.0,8.0,666.0,737.0,208.92625,0.9866356633352652,0.9590852165995104,234.86830700073745,220.83018420650322
16234.0,2.0,85.0,561.0,120.91,0.42983443392455223,0.16395873904294664,228.4753024894002,36.72429702739046
16235.0,8.0,430.0,470.0,172.28125,0.9882314022150109,1.4411369180473481,202.96106981738964,286.745900521753
16236.0,0.0,0.0,78.0,0.0,1.0,,409.57932521320134,
16237.0,0.0,0.0,437.0,0.0,1.0,0.11628370431568634,409.57932521320134,46.69241094501818
16238.0,0.0,0.0,422.0,0.0,1.0,0.11985688299638046,409.57932521320134,48.12723408741054
16239.0,5.0,407.0,463.0,245.92,0.9814270780357429,0.9470906003457348,277.33757646628004,257.50161942645695
16240.0,1.0,53.0,77.0,1894.01,0.9051765158735869,0.9513943362656377,1088.0570448845724,1014.8832813366014
16241.0,14.0,401.0,410.0,281.8392857142857,0.9955335282175661,2.770645967158961,291.83016865876135,792.6674025834591
16242.0,12.0,626.0,634.0,578.91,0.9954294880871125,1.6240915467730777,563.6577253927252,897.4356741402015
16243.0,1.0,21.0,54.0,194.15,0.8824110611954236,1.108621144654552,311.11464120767323,338.1518573408591
16244.0,1.0,161.0,372.0,466.12,0.8129871513277589,0.27652245011169646,435.4219521203403,118.03892489610644
16245.0,2.0,233.0,256.0,479.84000000000003,0.9661128862788214,0.7196232063971341,453.65914156978897,320.05240211665443
16246.0,1.0,210.0,669.0,660.35,0.7184445495049845,0.14543422542731477,524.1972177693726,74.7379191943507
16247.0,0.0,0.0,170.0,0.0,1.0,0.24795075263353908,409.57932521320134,99.56544721338742
16248.0,0.0,0.0,61.0,0.0,1.0,,409.57932521320134,
16249.0,4.0,187.0,239.0,246.31,0.9700261022395192,1.3401087376872116,283.6942288646681,372.71412555278425
16250.0,2.0,125.0,386.0,307.78999999999996,0.7740172541477176,0.41001308582010443,345.7192103470411,138.96444545563858
16251.0,0.0,0.0,512.0,0.0,1.0,0.10120044336855026,409.57932521320134,40.635703170367165
16252.0,0.0,0.0,382.0,0.0,1.0,0.13055576324640986,409.57932521320134,52.42342573422593
16253.0,6.0,665.0,731.0,1155.17,0.9855652635096043,0.7420440988274514,1031.9521865042025,750.6998108709249
16254.0,2.0,254.0,632.0,403.85,0.8119514963849077,0.2781332585031477,405.9848877272048,110.69848761312052
16255.0,14.0,668.0,684.0,329.2264285714286,0.9953727027005053,1.7550344562281885,335.51103900169477,577.2572620758891
16256.0,2.0,331.0,597.0,529.7650000000001,0.8983000664072028,0.3239985683724115,484.9808565729607,154.0447640517563
16257.0,0.0,0.0,176.0,0.0,1.0,0.2417903585440754,409.57932521320134,97.09157401143399
16258.0,12.0,594.0,639.0,932.2975,0.9908983622118475,1.6051961112790358,885.2142343477492,1393.0086357616337
16259.0,1.0,195.0,605.0,202.12,0.7299402069368003,0.16188237751561696,314.757430000459,49.95235233287873
16260.0,0.0,0.0,50.0,0.0,1.0,,409.57932521320134,
16261.0,5.0,425.0,442.0,181.552,0.9880032844867628,0.9930175081401378,225.32626044592527,219.3556098265857
16262.0,0.0,0.0,378.0,0.0,1.0,0.13173174207013302,409.57932521320134,52.895647714865916
16263.0,0.0,0.0,423.0,0.0,1.0,0.11961184824549,409.57932521320134,48.0288393852403
16264.0,1.0,8.0,446.0,280.05,0.3300535770279437,0.09599005411239682,350.37631715501334,32.97188841870057
16265.0,10.0,398.0,407.0,674.757,0.99414238444083,2.0239889024832074,646.6015095069598,1282.9946605269572
16266.0,11.0,600.0,673.0,145.98,0.9855211307981829,1.4024106570592443,171.67153641114862,236.02097588479347
16267.0,0.0,0.0,591.0,0.0,1.0,0.08903718706671052,409.57932521320134,35.75156632101591
16268.0,0.0,0.0,71.0,0.0,1.0,,409.57932521320134,
16269.0,0.0,0.0,437.0,0.0,1.0,0.11628370431568634,409.57932521320134,46.69241094501818
16270.0,0.0,0.0,353.0,0.0,1.0,0.1395907090342494,409.57932521320134,56.051474718227496
16271.0,9.0,640.0,642.0,309.3311111111111,0.9945310607170543,1.2237184747933125,321.0198254909189,385.1153176456278
16272.0,0.0,0.0,116.0,0.0,1.0,0.3217923400057461,409.57932521320134,129.2189619753525
16273.0,1.0,8.0,656.0,76.5,0.21766565702854287,0.04485669664141379,257.34122822508215,11.316612909100714
16274.0,0.0,0.0,373.0,0.0,1.0,0.1332318730676359,409.57932521320134,53.49803554378735
16275.0,2.0,445.0,641.0,727.635,0.9359955154432763,0.3165329695234842,609.1196196711595,189.01677521567285
16276.0,2.0,431.0,607.0,786.0150000000001,0.9393373728728696,0.33375271746678403,645.7457933694102,211.28348135989
16277.0,0.0,0.0,733.0,0.0,1.0,0.07322091541286385,409.57932521320134,29.400620285389717
16278.0,2.0,399.0,499.0,428.77,0.953856373008624,0.40389639283547407,421.6190817758585,166.94395789965466
16279.0,8.0,575.0,596.0,652.5325,0.992047936558512,1.1704222737293426,621.1215430429118,712.6840455775205
16280.0,0.0,0.0,725.0,0.0,1.0,0.0739610493360486,409.57932521320134,29.697816031936803
16281.0,2.0,610.0,682.0,1321.25,0.9637201525686843,0.3080038529099135,981.5390458425717,296.3754105599454
16282.0,2.0,379.0,718.0,518.79,0.884641781197623,0.2697197582776547,478.09541196284925,126.41700042395368
16283.0,7.0,644.0,649.0,504.3857142857143,0.992695869087091,0.9587443694256992,490.6313660419319,461.143018896009
16284.0,2.0,362.0,393.0,411.985,0.9665044618148523,0.5041380805407796,411.08858630608916,203.173584028498
16285.0,0.0,0.0,646.0,0.0,1.0,0.08216274226007617,409.57932521320134,32.9911592662221
16286.0,1.0,146.0,623.0,56.0,0.6458209283883471,0.13947786832261377,247.97144525743985,33.90682634501688
16287.0,4.0,520.0,689.0,195.09000000000003,0.9598382206632923,0.5334504135853878,244.20221389766732,127.70892829334353
16288.0,0.0,0.0,470.0,0.0,1.0,0.10912691310087713,409.57932521320134,43.81858345176205
16289.0,0.0,0.0,462.0,0.0,1.0,0.11077972048063471,409.57932521320134,44.482271386267286
16290.0,3.0,101.0,565.0,370.6233333333334,0.2914335109825502,0.15218060526105365,381.6731152052528,56.94163239280593
16291.0,0.0,0.0,682.0,0.0,1.0,0.07821044859618616,409.57932521320134,31.404136089687622
16292.0,4.0,483.0,604.0,235.375,0.9685396979603317,0.6067817577903766,275.2630460520138,163.74149379165385
16293.0,9.0,707.0,728.0,481.3677777777778,0.9931084665914681,1.0892465721200377,472.9974070403881,505.0818753717143
16294.0,0.0,0.0,476.0,0.0,1.0,0.10791933450769217,409.57932521320134,43.3336783710698
16295.0,3.0,55.0,64.0,324.21666666666664,0.9773231623159221,2.5124988392846066,348.42959801379027,858.264296546791
16296.0,3.0,95.0,721.0,312.5566666666667,0.1373978367779482,0.05749018004814784,340.07693150497425,19.166750448744743
16297.0,0.0,0.0,268.0,0.0,1.0,0.17512291123120982,409.57932521320134,70.31985172886463
16298.0,6.0,420.0,442.0,150.35,0.9890641333011919,1.1701238532379177,193.19075931595498,221.61442938007423
16299.0,0.0,0.0,477.0,0.0,1.0,0.10772066653551148,409.57932521320134,43.25390296654713
16300.0,2.0,245.0,675.0,486.08500000000004,0.7732346261262243,0.24946480015678668,457.57710071239904,111.90566082605025
16301.0,0.0,0.0,736.0,0.0,1.0,0.07294717108955824,409.57932521320134,29.290700147951892
16302.0,0.0,0.0,126.0,0.0,1.0,0.304963025232173,409.57932521320134,122.46053272949237
16303.0,6.0,606.0,631.0,1218.3183333333334,0.9896181556256769,0.8523212172218602,1084.6644993475234,906.3093749174335
16304.0,0.0,0.0,694.0,0.0,1.0,0.07697620864281275,409.57932521320134,30.90853418453638
16305.0,0.0,0.0,138.0,0.0,1.0,0.2869603300305637,409.57932521320134,115.23093060183395
16306.0,6.0,221.0,434.0,116.72833333333334,0.743989753223826,0.89433083936353,165.12547685961368,144.77456376442981
16307.0,2.0,148.0,577.0,379.53499999999997,0.6450331863624092,0.23990638449490442,390.7302557732314,91.89636268618509
16308.0,6.0,687.0,724.0,693.3333333333334,0.9888037889951139,0.7510967129849974,646.4395756274322,475.993320690861
16309.0,1.0,134.0,240.0,372.37,0.8647422930252585,0.42166106454897384,392.57233489026885,162.28278348049895
16310.0,1.0,228.0,642.0,269.7,0.7511564787352023,0.1578655267849508,345.6457194128135,53.493182951753504
16311.0,1.0,32.0,49.0,214.71,0.9084219913351171,1.1919488271117493,320.51184793034275,374.55100066653245
16312.0,0.0,0.0,432.0,0.0,1.0,0.11745083742951146,409.57932521320134,47.16107726274208
16313.0,1.0,46.0,49.0,106.53,0.9258330634019376,1.2147940544694709,271.06681761621866,322.8406980869158
16314.0,2.0,83.0,472.0,545.1,0.522458809298659,0.2323669514885266,494.6016577662233,112.67065214845925
16315.0,1.0,206.0,536.0,226.37,0.7762438199619821,0.19192715020107395,325.8411976573042,61.30892625425581
16316.0,11.0,429.0,493.0,431.9236363636364,0.9822142562845222,1.84959520358426,429.7458626419505,779.2326647528073
16317.0,4.0,465.0,584.0,454.5025,0.9680974281513812,0.6252246200994427,444.2163164479816,272.2758308284489
16318.0,0.0,0.0,35.0,0.0,1.0,,409.57932521320134,
16319.0,0.0,0.0,217.0,0.0,1.0,0.2067098370520484,409.57932521320134,83.00415496638982
16320.0,5.0,509.0,681.0,961.168,0.95756893978134,0.6536316304961884,855.2798732741148,548.0482533908298
16321.0,4.0,666.0,738.0,102.11250000000001,0.9805682160493318,0.5116757092732362,172.5140291730613,86.53593282382433
16322.0,1.0,35.0,36.0,113.67,0.9277576333413675,1.376206474870586,274.3302444644609,370.1431616712336
16323.0,1.0,381.0,577.0,207.50000000000003,0.8770411591276761,0.20299318679915607,317.2164267012354,63.12739415757413
16324.0,1.0,49.0,177.0,262.12,0.7860700952497408,0.48338680741861384,342.18118502770477,162.1600664919153
16325.0,11.0,689.0,735.0,312.13363636363636,0.9913955415275801,1.301267710531054,321.6311169097765,410.2999002099475
16326.0,22.0,675.0,680.0,206.72363636363636,0.9975231766090442,2.7340330590186275,217.11566106406508,581.9313689485206
16327.0,15.0,711.0,725.0,668.8486666666666,0.9958431693924286,1.778230077206935,649.8232061696914,1132.8171852738878
16328.0,0.0,0.0,563.0,0.0,1.0,0.09299867105412869,409.57932521320134,37.342290270469405
16329.0,3.0,311.0,738.0,473.53666666666663,0.7768787182057204,0.3181732799184477,455.39530668415046,142.0462526043272
16330.0,4.0,645.0,662.0,145.725,0.9859287445545807,0.5683290837484886,206.14045445124017,114.85262548544125
16331.0,3.0,210.0,642.0,520.1999999999999,0.6365791651146343,0.2961586884572884,488.82268760379446,141.92343413666003
16332.0,10.0,561.0,589.0,190.26600000000002,0.9924015582577032,1.4570849608753165,213.5517997868858,305.0464137332218
16333.0,12.0,302.0,309.0,2136.44,0.994977009769102,3.039023207704167,1980.8949208020663,5901.702470858378
16334.0,0.0,0.0,492.0,0.0,1.0,0.10482611211677106,409.57932521320134,42.091591577207325
16335.0,6.0,184.0,735.0,413.92,0.04644639469255862,0.03479496516435027,413.2026513603076,14.094721374956046
16336.0,2.0,211.0,631.0,864.895,0.7462019560615829,0.2559784508143153,695.2331620113767,174.46679834556522
16337.0,0.0,0.0,36.0,0.0,1.0,,409.57932521320134,
16338.0,0.0,0.0,157.0,0.0,1.0,0.2624410615628798,409.57932521320134,105.38444609590323
16339.0,0.0,0.0,284.0,0.0,1.0,0.167113948199116,409.57932521320134,67.10373623208977
16340.0,2.0,444.0,551.0,576.265,0.9543793710687336,0.3699614832735222,514.153810957487,186.47875141726848
16341.0,5.0,585.0,609.0,617.702,0.987861381504139,0.746457256057551,577.7488226239909,422.78745034048586
16342.0,3.0,104.0,179.0,61.82,0.9353316894665189,1.2645600263735781,160.46117179667067,198.92907422094228
16343.0,1.0,391.0,407.0,370.48,0.9250061852370306,0.29127023540146985,391.7084866069106,111.85174383330292
16344.0,3.0,510.0,668.0,211.10666666666665,0.9586664149204936,0.4301653151459443,267.4030020607736,112.76640225388451
16345.0,1.0,439.0,483.0,575.41,0.9191384077430255,0.24925253387193336,485.3743219024684,118.6037803638293
16346.0,0.0,0.0,385.0,0.0,1.0,0.12968747761535562,409.57932521320134,52.07476015411073
16347.0,9.0,626.0,637.0,365.2966666666667,0.9938032233968398,1.2315474759129035,370.4599242106054,447.27008571726583
16348.0,6.0,398.0,430.0,244.90833333333333,0.9873100193580163,1.1964335800416637,272.1221924275657,319.1777364369604
16349.0,0.0,0.0,290.0,0.0,1.0,0.16429649185770662,409.57932521320134,65.97234859060927
16350.0,7.0,407.0,428.0,277.41285714285715,0.9903458865560728,1.3862815432426099,296.58734153968254,403.07325632051186
16351.0,12.0,403.0,735.0,259.45250000000004,0.21586236913641046,0.30765685257013087,272.9750089426539,82.3315231782922
16352.0,1.0,20.0,37.0,289.52,0.9053124650051744,1.329557003879237,354.70469982348027,462.3662057502111
16353.0,31.0,729.0,732.0,305.985806451613,0.9983076495936956,3.573625901313549,309.8088941139935,1085.374068157972
16354.0,4.0,528.0,591.0,229.67000000000002,0.9799238483124287,0.6260987826416814,270.8643356774191,166.25439330272135
16355.0,0.0,0.0,375.0,0.0,1.0,0.13262773575291603,409.57932521320134,53.2554400292951
16356.0,4.0,354.0,551.0,79.3925,0.9279729811163163,0.6314709450324618,154.9962903981636,95.95189035049668
16357.0,3.0,348.0,381.0,219.62666666666667,0.9770649362337899,0.7211529879441388,273.50632270014853,193.36442693012725
16358.0,4.0,393.0,394.0,506.87500000000006,0.9872549078600426,0.9021426515145642,484.59694030310175,428.58502664058756
16359.0,15.0,654.0,661.0,167.95466666666667,0.9963433053434458,1.9362345077249867,185.68534153358806,352.46229068794366
16360.0,5.0,84.0,88.0,660.304,0.9884792064946267,3.313306985792762,612.1725438068637,1988.5230733110857
16361.0,3.0,62.0,71.0,187.24,0.9776493429291504,2.3824575868915736,250.30606318052136,584.6495047233306
16362.0,3.0,405.0,437.0,244.92333333333332,0.9779595253041306,0.6411305200027821,291.6276452088405,183.29723236473717
16363.0,0.0,0.0,53.0,0.0,1.0,,409.57932521320134,
16364.0,1.0,126.0,137.0,359.49,0.9224221015477873,0.6800387661654655,386.68536881108673,257.802860832824
16365.0,13.0,711.0,728.0,239.10999999999999,0.9951091180753405,1.5439378721192896,253.38258732015808,383.5158097242216
16366.0,3.0,705.0,723.0,434.82666666666665,0.9811085707940289,0.4094736267449459,427.66531349750676,171.6752127907555
16367.0,2.0,346.0,383.0,402.245,0.9650811287603702,0.5146534971731287,404.9779502694163,204.3284497871245
16368.0,2.0,433.0,435.0,248.715,0.971770330282966,0.4642356335231466,308.65701077143035,140.4740557074168
16369.0,6.0,593.0,611.0,407.0933333333333,0.9902563117248493,0.8781459153696413,407.50417334805485,350.8137957138483
16370.0,3.0,143.0,225.0,348.34,0.9429355203964702,1.071772307095855,365.7104006222239,384.2610347159835
16371.0,0.0,0.0,448.0,0.0,1.0,0.11379596812820288,409.57932521320134,45.693452928454846
16372.0,3.0,574.0,607.0,405.05333333333334,0.9791623696897354,0.47929845524166675,406.33712102845465,190.92866310303492
16373.0,1.0,29.0,411.0,114.75,0.46124774540449653,0.14401816532979478,274.8238720549513,38.80210702423675
16374.0,4.0,522.0,588.0,322.915,0.9794031689916668,0.628645506231131,342.75877018733695,211.23839833738828
16375.0,0.0,0.0,470.0,0.0,1.0,0.10912691310087713,409.57932521320134,43.81858345176205
16376.0,1.0,9.0,17.0,112.76,0.9162748163083732,1.6801312999662323,273.9143175132143,451.2073629102785
16377.0,1.0,350.0,617.0,676.2,0.8512713958733535,0.18546717850398414,531.4416597224034,96.62797939386458
16378.0,2.0,63.0,310.0,109.375,0.6580146177942868,0.41937341917206866,221.23852767594832,90.95908150116256
16379.0,3.0,74.0,78.0,559.5066666666667,0.9807089656989315,2.271646403080166,516.9801042624446,1151.3638351535374
16380.0,0.0,0.0,61.0,0.0,1.0,,409.57932521320134,
16381.0,1.0,23.0,418.0,43.5,0.427377327007377,0.1315068569944195,242.258162960097,31.23275132166019
16382.0,1.0,142.0,550.0,157.33,0.6802039552252067,0.16435043964534377,294.2855968726201,47.41557011393965
16383.0,6.0,599.0,673.0,419.075,0.9836280326666781,0.7988763289357339,417.50572569914976,326.97865684098105
16384.0,3.0,501.0,590.0,346.40000000000003,0.970649069816639,0.48748015423751206,364.3206773780471,174.10832320472224
16385.0,4.0,571.0,631.0,230.0875,0.9808974945284173,0.590649691184617,271.18623954795254,157.0274964824183
16386.0,2.0,359.0,387.0,158.60000000000002,0.9670305400585966,0.5111208043047771,252.12107992494435,126.3325214531437
16387.0,4.0,316.0,638.0,194.59,0.8164741282890929,0.48673929822014683,243.81670028026195,116.34236211532725
16388.0,0.0,0.0,653.0,0.0,1.0,0.08136324942066181,409.57932521320134,32.67012672029445
16389.0,3.0,230.0,283.0,420.8066666666667,0.9684834946772021,0.9167375573810883,417.6220558256714,375.32956438539634
16390.0,2.0,143.0,679.0,136.85000000000002,0.5350903357150808,0.1717044848177758,238.47566577734327,40.14247756205474
16391.0,3.0,161.0,561.0,312.71,0.5697803030551138,0.2994315582786068,340.186772173758,99.86057757546136
16392.0,2.0,292.0,561.0,285.38,0.885968171012333,0.33794924902844187,331.65972845978865,109.8813248868885
16393.0,22.0,736.0,738.0,236.10227272727272,0.9977504907866677,2.5368142510661293,244.98926931393612,609.2734103098909
16394.0,4.0,233.0,289.0,310.7325,0.9721020686976549,1.1526347459659028,333.3657308992564,376.7005567115223
16395.0,11.0,673.0,733.0,299.5354545454545,0.9892826586989,1.301753770926268,310.2608086706879,395.94282348524064
16396.0,0.0,0.0,476.0,0.0,1.0,0.10791933450769217,409.57932521320134,43.3336783710698
16397.0,0.0,0.0,628.0,0.0,1.0,0.08429262746511776,409.57932521320134,33.846405303443795
16398.0,1.0,99.0,253.0,535.85,0.8115887935769578,0.3795312363490989,467.2929260878377,173.87028824008198
16399.0,2.0,370.0,389.0,204.285,0.9687889662276703,0.5097902615877923,280.78272338853765,140.3279953422624
16400.0,8.0,637.0,731.0,324.3825,0.9822793013547779,0.9620584127023135,335.3974365695708,316.3282936002922
16401.0,20.0,554.0,555.0,337.8525,0.9975782457686998,2.9963664782535617,341.8738152370923,1004.2426054001701
16402.0,1.0,105.0,369.0,87.8,0.7316325577854385,0.2505733048024879,262.5060354218801,64.48499960060259
16403.0,0.0,0.0,312.0,0.0,1.0,0.15473213681993572,409.57932521320134,62.13166413778126
16404.0,0.0,0.0,70.0,0.0,1.0,,409.57932521320134,
16405.0,1.0,8.0,310.0,160.4,0.45183158914724475,0.17912629115923592,295.68877900484745,51.92548548731051
16406.0,2.0,635.0,653.0,169.915,0.9701662884949741,0.32259990945463446,259.2198321585124,81.98061327983837
16407.0,11.0,420.0,432.0,229.3890909090909,0.994251430934071,2.102656993792148,246.9512146429555,509.0485001919824
16408.0,0.0,0.0,591.0,0.0,1.0,0.08903718706671052,409.57932521320134,35.75156632101591
16409.0,11.0,690.0,726.0,471.14363636363635,0.9925695035455414,1.3176548521197433,465.1433109065457,600.8488020683874
16410.0,0.0,0.0,734.0,0.0,1.0,0.07312943923967669,409.57932521320134,29.3638886593779
16411.0,3.0,409.0,428.0,188.5233333333333,0.9799687634191363,0.6541996209986259,251.22538182142875,161.12195416371813
16412.0,4.0,620.0,673.0,138.17000000000002,0.9822209238690567,0.5577411100074513,200.31534369224585,109.52786018591232
16413.0,1.0,319.0,375.0,262.2,0.9123924801759884,0.3082150791900723,342.21775003440774,103.40483937856314
16414.0,4.0,673.0,694.0,107.655,0.9856412600215536,0.5441776261931468,176.78744762199923,94.31259131642267
16415.0,2.0,632.0,676.0,265.395,0.9672778477896874,0.31164644230060834,319.1216318280734,97.49826963198957
16416.0,7.0,628.0,654.0,333.63428571428574,0.9908326002436539,0.9502794181338325,344.65226172703046,321.0775349125234
16417.0,0.0,0.0,492.0,0.0,1.0,0.10482611211677106,409.57932521320134,42.091591577207325
16418.0,4.0,378.0,422.0,249.3475,0.9804772036293653,0.8443197387293823,286.0362240904054,236.76014139534877
16419.0,6.0,556.0,668.0,210.50666666666666,0.9757200449017784,0.7978674671752477,243.40581433896506,190.38781930515424
16420.0,0.0,0.0,396.0,0.0,1.0,0.12660029999842912,409.57932521320134,50.8350857837715
16421.0,2.0,93.0,469.0,107.83500000000001,0.5700288154234184,0.25495043599471684,220.27236961676186,55.0549928311967
16422.0,91.0,679.0,696.0,694.5645054945055,0.995952104238021,10.813518438218754,690.8923375902802,7324.095449390657
16423.0,0.0,0.0,24.0,0.0,1.0,,409.57932521320134,
16424.0,1.0,191.0,382.0,133.56,0.837604836301428,0.2785153185429805,283.42121925599287,77.38659179307045
16425.0,0.0,0.0,302.0,0.0,1.0,0.15893760810559904,409.57932521320134,63.82042067958021
16426.0,6.0,274.0,276.0,263.31333333333333,0.9915258106614097,1.7461755236127328,287.485545134916,492.13846629671195
16427.0,1.0,21.0,284.0,131.26,0.5519919528240117,0.2351640774025638,282.36997531328177,65.09937736535068
16428.0,1.0,84.0,497.0,238.97,0.5869026575644026,0.15518911926422796,331.6001862130258,50.449625678362366
16429.0,0.0,0.0,106.0,0.0,1.0,0.3405950459555679,409.57932521320134,136.76992084274931
16430.0,6.0,624.0,681.0,168.83166666666668,0.9862199609453614,0.7923789576799009,208.61810860254442,162.05494784546886
16431.0,1.0,84.0,297.0,298.88,0.7469874290413212,0.30679076537953537,358.98280560773065,107.96991965872877
16432.0,0.0,0.0,64.0,0.0,1.0,,409.57932521320134,
16433.0,1.0,380.0,408.0,184.26,0.9218875395498304,0.2896739159015125,306.5942922540155,87.06770651172816
16434.0,11.0,662.0,691.0,204.82363636363635,0.9931862125277654,1.3796129469668623,224.78001611238454,304.0128492114079
16435.0,1.0,2.0,514.0,599.4,0.2565443534444507,0.06584256798555552,496.3392532875289,32.038119861789994
16436.0,2.0,65.0,733.0,81.195,0.21123184131666625,0.06319116211216942,203.55908994356218,12.610284093943735
16437.0,1.0,48.0,429.0,183.89999999999998,0.5242150921938701,0.15770948330976037,306.42974972385207,47.3774764394155
16438.0,4.0,77.0,82.0,148.4875,0.9851573376496658,2.8288277455814512,208.27041718740458,577.604513712788
16439.0,0.0,0.0,722.0,0.0,1.0,0.07424247307630237,409.57932521320134,29.81081985843946
16440.0,5.0,486.0,493.0,728.134,0.989369017658379,0.9033193880358357,666.981261891326,590.6555421243398
16441.0,4.0,560.0,627.0,202.17249999999999,0.979846446554236,0.5934322967637372,249.66301428821362,145.245772181722
16442.0,4.0,725.0,726.0,186.1025,0.9873090115559436,0.5230187329798134,237.27260662480666,121.65842439002583
16443.0,0.0,0.0,520.0,0.0,1.0,0.09981947982975714,409.57932521320134,40.08117763483126
16444.0,15.0,579.0,625.0,220.11933333333334,0.9907579159056887,2.026021066077397,234.02210938491146,464.8129282522904
16445.0,2.0,378.0,411.0,217.32999999999998,0.966353448040098,0.4849646041416431,288.9668350002828,137.38521469554652
16446.0,1.0,205.0,205.0,168469.6,0.9288876117289906,0.5118058720882341,77223.52660620002,38747.71074307894
16447.0,2.0,525.0,660.0,284.155,0.9525970439977446,0.3136964152039373,330.8911936399812,101.75913283280427
16448.0,1.0,273.0,471.0,188.89000000000001,0.8584703623827173,0.23801637426576644,308.7104920169513,72.034507645128
16449.0,1.0,83.0,280.0,291.0,0.7597636514206689,0.3274399619859034,355.3811524474857,114.0810650243256
16450.0,2.0,507.0,656.0,548.72,0.9494367703583837,0.3143920013813608,496.8727565806746,153.1423624884265
16451.0,2.0,648.0,735.0,352.75,0.9624183641536025,0.28719232078544704,373.9260066723811,105.27772887729179
16452.0,1.0,63.0,693.0,138.49,0.4008120047883339,0.0785661440374598,285.6745377940649,22.00322819429124
16453.0,1.0,18.0,548.0,102.25,0.3124209331241387,0.07573337338232695,269.11058975760847,19.980171786417298
16454.0,3.0,567.0,611.0,9.799999999999999,0.9778548574808724,0.47582229779334806,123.19653099147286,57.46743765528563
16455.0,9.0,556.0,619.0,386.5788888888889,0.9865255459586736,1.2547576064616293,389.26068759437067,478.82629110335574
16456.0,11.0,521.0,620.0,555.7845454545454,0.9736999181919677,1.4929890414746112,541.5347489640103,792.6116567406553
16457.0,0.0,0.0,218.0,0.0,1.0,0.2059811517506796,409.57932521320134,82.71153618309867
16458.0,29.0,560.0,562.0,193.08068965517242,0.9982334847324623,4.257101723573641,201.5998460261078,841.3601729157391
16459.0,0.0,0.0,729.0,0.0,1.0,0.07358912084200846,409.57932521320134,29.54847065565965
16460.0,2.0,53.0,81.0,277.94,0.9512219272412422,1.5648871679681846,326.9920557582644,501.671679003195
16461.0,2.0,469.0,646.0,419.28499999999997,0.9419435278739371,0.31630207478633154,415.6684264567782,128.89255714427154
16462.0,2.0,210.0,283.0,51.0,0.9487608150136945,0.651715716834627,184.61549085451324,117.95371025704151
16463.0,3.0,183.0,204.0,367.6766666666667,0.9766632875854829,1.1971577757314646,379.56226409210433,445.4735379078901
16464.0,2.0,123.0,142.0,464.84000000000003,0.9640806996478853,1.1156909002461999,444.24851112316753,485.91759630472677
16465.0,1.0,24.0,444.0,289.6,0.41088465084516296,0.11996822710305687,354.74126483018335,41.72158821902391
16466.0,14.0,609.0,642.0,239.9057142857143,0.9932083107069486,1.8554374191250187,253.1763316441614,460.5180507003622
16467.0,6.0,229.0,737.0,456.34,0.12785559080316208,0.0955428620171333,448.6122368993349,42.01906062763331
16468.0,2.0,407.0,481.0,342.96,0.9593350992266745,0.41962728235317887,367.78400186755283,151.29942958596348
16469.0,3.0,491.0,514.0,216.81000000000003,0.9798826400942637,0.5568176968464432,271.4885973714037,148.19865571785837
16470.0,9.0,677.0,728.0,250.9911111111111,0.9899129486297227,1.0857417112684071,269.48213716325984,286.8357823602398
16471.0,3.0,378.0,652.0,288.8666666666667,0.9060587404020243,0.4156434445130117,323.1065481778859,131.65728237430142
16472.0,1.0,163.0,597.0,232.56,0.6887918426598825,0.15460362347704368,328.67041505094835,49.815071650733216
16473.0,3.0,210.0,374.0,105.37,0.9097555156801662,0.6822051395493424,191.65830957187956,128.18127565908924
16474.0,5.0,138.0,145.0,303.18600000000004,0.9879952681603051,2.4062099808285757,323.61025890509495,763.3885501631075
16475.0,3.0,185.0,273.0,78.10000000000001,0.9488756410003625,0.9248384472915527,172.12338541275335,156.05957083284594
16476.0,0.0,0.0,431.0,0.0,1.0,0.11768708317852562,409.57932521320134,47.25594259279252
16477.0,10.0,421.0,484.0,380.499,0.9826059472385303,1.7192613637961873,383.5866310410863,646.5234477027976
16478.0,2.0,40.0,65.0,64.05,0.9510530246293214,1.7593390397122173,192.80273934307388,332.5558388591298
16479.0,0.0,0.0,10.0,0.0,1.0,,409.57932521320134,
16480.0,0.0,0.0,75.0,0.0,1.0,,409.57932521320134,
16481.0,0.0,0.0,682.0,0.0,1.0,0.07821044859618616,409.57932521320134,31.404136089687622
16482.0,0.0,0.0,15.0,0.0,1.0,,409.57932521320134,
16483.0,0.0,0.0,192.0,0.0,1.0,0.22676900533186456,409.57932521320134,91.05936737502977
16484.0,1.0,17.0,190.0,118.60000000000001,0.6571652020995105,0.3834523401103003,276.5835630025329,103.9752223587614
16485.0,4.0,656.0,733.0,418.86,0.9798863706137158,0.5145276274344612,416.73497823124353,210.20640624976014
16486.0,0.0,0.0,537.0,0.0,1.0,0.09700660576315864,409.57932521320134,38.95167019069634
16487.0,1.0,82.0,659.0,107.2,0.47704028746266386,0.0979012812792698,271.37304954735623,26.045629757169912
16488.0,2.0,115.0,148.0,139.87,0.9567101739311743,1.0757983899730192,240.3703393739297,253.51522055272534
16489.0,1.0,56.0,436.0,193.04999999999998,0.5472945112645939,0.16235037202097036,310.611872365507,49.43725891900412
16490.0,0.0,0.0,436.0,0.0,1.0,0.11651527025927619,409.57932521320134,46.78539702245427
16491.0,1.0,367.0,413.0,731.5,0.9169405184707657,0.28510282507167756,556.7172206058483,155.60362566196486
16492.0,0.0,0.0,540.0,0.0,1.0,0.09652659955141336,409.57932521320134,38.758924246417195
16493.0,6.0,544.0,623.0,277.7633333333333,0.981771690297206,0.8554116183422764,299.54750909151534,251.19944231686628
16494.0,0.0,0.0,296.0,0.0,1.0,0.16157257407842168,409.57932521320134,64.87852407446263
16495.0,1.0,273.0,276.0,437.9,0.9279085104762722,0.4046056420475182,422.52364600585906,167.59868538456965
16496.0,4.0,501.0,509.0,469.4425,0.9865381924373404,0.7205345510164952,455.73546333605253,321.91927797852577
16497.0,16.0,687.0,736.0,400.026875,0.991595514076264,1.8578880229320667,400.6870612358917,729.7959196250517
16498.0,1.0,1.0,162.0,9.75,0.61542566114921,0.4035488869011828,226.83230075727127,89.74188399362424
16499.0,7.0,186.0,546.0,336.34714285714284,0.13008541457934855,0.14685628803457149,346.97154221072435,49.953374815721475
16500.0,7.0,539.0,543.0,99.48,0.9927193162390029,1.1262432850631414,144.46867798753553,159.50870007203935
16501.0,0.0,0.0,383.0,0.0,1.0,0.1302650446336998,409.57932521320134,52.30668582096297
16502.0,0.0,0.0,620.0,0.0,1.0,0.08527511584589519,409.57932521320134,34.24091956607151
16503.0,9.0,430.0,536.0,371.29555555555555,0.9659949039146178,1.3986708883163876,375.7593562618191,515.2330562133424
16504.0,0.0,0.0,25.0,0.0,1.0,,409.57932521320134,
16505.0,0.0,0.0,31.0,0.0,1.0,,409.57932521320134,
16506.0,1.0,21.0,40.0,35.1,0.9027670096200234,1.2874155200084685,238.4188372562826,300.9336229486081
16507.0,0.0,0.0,572.0,0.0,1.0,0.0916874178798051,409.57932521320134,36.81575943465102
16508.0,0.0,0.0,630.0,0.0,1.0,0.08405053398404334,409.57932521320134,33.74919367481478
16509.0,0.0,0.0,296.0,0.0,1.0,0.16157257407842168,409.57932521320134,64.87852407446263
16510.0,5.0,319.0,691.0,282.82,0.6798896646053497,0.4579417829577108,307.1539069589331,137.893478276895
16511.0,5.0,627.0,648.0,303.774,0.9882876580896066,0.7058697258480816,324.0853809194494,224.26512278599375
16513.0,3.0,39.0,43.0,255.38,0.9800129753244275,3.0168886788040803,299.11830125176664,884.7209565423811
16515.0,9.0,488.0,540.0,279.0788888888889,0.9873624642098562,1.4201378232372845,294.29494376126564,409.7242160496836
16516.0,0.0,0.0,30.0,0.0,1.0,,409.57932521320134,
16517.0,0.0,0.0,277.0,0.0,1.0,0.17052576982316237,409.57932521320134,68.47380130696493
16518.0,3.0,495.0,556.0,268.12333333333333,0.974793196185008,0.5164051615707379,308.247015963946,156.05173157917952
16519.0,3.0,623.0,648.0,126.21,0.980232945778834,0.45219584423826054,206.58708916396574,91.58154570365433
16520.0,5.0,461.0,647.0,440.15200000000004,0.9470930295525937,0.6773985786142117,434.2829830854938,288.399725718942
16521.0,1.0,233.0,648.0,1052.89,0.7538071050930499,0.15708886502080813,703.6125644092901,108.35747513224433
16522.0,1.0,15.0,450.0,304.56,0.36287134415155836,0.10471414718216014,361.57892108364325,37.118569218628984
16523.0,23.0,683.0,684.0,500.2782608695652,0.9979027463481108,2.840559635056668,495.8239716602167,1380.7283786674798
16524.0,1.0,245.0,691.0,206.84,0.7479681293213915,0.14700281802189738,316.91476539593566,45.67174276792879
16525.0,47.0,735.0,737.0,512.9823404255319,0.9988884860647755,5.349814341186681,510.4333427089242,2677.035573615607
16526.0,1.0,413.0,584.0,290.36,0.8871455605491559,0.20311604514047168,355.08863239386176,70.70687486420485
16527.0,1.0,343.0,424.0,228.06,0.9062410756046441,0.27543178426199566,326.6136334239049,88.19250121163671
16528.0,0.0,0.0,3.0,0.0,1.0,,409.57932521320134,
16529.0,3.0,340.0,530.0,539.1666666666666,0.932189630771648,0.5154490012638981,502.40950076421836,253.87678325330432
16530.0,0.0,0.0,668.0,0.0,1.0,0.07970139149885555,409.57932521320134,32.002816083278674
16531.0,10.0,419.0,441.0,190.852,0.992339755816798,1.884217399026737,214.07558068249782,395.43729587658413
16532.0,4.0,603.0,620.0,1973.76,0.9858327291737338,0.6031681798011815,1615.605225638303,955.3265450171264
16533.0,2.0,49.0,68.0,359.295,0.9580961701036743,1.7319420426421157,378.0321784239236,641.8942149618117
16534.0,0.0,0.0,642.0,0.0,1.0,0.08262669221538885,409.57932521320134,33.17745623558116
16535.0,2.0,675.0,680.0,490.79499999999996,0.9715711877089559,0.31134741734410354,460.5320386726381,140.5670635236229
16536.0,0.0,0.0,110.0,0.0,1.0,0.33281539037947283,409.57932521320134,133.64569191710484
16537.0,0.0,0.0,641.0,0.0,1.0,0.08274349986162516,409.57932521320134,33.22435981668961
16538.0,1.0,54.0,595.0,169.51,0.42650018740983187,0.09602086434467694,299.85261914315095,28.226300462128712
16539.0,9.0,530.0,532.0,394.49,0.9945032638972869,1.449616274295983,396.24938109402655,563.1188627271199
16540.0,0.0,0.0,414.0,0.0,1.0,0.12185393310166391,409.57932521320134,48.92915818078036
16541.0,0.0,0.0,735.0,0.0,1.0,0.07303819141664716,409.57932521320134,29.327248727905335
16542.0,1.0,348.0,401.0,119.62,0.9144265447017732,0.29164987103755347,277.0497668379961,79.21426339849872
16543.0,0.0,0.0,591.0,0.0,1.0,0.08903718706671052,409.57932521320134,35.75156632101591
16544.0,1.0,143.0,662.0,110.3,0.6189906731897956,0.12650882752995055,272.7899435570973,33.83209778554205
16545.0,1.0,211.0,375.0,339.3,0.8572322360495219,0.28958141069654936,377.4572752444185,107.15758817720537
16546.0,3.0,152.0,442.0,1087.256666666667,0.7118931595403382,0.4620912104607948,895.0349713317096,405.46035393115903
16547.0,0.0,0.0,546.0,0.0,1.0,0.09558070538790142,409.57932521320134,38.37910168779795
16548.0,0.0,0.0,599.0,0.0,1.0,0.08796660426475982,409.57932521320134,35.32167713158624
16549.0,30.0,611.0,621.0,433.1986666666666,0.9975623816162096,4.018759844444894,432.2990531476902,1703.152598063767
16550.0,17.0,629.0,737.0,523.3152941176471,0.9652411846778417,1.9147464304196469,515.8869886768874,968.3723914636216
16551.0,6.0,631.0,726.0,324.0233333333333,0.9810530380600104,0.7433223785378121,338.16248851243483,246.42211817194618
16552.0,1.0,131.0,373.0,284.44000000000005,0.7732762881753114,0.262414379970186,352.3828218978402,90.65397702739185
16553.0,15.0,503.0,666.0,1071.3446666666666,0.8570419464793492,1.654112546846147,1022.7836208773402,1658.5396849691053
16554.0,7.0,682.0,724.0,346.6042857142857,0.9894986381268777,0.8646822449654349,355.7405963828793,301.55528299397906
16555.0,2.0,470.0,505.0,142.945,0.9670882941786114,0.4051828465296424,242.2995186154871,96.24628820588205
16556.0,16.0,666.0,732.0,489.086875,0.9876362969794583,1.8597718382571349,483.5919717189366,881.6888535161157
16557.0,1.0,113.0,137.0,180.7,0.9135084655890122,0.6734673516370384,304.9671494557323,201.35662771928514
16558.0,35.0,736.0,736.0,387.89885714285714,0.9986718667372885,4.006621668874735,388.6105286259325,1526.4034241320624
16559.0,0.0,0.0,397.0,0.0,1.0,0.1263269257724839,409.57932521320134,50.72531085033478
16560.0,7.0,705.0,731.0,365.8985714285714,0.9910831530552497,0.8584398102520704,372.23570023373236,313.2598958013158
16561.0,1.0,54.0,59.0,246.16000000000003,0.924134178510532,1.113728892643553,334.8864661904574,365.66569805935256
16562.0,0.0,0.0,476.0,0.0,1.0,0.10791933450769217,409.57932521320134,43.3336783710698
16563.0,5.0,685.0,738.0,776.86,0.9854796113177727,0.6248706097283029,706.3533626930878,432.7023017381584
16564.0,0.0,0.0,569.0,0.0,1.0,0.0921203724529426,409.57932521320134,36.9896113484322
16565.0,3.0,191.0,555.0,152.6833333333333,0.6851760729757758,0.36356430608330453,225.5513194135416,80.39069038670372
16566.0,4.0,277.0,292.0,129.94,0.9846090597744642,1.15762098499524,193.9697895497543,220.13241481847592
16567.0,1.0,142.0,336.0,308.03999999999996,0.8123531849887957,0.30114374717140585,363.16949887522344,107.21826211667081
16568.0,1.0,214.0,641.0,543.6,0.7360186718309879,0.1549033107833121,470.83516111219035,71.50057805181248
16569.0,4.0,720.0,723.0,258.27,0.9871589593947325,0.524932626074765,292.9157145930033,150.73829565588625
16570.0,16.0,604.0,619.0,425.2475,0.9957436872577806,2.185383241119704,424.1646455380637,908.7396040409585
16571.0,9.0,605.0,631.0,426.75888888888886,0.9923201850440658,1.2403290388649912,424.7557907312465,516.4802610955294
16572.0,2.0,148.0,275.0,333.51,0.9084057388342641,0.6387188191737755,361.85530468618134,226.584505360628
16573.0,1.0,206.0,290.0,370.98,0.8927602404408449,0.37390197800151964,391.9370178988043,143.66836658623248
16574.0,2.0,587.0,658.0,355.435,0.9635307877183186,0.3181755579875411,375.6105095223263,117.16103523253872
16576.0,1.0,101.0,521.0,313.47,0.6139421609615466,0.1556859283277764,365.65134870518926,55.80820688332771
16577.0,0.0,0.0,666.0,0.0,1.0,0.07991903804463042,409.57932521320134,32.09021091323019
16578.0,0.0,0.0,626.0,0.0,1.0,0.08453612015088521,409.57932521320134,33.94417879133687
16579.0,0.0,0.0,425.0,0.0,1.0,0.11912477435836699,409.57932521320134,47.83325292131422
16581.0,0.0,0.0,182.0,0.0,1.0,0.23592929797809015,409.57932521320134,94.73791175419336
16582.0,0.0,0.0,113.0,0.0,1.0,0.32721073399969464,409.57932521320134,131.39492465559124
16583.0,1.0,300.0,673.0,466.90000000000003,0.8021870036614072,0.16150565482890966,435.7784609356945,68.99746289251506
16584.0,4.0,581.0,661.0,557.9875,0.9784249068373824,0.5647815080407468,524.0060698423604,290.1313183676726
16585.0,1.0,102.0,695.0,252.27,0.5106811146468544,0.0998388784842167,337.6791185773986,33.05090156906647
16586.0,2.0,387.0,635.0,567.365,0.9155344746797073,0.31227006133199625,508.57017022582505,155.68977773281887
16587.0,0.0,0.0,232.0,0.0,1.0,0.19629445357034828,409.57932521320134,78.8216491602098
16588.0,3.0,188.0,574.0,381.49333333333334,0.6509660354355652,0.3351265364390795,389.4598634857699,127.95299756999812
16589.0,3.0,379.0,450.0,153.08,0.9703840906996449,0.6200749271637954,225.8354724480039,137.28303860166275
16590.0,1.0,14.0,414.0,289.15,0.3859966773693065,0.11976652681947665,354.5355866674789,41.62735371982175
16591.0,0.0,0.0,68.0,0.0,1.0,,409.57932521320134,
16592.0,17.0,717.0,721.0,440.90058823529415,0.9969749531730888,2.0180203512370274,438.8549389058903,868.2068017575158
16593.0,7.0,684.0,734.0,141.64857142857142,0.9886764358600276,0.8531352641071516,180.51950543233633,150.97983142714594
16594.0,0.0,0.0,75.0,0.0,1.0,,409.57932521320134,
16595.0,4.0,630.0,691.0,322.75,0.9814207048178126,0.5440004568220131,342.63155069359317,182.72762460642477
16596.0,3.0,714.0,729.0,161.36,0.9813808714496528,0.40648872194784075,231.76686856232607,92.35862152800709
16597.0,0.0,0.0,4.0,0.0,1.0,,409.57932521320134,
16598.0,0.0,0.0,285.0,0.0,1.0,0.1666376722930441,409.57932521320134,66.91248110348474
16599.0,0.0,0.0,385.0,0.0,1.0,0.12968747761535562,409.57932521320134,52.07476015411073
16600.0,12.0,717.0,721.0,153.61666666666667,0.9957856955701412,1.4445577521975366,176.67222208965984,250.19575388059735
16601.0,2.0,583.0,623.0,308.5,0.9673868984533692,0.33571696235787263,346.1646468548479,113.92918264158283
16602.0,1.0,352.0,388.0,528.0799999999999,0.919235065709663,0.3016058152060818,463.74154981180936,137.11969611172594
16603.0,1.0,17.0,91.0,185.85,0.8139091985048105,0.7781298309753075,307.32102176223754,234.4477421490088
16604.0,1.0,6.0,568.0,125.75,0.2475975930065171,0.058122263359819855,279.85156047661303,15.945975858560576
16605.0,0.0,0.0,724.0,0.0,1.0,0.0740546198161123,409.57932521320134,29.735388632106833
16606.0,1.0,30.0,434.0,119.7,0.4462975052409076,0.13292153000472842,277.0863318446991,36.10717572252495
16607.0,23.0,572.0,589.0,235.63347826086957,0.9962064690976119,3.2484807090176657,244.17608246546902,777.6084080767396
16608.0,1.0,210.0,663.0,601.32,0.7211893360720749,0.14719355903585843,497.2168134484008,71.74875055536342
16609.0,6.0,237.0,252.0,822.6550000000001,0.9887476142326859,1.8736647318762976,754.3892837340545,1385.7075328394471
16610.0,0.0,0.0,219.0,0.0,1.0,0.2052575948722849,409.57932521320134,82.42097691486559
16611.0,5.0,453.0,639.0,299.61800000000005,0.9459284252732244,0.6842656184533962,320.7272055935018,215.14850602562697
16612.0,8.0,704.0,736.0,341.82,0.9914469751472433,0.9649671292643391,350.5804751392154,331.64776268454773
16613.0,0.0,0.0,70.0,0.0,1.0,,409.57932521320134,
16614.0,2.0,396.0,578.0,443.32,0.9347498074599623,0.3471190138964434,430.7473933090813,146.58196005907337
16615.0,0.0,0.0,626.0,0.0,1.0,0.08453612015088521,409.57932521320134,33.94417879133687
16616.0,1.0,142.0,157.0,290.32,0.9207400093434759,0.6174006508120375,355.0703498905102,214.91960241353988
16617.0,0.0,0.0,235.0,0.0,1.0,0.19433627064418305,409.57932521320134,78.03530370517258
16618.0,3.0,291.0,322.0,639.8100000000001,0.9765040091987895,0.830917189153753,574.5055727769916,467.98849164382057
16619.0,3.0,392.0,655.0,314.37333333333333,0.9141619352857384,0.4176111643283078,341.37830464599904,139.76105921901188
16620.0,5.0,735.0,738.0,187.312,0.9898874976984001,0.6276655520271015,229.9805169130711,141.51302993932703
16621.0,3.0,226.0,277.0,216.87666666666667,0.968898914764345,0.9332732324599124,271.5363541839184,248.4398804932989
16622.0,0.0,0.0,543.0,0.0,1.0,0.09605132262035584,409.57932521320134,38.5680773928171
16623.0,3.0,347.0,592.0,262.33,0.9105287681220259,0.4558924920014023,304.0969489564211,135.91057654381058
16624.0,1.0,117.0,197.0,384.14,0.8764307615980466,0.4976897625634463,397.9519615014468,194.16949607299387
16625.0,4.0,269.0,543.0,346.0075,0.8253807953583193,0.5690614808488255,360.56371660720157,201.15005624865995
16626.0,16.0,266.0,266.0,226.08437500000002,0.9970591364628291,4.531701324845733,238.76602607199055,1060.7588579223807
16627.0,0.0,0.0,79.0,0.0,1.0,,409.57932521320134,
16628.0,6.0,612.0,641.0,373.34999999999997,0.9892435273102885,0.8399113359253223,379.3373311029209,312.34653452536975
16629.0,1.0,23.0,96.0,180.95,0.8240035435859132,0.7631483542525459,305.0814151016791,228.25786237693754
16630.0,0.0,0.0,407.0,0.0,1.0,0.1236567940231689,409.57932521320134,49.65310551590241
16631.0,5.0,170.0,651.0,305.438,0.14879009778024813,0.10582517020164821,325.4299438988471,33.76169205612467
16632.0,1.0,96.0,581.0,202.0,0.562329443541333,0.12934611814001462,314.7025824904045,39.9056497378166
16633.0,5.0,217.0,234.0,487.116,0.9862175738100278,1.683620302553828,472.2313339054655,779.4424834151876
16634.0,5.0,465.0,687.0,302.162,0.9319911483572697,0.6310893185609597,322.7828355331579,199.7002935075818
16635.0,0.0,0.0,406.0,0.0,1.0,0.12391871310419501,409.57932521320134,49.7582804211622
16636.0,3.0,208.0,646.0,830.1966666666667,0.6254820557604787,0.2893567397977139,710.8894779563893,201.65729261932228
16637.0,3.0,193.0,225.0,283.6166666666667,0.9734711573766079,1.1064801417111878,319.3456991923556,346.41062208664516
16638.0,13.0,456.0,478.0,177.16,0.9935962105338862,2.2530186654433857,196.61936672095626,434.2801119621597
16639.0,3.0,378.0,409.0,419.1700000000001,0.9778166294868141,0.6789838174142192,416.44962607843627,277.20633833351997
16640.0,0.0,0.0,397.0,0.0,1.0,0.1263269257724839,409.57932521320134,50.72531085033478
16641.0,1.0,596.0,701.0,231.1,0.9109462512923654,0.17669578357383975,328.0031036786187,56.817679643907795
16642.0,2.0,411.0,415.0,344.165,0.9714492307567669,0.48345219737516604,368.53998918009813,174.67068875308127
16643.0,1.0,177.0,422.0,487.51,0.8028115182336425,0.2449996208266952,445.19852078755343,106.93071313705278
16644.0,1.0,35.0,212.0,111.37,0.7010625465493261,0.37648987057777983,273.2790005217498,100.86727748349851
16645.0,0.0,0.0,735.0,0.0,1.0,0.07303819141664716,409.57932521320134,29.327248727905335
16646.0,0.0,0.0,449.0,0.0,1.0,0.11357508175582237,409.57932521320134,45.60475540189127
16647.0,3.0,375.0,544.0,132.59,0.9448218140402916,0.5104053440077845,211.15741612161975,105.65762053734804
16648.0,2.0,548.0,590.0,209.98,0.9668455917770575,0.3524525367529635,284.3556260814383,98.25208964358606
16649.0,0.0,0.0,520.0,0.0,1.0,0.09981947982975714,409.57932521320134,40.08117763483126
16650.0,5.0,448.0,519.0,255.74200000000002,0.9795306488555411,0.8544437810221295,285.2740533795277,238.95975593275227
16651.0,0.0,0.0,586.0,0.0,1.0,0.08971964158631777,409.57932521320134,36.02560395176832
16652.0,11.0,574.0,632.0,1463.7954545454545,0.988137846039464,1.4889949737472759,1361.0469666650183,1986.752432767174
16653.0,1.0,55.0,71.0,94.80000000000001,0.9135397994395337,1.002919979030401,265.7054735083921,261.2592493790341
16654.0,7.0,471.0,612.0,205.96714285714285,0.9596672603700818,0.9775872001029356,235.50684888539098,225.70275169106162
16655.0,12.0,660.0,677.0,519.4483333333334,0.9947031257471918,1.5286982659145836,509.55200306247684,763.637645193837
16656.0,27.0,713.0,735.0,609.6085185185185,0.9962619029071478,3.1038567005217685,601.1789565732819,1829.2872541898676
16657.0,3.0,245.0,254.0,230.35666666666665,0.9807178592953888,1.0130092898298368,281.19278167438483,279.256264312503
16658.0,4.0,251.0,619.0,170.38750000000002,0.6775132928658179,0.4151341128165197,225.15591362975755,91.63259020625432
16659.0,0.0,0.0,189.0,0.0,1.0,0.22944136667845033,409.57932521320134,92.13251945767868
16660.0,5.0,678.0,694.0,347.59000000000003,0.9888393112289874,0.6633995264596965,359.4900512952241,233.7972634320261
16661.0,3.0,182.0,722.0,234.77666666666667,0.4428561730374097,0.1850647354841034,284.35905834410755,51.59033847344101
16662.0,0.0,0.0,394.0,0.0,1.0,0.12715061629745983,409.57932521320134,51.0560683881216
16663.0,0.0,0.0,729.0,0.0,1.0,0.07358912084200846,409.57932521320134,29.54847065565965
16664.0,0.0,0.0,569.0,0.0,1.0,0.0921203724529426,409.57932521320134,36.9896113484322
16665.0,0.0,0.0,362.0,0.0,1.0,0.13665563065934208,409.57932521320134,54.872870518977436
16666.0,1.0,602.0,621.0,118.97999999999999,0.9257479817434612,0.20051684812200765,276.7572467843721,54.4039034891948
16667.0,1.0,216.0,284.0,366.78,0.9009825247502018,0.3838438642171036,390.0173550468971,146.76614019607655
16668.0,11.0,616.0,631.0,65.80727272727273,0.9944293785406406,1.5006323200223364,99.31279174343148,146.10224987937818
16669.0,1.0,55.0,78.0,645.38,0.9065982085566914,0.9461700284408794,517.3549908900749,479.91192043435734
16670.0,17.0,713.0,729.0,432.13176470588235,0.9960394559694762,1.9957805300329399,430.6588233787053,842.6024828897785
16671.0,2.0,136.0,164.0,154.695,0.9607719761071767,1.0044963296230733,249.67117913200724,245.87130945564712
16672.0,17.0,264.0,266.0,409.38235294117646,0.9969213448772493,4.803289545978878,409.3952175627562,1927.8105688021014
16673.0,0.0,0.0,679.0,0.0,1.0,0.07852521997229593,409.57932521320134,31.53053077353725
16674.0,1.0,44.0,98.0,197.41,0.8685860536492124,0.7945024266306782,312.6046652308202,243.49577723943077
16675.0,1.0,37.0,478.0,301.79999999999995,0.4416207188667253,0.1208625453782524,360.3174283523899,42.69325296694699
16676.0,5.0,385.0,418.0,388.904,0.9852596089161424,1.039583339391894,392.87302901808226,400.3980367759906
16677.0,1.0,241.0,652.0,617.39,0.7602325791957621,0.15754367993763227,504.56180916986466,77.92830081994921
16678.0,11.0,280.0,282.0,254.34636363636363,0.9953753921519977,3.0185528845088703,269.47604305165083,797.4465440648182
16679.0,2.0,181.0,547.0,302.95500000000004,0.7525361950701135,0.2936267622132951,342.6858504664135,98.64421925183427
16680.0,2.0,491.0,534.0,140.6,0.9661326867953061,0.38516012966327634,240.82832338899863,90.9345415869195
16681.0,6.0,569.0,641.0,295.0566666666667,0.9834192364278004,0.8349662563762763,313.9829113998977,257.0115267307415
16682.0,4.0,183.0,187.0,125.625,0.9864080297291259,1.645381812479677,190.6428070315464,307.52102850040245
16683.0,0.0,0.0,533.0,0.0,1.0,0.09765409358219727,409.57932521320134,39.21166826824893
16684.0,34.0,728.0,732.0,4293.930882352941,0.9983711561282126,3.912626648646935,4162.801662683218,15967.267019700153
16685.0,0.0,0.0,61.0,0.0,1.0,,409.57932521320134,
16686.0,13.0,686.0,733.0,377.21384615384613,0.9916769214374253,1.5289572708118286,379.9236540647748,569.4667041183493
16687.0,0.0,0.0,390.0,0.0,1.0,0.12826573965440868,409.57932521320134,51.50385264172541
16688.0,3.0,59.0,60.0,359.03666666666663,0.9820943166932157,2.606605368851212,373.3729811902029,954.1551050771702
16689.0,1.0,7.0,82.0,128.44,0.7943858736696744,0.8063211883693246,281.08105882700124,222.19931806286695
16690.0,3.0,379.0,451.0,102.41000000000001,0.9701785706912462,0.6187398698196883,189.53790709622817,114.97005002631302
16691.0,1.0,143.0,561.0,142.95,0.6755452201739387,0.1603550207011436,287.7130369177568,45.229631528835625
16692.0,3.0,185.0,441.0,447.8333333333333,0.8078478523841415,0.5254139240809651,436.98266761911907,225.08496610859186
16693.0,4.0,588.0,656.0,244.72500000000002,0.9801026440540905,0.5696787961141826,282.47215069749325,157.75515410445135
16694.0,0.0,0.0,723.0,0.0,1.0,0.07414842742858192,409.57932521320134,29.77305645342519
16695.0,0.0,0.0,561.0,0.0,1.0,0.09329517263316585,409.57932521320134,37.46134988590921
16696.0,3.0,113.0,248.0,207.5,0.8748524248479935,0.9210441798330872,264.81935850372986,239.1199150101162
16697.0,0.0,0.0,241.0,0.0,1.0,0.1905349970784493,409.57932521320134,76.50883222066545
16698.0,1.0,27.0,253.0,816.0,0.6176097176711348,0.2888188964461309,595.339008935886,168.56934006844654
16699.0,6.0,355.0,735.0,142.86666666666667,0.6204271242214323,0.46478828587660914,186.94413669021898,85.18125061214613
16700.0,21.0,729.0,737.0,416.6195238095238,0.9972300645714819,2.426566631391418,416.2426090698323,990.1825427101611
16701.0,24.0,730.0,738.0,397.44208333333336,0.9975081077663561,2.7601627227230803,398.0144870178804,1076.9859660021082
16702.0,3.0,317.0,732.0,296.43666666666667,0.7913966456602773,0.3265618794216683,328.5293342389268,105.17613514027414
16704.0,1.0,54.0,672.0,121.85,0.3824520468819419,0.07710423136088326,278.06901639984204,21.018922592591412
16705.0,25.0,730.0,730.0,1610.62924,0.9981330066169661,2.902912059446131,1556.1495350897258,4428.551754510793
16706.0,2.0,77.0,114.0,119.91,0.9489548625937694,1.2711680896832531,227.84792712629212,283.9510024754384
16707.0,3.0,240.0,640.0,121.70666666666666,0.7217758236670968,0.336748959242124,203.36111647859968,67.13553839346847
16708.0,0.0,0.0,45.0,0.0,1.0,,409.57932521320134,
16709.0,11.0,646.0,730.0,710.36,0.9842176929294691,1.2999836379629277,681.0446075884117,867.9409403116467
16710.0,20.0,716.0,735.0,298.5065,0.9961502819653351,2.3177588030507095,304.7337217281203,692.4131157968447
16711.0,8.0,734.0,737.0,316.035,0.9937846751364388,0.966034602058194,328.12916907365064,310.7522930053285
16712.0,9.0,392.0,401.0,405.04777777777775,0.9935748438659328,1.8565009510358268,405.5761459302246,738.1553250284676
16713.0,30.0,706.0,724.0,466.52566666666667,0.9968469146242829,3.4907416215481804,464.35669431285584,1589.0806500711242
16714.0,2.0,452.0,670.0,580.765,0.9316192253099416,0.3026102507713729,516.9770000914734,153.3675220233439
16715.0,1.0,484.0,562.0,301.72,0.9128708961741316,0.21634352665069764,360.28086334568695,76.41278565838466
16716.0,2.0,364.0,630.0,450.6,0.9057472823197135,0.31115669325253925,435.3146859525083,132.78878029407727
16717.0,11.0,709.0,732.0,599.9854545454546,0.9939228197368366,1.3095030474143061,581.4276452616527,746.412507412722
16718.0,4.0,364.0,733.0,749.9275,0.8110630800053505,0.4258803620193943,671.997037291914,280.56420839646324
16719.0,13.0,712.0,726.0,279.1269230769231,0.9953570435087197,1.5482334134905629,290.04908340275176,440.23506396036055
16720.0,2.0,696.0,722.0,311.13,0.9695283153883384,0.2940971954173309,347.8146440598222,100.28058491919356
16721.0,0.0,0.0,262.0,0.0,1.0,0.17832809508333083,409.57932521320134,71.6069432530807
16722.0,21.0,719.0,736.0,411.8714285714285,0.996451652885754,2.4277044561042387,411.7487150529401,979.9515019084247
16723.0,3.0,644.0,735.0,280.35999999999996,0.9731928558478684,0.4000706870505562,317.01277890101386,124.3343269050397
16724.0,0.0,0.0,404.0,0.0,1.0,0.12444589668634813,409.57932521320134,49.96997364676915
16725.0,11.0,424.0,726.0,151.65727272727273,0.4517297453086531,0.5996798094506964,176.7954774526487,103.93631911687814
16726.0,5.0,385.0,411.0,353.236,0.9864185804908313,1.0561496833265163,364.05219226979096,376.93776870383243
16727.0,3.0,324.0,688.0,294.16,0.8331935895673965,0.3639223518745763,326.8984390915508,116.62709888537054
16728.0,3.0,218.0,264.0,276.7266666666667,0.9700798402918924,0.9714590286021823,314.41003261896435,299.43726594968825
16729.0,18.0,203.0,241.0,374.2027777777778,0.9690759098878057,5.338769482210018,376.39287028163085,1969.9996985084113
16730.0,2.0,267.0,319.0,278.045,0.9593068756824479,0.5970326770307852,327.0579301713908,191.42864579085762
16731.0,0.0,0.0,648.0,0.0,1.0,0.0819327163584757,409.57932521320134,32.89879344369523
16732.0,3.0,700.0,731.0,1198.2666666666667,0.979945823198255,0.40487336157608944,974.5572276905139,386.81572854138545
16733.0,0.0,0.0,529.0,0.0,1.0,0.09831028755638106,409.57932521320134,39.47516239391828
16734.0,1.0,62.0,114.0,344.35,0.8797942196975198,0.7324025888931218,379.76544129254506,272.686768828292
16735.0,11.0,653.0,731.0,539.2927272727273,0.9856976205998913,1.3003002597649607,526.6502950914959,671.3402787781222
16736.0,4.0,231.0,736.0,432.645,0.42490638674448844,0.22227704108833718,427.36358866310815,93.12566749057288
16737.0,1.0,524.0,577.0,417.59999999999997,0.9188436126721407,0.21266846049948562,413.2452755549742,86.1572277762885
16738.0,0.0,0.0,297.0,0.0,1.0,0.16112735529338784,409.57932521320134,64.69974083297362
16739.0,1.0,360.0,536.0,323.0,0.8801655438383584,0.21762191232948958,370.00715512868345,78.93944100162535
16740.0,0.0,0.0,395.0,0.0,1.0,0.1268748609235835,409.57932521320134,50.94533725901454
16741.0,0.0,0.0,625.0,0.0,1.0,0.0846583949931315,409.57932521320134,33.993277757494
16742.0,13.0,677.0,723.0,202.50307692307692,0.9917390261870498,1.548487893232449,219.8405881260758,333.727816402849
16743.0,12.0,567.0,596.0,328.73333333333335,0.9930316640039345,1.7134987545484115,336.0154472834597,564.443800352948
16744.0,6.0,162.0,173.0,199.13333333333333,0.9888209981470237,2.4994131548023537,233.9120609318331,573.1632983135183
16745.0,16.0,225.0,311.0,434.6875,0.8112236763717445,3.2441066667416822,432.9522309294846,1376.9455003498842
16746.0,40.0,731.0,735.0,442.48249999999996,0.9985762175669789,4.5738709357553065,441.5335519820297,1979.812401328943
16747.0,1.0,30.0,67.0,355.86,0.8818654017027854,0.9977579276221542,385.02623163193834,376.63537970208444
16748.0,13.0,712.0,729.0,272.2946153846154,0.9951109662900475,1.5419931825801791,283.7888123980691,428.9971459469952
16749.0,1.0,133.0,724.0,2043.3600000000001,0.5663355780979838,0.10664841016508042,1156.319341773225,120.89582940587131
16750.0,4.0,188.0,232.0,126.30749999999999,0.9735373375169785,1.3767930745972132,191.16903311930463,258.03095411915535
16751.0,0.0,0.0,30.0,0.0,1.0,,409.57932521320134,
16752.0,0.0,0.0,372.0,0.0,1.0,0.1335360122039588,409.57932521320134,53.62016474529493
16753.0,0.0,0.0,58.0,0.0,1.0,,409.57932521320134,
16754.0,18.0,269.0,641.0,3617.137222222222,0.0003002222830715379,0.0007150219723487412,3418.5636186579623,2.396294725963511
16755.0,6.0,616.0,730.0,448.0,0.9774166063535866,0.7368358326605006,441.65052206210044,319.0263149837973
16756.0,6.0,426.0,640.0,173.13833333333332,0.9154585105518608,0.7783688692112463,212.21304687980538,161.93294404754204
16757.0,1.0,91.0,409.0,106.83000000000001,0.6707403792992562,0.21031382367741433,271.2039363913549,55.91745980442107
16758.0,0.0,0.0,65.0,0.0,1.0,,409.57932521320134,
16759.0,1.0,23.0,30.0,370.94,0.9197275802988042,1.4518199667510046,391.9187353954528,557.8570080551559
16760.0,0.0,0.0,430.0,0.0,1.0,0.11792428191204386,409.57932521320134,47.351190609594724
16761.0,0.0,0.0,96.0,0.0,1.0,0.3617410617207625,409.57932521320134,145.2619774199471
16762.0,2.0,125.0,144.0,593.615,0.9641723499775938,1.1050580557987066,525.0387735074125,568.8124096392971
16763.0,1.0,540.0,738.0,611.8499999999999,0.8909189983675323,0.1648456821603246,502.0296824556823,81.13084360383525
16764.0,12.0,140.0,143.0,218.5475,0.9952416623794339,5.483330585090259,235.75448190418973,1267.3397533871398
16765.0,1.0,88.0,382.0,34.0,0.6848798690784976,0.22773213170826026,237.9160684141164,53.11685554490349
16766.0,0.0,0.0,273.0,0.0,1.0,0.17253875427715537,409.57932521320134,69.28214462827158
16767.0,11.0,560.0,590.0,661.5127272727273,0.9925396516361853,1.591713553333248,636.9582024576057,993.9249866010877
16768.0,8.0,685.0,732.0,185.39249999999998,0.9898391777402196,0.9682444930643843,214.37719107595612,203.48877788570778
16769.0,2.0,465.0,725.0,373.645,0.9231523018561827,0.27896513568812165,387.03501488452474,105.84693238722399
16770.0,8.0,417.0,474.0,219.70875,0.9842316174145624,1.4246278818479106,244.25675794709977,341.1357278114692
16771.0,9.0,697.0,730.0,418.2555555555556,0.9919959152771057,1.0852850525312054,417.2439267771923,443.9260755782234
16772.0,2.0,298.0,721.0,1413.35,0.8158731721347623,0.24780251638768871,1039.3203167848274,252.48364385719333
16773.0,2.0,676.0,733.0,141.745,0.9661755478510438,0.28903670626788347,241.54666817975738,68.44347932698881
16774.0,7.0,594.0,661.0,177.10714285714286,0.9855379745366938,0.9360734649603397,210.8338081631244,193.47622201079662
16775.0,15.0,432.0,442.0,196.58266666666665,0.9957050931734167,2.772979204416762,212.2125883938067,576.8953344602432
16776.0,1.0,355.0,415.0,388.28,0.9127499094807192,0.28261624254023165,399.8442005983268,110.78256361295598
16777.0,4.0,552.0,632.0,274.47,0.9779067224538123,0.5880027300970287,305.40635579693566,176.04977779858018
16778.0,1.0,200.0,274.0,152.76,0.8964778895449806,0.393210945533201,292.1968208647115,112.63900897130831
16779.0,50.0,734.0,736.0,642.4306,0.9989475988865852,5.694094781821692,637.0269707649741,3555.9767120130255
16780.0,2.0,307.0,407.0,212.595,0.9485021111418414,0.4800469928700936,285.99621265596596,134.59411401144698
16781.0,1.0,297.0,669.0,622.5,0.8014343289643666,0.16223378818045273,506.8973989730184,80.6196745100865
16782.0,35.0,720.0,730.0,292.92885714285717,0.9979120391340504,4.0338393019464664,296.75796320014797,1173.5387723902893
16783.0,0.0,0.0,436.0,0.0,1.0,0.11651527025927619,409.57932521320134,46.78539702245427
16784.0,4.0,602.0,621.0,171.515,0.9856384243275356,0.6021689144642253,226.02524683700648,133.42998877657632
16785.0,0.0,0.0,409.0,0.0,1.0,0.12313626602353894,409.57932521320134,49.44408496168795
16786.0,0.0,0.0,393.0,0.0,1.0,0.1274275739372378,409.57932521320134,51.16728231032482
16787.0,3.0,301.0,698.0,264.63,0.7917661028357598,0.3412898948123562,305.74455898817723,102.29631377533568
16788.0,4.0,547.0,670.0,382.9125,0.9708034299079766,0.5535109353493876,389.01847670788817,211.093172888423
16789.0,0.0,0.0,8.0,0.0,1.0,,409.57932521320134,
16790.0,5.0,34.0,37.0,176.282,0.988233176824282,4.9970832632351065,221.0679389907415,1083.0431051441897
16791.0,12.0,707.0,736.0,309.9016666666667,0.9937031414389523,1.4145000003784038,318.880022314727,442.1879730716599
16792.0,3.0,422.0,704.0,137.39000000000001,0.9135572275637591,0.3907118110123288,214.59590662267607,82.1969580713893
16793.0,0.0,0.0,57.0,0.0,1.0,,409.57932521320134,
16794.0,13.0,623.0,624.0,142.14461538461538,0.9962885966111885,1.7795166260940878,164.53565402864027,287.03805628616476
16795.0,2.0,318.0,683.0,937.21,0.8537072981332886,0.2724787622361319,740.6018113945387,197.8316885804616
16796.0,0.0,0.0,89.0,0.0,1.0,,409.57932521320134,
16797.0,4.0,344.0,737.0,412.72249999999997,0.7702617462520003,0.40243631113831346,412.0027985775932,162.54536609834983
16798.0,2.0,175.0,729.0,319.905,0.5872110782636085,0.17655315516393053,353.31986287109567,61.15353895896614
16799.0,1.0,21.0,453.0,247.19,0.3897777876974967,0.11182662054211635,335.35724065175845,36.7650865396797
16800.0,0.0,0.0,11.0,0.0,1.0,,409.57932521320134,
16801.0,3.0,110.0,273.0,289.2766666666667,0.8317281359162563,0.8106585568774172,323.40025257485115,257.017668088669
16802.0,1.0,51.0,730.0,323.5,0.3434176251266671,0.0641817930438808,370.23568642057717,23.295348569340423
16803.0,0.0,0.0,65.0,0.0,1.0,,409.57932521320134,
16804.0,1.0,247.0,270.0,418.94,0.9206426240150201,0.4086404327819637,413.8577394172494,165.79839333237524
16805.0,4.0,558.0,731.0,270.56,0.9613937463717522,0.5060873095462289,302.39163930882603,150.0280741627039
16806.0,3.0,136.0,239.0,186.73333333333335,0.9244036376486021,1.0021336335266728,249.94311140540987,245.55722813573988
16807.0,5.0,481.0,623.0,369.966,0.9641433629160614,0.713686996310767,377.570544821067,264.1702099070533
16808.0,1.0,175.0,274.0,121.92,0.8800555474675311,0.38600781790289085,278.10101078070716,105.2413483979564
16809.0,8.0,582.0,605.0,183.2525,0.9918645422704465,1.1544586085472988,212.51386763285709,240.51569883864946
16810.0,1.0,228.0,420.0,309.54,0.8494666949984825,0.260307704445012,363.85509275090465,92.85362472590407
16811.0,1.0,13.0,17.0,232.3,0.9229856139375234,1.6924365832107302,328.5515787791636,545.1728063106883
16812.0,3.0,22.0,382.0,427.4166666666667,0.11361658631996512,0.08367020182021447,422.35714378650107,34.644352025788834
16813.0,9.0,196.0,204.0,165.19222222222223,0.9928652245775433,3.220776102316457,193.68720410849463,611.5712437575329
16814.0,35.0,593.0,607.0,332.67085714285713,0.9971804022577154,4.770147181677225,335.19541350183823,1567.4985806310015
16815.0,1.0,83.0,536.0,177.85,0.5568604626779472,0.13768437044260703,303.6645210919381,40.98830873352629
16816.0,3.0,255.0,358.0,113.76,0.9528769493022539,0.7416347538758745,197.66850442685092,143.71756477143083
16817.0,12.0,429.0,431.0,211.63083333333336,0.995841392172866,2.2914653947749253,229.4608263930612,515.4676185834412
16818.0,10.0,195.0,205.0,279.515,0.9928510067973753,3.5414474680256345,293.3247027774612,1018.3917720477349
16819.0,0.0,0.0,465.0,0.0,1.0,0.11015408004466941,409.57932521320134,44.23104421136003
16820.0,0.0,0.0,95.0,0.0,1.0,0.3640015702547481,409.57932521320134,146.16978109221927
16821.0,0.0,0.0,381.0,0.0,1.0,0.13084778348887344,409.57932521320134,52.540688343296665
16822.0,0.0,0.0,686.0,0.0,1.0,0.07779465941219299,409.57932521320134,31.237178308455704
16823.0,6.0,510.0,737.0,345.13166666666666,0.9294284551562582,0.6945355622540015,355.78241625295743,242.2456263958714
16824.0,2.0,378.0,393.0,230.32,0.9695434617092796,0.5057232522953553,297.116440967057,147.3065050383542
16825.0,4.0,496.0,534.0,365.89750000000004,0.9829338918823254,0.6878870008609703,375.8994483075852,253.4940909719993
16826.0,0.0,0.0,51.0,0.0,1.0,,409.57932521320134,
16827.0,4.0,196.0,589.0,85.92,0.5130775868020447,0.3288226638330445,160.02917067339004,51.586891913861876
16828.0,1.0,19.0,112.0,15.0,0.7865654645219393,0.6622334657717149,229.23187932215527,148.82816496469894
16829.0,1.0,232.0,388.0,197.22,0.8660555996372472,0.2841573552687832,312.5178233399006,87.05983004586218
16830.0,3.0,688.0,726.0,302.36,0.9792489414764038,0.40714571473341116,332.7725270308554,132.82350703626417
16831.0,0.0,0.0,564.0,0.0,1.0,0.09285112620900142,409.57932521320134,37.2830439411003
16832.0,4.0,274.0,458.0,76.6525,0.9111297865359741,0.7304830214236612,152.88367577478246,109.48415849134442
16833.0,4.0,622.0,623.0,524.04,0.9872978629642216,0.6014267104672594,497.8316227886263,293.5238120759572
16834.0,1.0,447.0,674.0,413.46,0.8766095424498083,0.17625035175671394,411.35303645809427,71.07621913440636
16835.0,5.0,441.0,569.0,247.356,0.9652189700902923,0.7754429905816466,278.49790846051985,211.71433665706434
16836.0,3.0,535.0,574.0,187.20666666666668,0.9781948166866065,0.5035885484555228,250.282184774264,123.56194113477537
16837.0,8.0,214.0,245.0,377.78,0.9850099398904857,2.48345976242817,381.89127467839364,929.781603928464
16838.0,3.0,466.0,663.0,272.79333333333335,0.9466776155770905,0.4277068754586054,311.59238068059875,130.65052495390302
16839.0,41.0,658.0,666.0,536.2358536585366,0.998207117647872,5.127663195630525,532.6695859884612,2677.652684857378
16840.0,1.0,71.0,674.0,32.1,0.43601330785082687,0.08766445624645555,237.0476495049203,20.372241437501092
16841.0,11.0,660.0,696.0,337.5190909090909,0.9924046250799469,1.3694552973296832,344.5423946748444,462.55936157259197
16842.0,2.0,202.0,302.0,371.81,0.9368620746452552,0.6101400959035195,385.8837810932214,230.81856805172796
16843.0,26.0,687.0,729.0,724.6476923076923,0.9923608278855428,3.002434972550101,710.8818277473655,2092.4136257631712
16844.0,1.0,20.0,582.0,311.99,0.30206448318226137,0.06937294408414837,364.97489608118383,24.82182940205061
16845.0,0.0,0.0,618.0,0.0,1.0,0.08552432847625725,409.57932521320134,34.340989934128785
16846.0,2.0,589.0,639.0,243.275,0.9662098573649119,0.3276800102033623,305.24408879612236,98.05642130029473
16847.0,1.0,575.0,618.0,193.44,0.9214239686680283,0.20045731167931394,310.7901267731841,61.07582482693988
16848.0,2.0,380.0,432.0,329.83500000000004,0.9628320860959932,0.4627466660713117,359.5497002267591,163.11120135743613
16849.0,0.0,0.0,186.0,0.0,1.0,0.23217760029690232,409.57932521320134,93.23132219938522
16850.0,0.0,0.0,333.0,0.0,1.0,0.14658761651607616,409.57932521320134,58.86114604547799
16851.0,2.0,47.0,51.0,115.68,0.9693398249538283,2.012456389736862,225.1941293403449,444.31191173812476
16852.0,1.0,166.0,176.0,31.85,0.9240563422105051,0.5706059218993417,236.93338385897346,132.54263432172874
16854.0,1.0,223.0,640.0,118.15,0.7466359557149562,0.15736082486876452,276.3778848398286,42.636337201477666
16855.0,1.0,20.0,43.0,177.2,0.896625977123621,1.2426713982214392,303.36743041247627,369.60336900233995
16856.0,2.0,428.0,442.0,87.355,0.9699599956728175,0.4569628867639429,207.42372218030806,92.9224669808606
16857.0,0.0,0.0,442.0,0.0,1.0,0.11513955471246261,409.57932521320134,46.232974028215146
16858.0,9.0,356.0,724.0,485.6022222222222,0.29593093477872073,0.3262266008530969,476.73812486724046,152.46708689509256
16859.0,5.0,501.0,645.0,334.928,0.9650244377510578,0.6921710749587513,349.2587673738698,236.99464308462188
16860.0,2.0,210.0,662.0,546.75,0.7216529355011466,0.23699060492157545,495.63682711535165,115.1524843763636
16861.0,4.0,449.0,508.0,202.2975,0.9791953713649624,0.716422018227136,249.75939269256497,175.41636865079073
16862.0,3.0,154.0,701.0,165.57666666666668,0.3598573544526004,0.15450790251213462,234.787486953879,35.5634134707534
16863.0,2.0,378.0,409.0,333.525,0.9667169571098215,0.4871976679736305,361.86471531662795,172.83569154098117
16864.0,1.0,164.0,598.0,297.53,0.6898253199674962,0.15460193979795464,358.36577111961765,54.31526789977134
16865.0,0.0,0.0,401.0,0.0,1.0,0.12524514319821728,409.57932521320134,50.29091522827264
16866.0,2.0,21.0,161.0,49.394999999999996,0.7157873400975987,0.7583472414820344,183.60855339672474,136.50618188319768
16867.0,0.0,0.0,689.0,0.0,1.0,0.07748570820629053,409.57932521320134,31.11312073739644
16868.0,2.0,199.0,593.0,104.745,0.7518905986361382,0.2728420780043175,218.33377974475786,58.399829448928415
16869.0,3.0,153.0,175.0,197.29666666666665,0.9753630332074533,1.3407758360068487,257.51017834835943,338.4851861873998
16870.0,0.0,0.0,469.0,0.0,1.0,0.10933081016292145,409.57932521320134,43.900458669896295
16871.0,4.0,248.0,270.0,569.33,0.9827210880092722,1.2315513226941335,532.7514462532,643.2226827004356
16872.0,5.0,386.0,463.0,219.536,0.9760671576952045,0.9419182036524564,256.0184961487148,236.40913535689904
16873.0,11.0,664.0,668.0,1196.0627272727272,0.9953935519607445,1.426137583654886,1119.4086351409146,1565.0463998306677
16874.0,0.0,0.0,379.0,0.0,1.0,0.1314357640138626,409.57932521320134,52.776795764804184
16875.0,8.0,636.0,703.0,448.74375000000003,0.9867946562055201,1.0017707771736715,443.68025551260837,435.7280319097025
16876.0,0.0,0.0,403.0,0.0,1.0,0.12471117547130535,409.57932521320134,50.07649770322021
16877.0,5.0,196.0,208.0,155.19400000000002,0.9872308346170025,1.8466431025607726,204.02818892491314,369.36808322236635
16878.0,0.0,0.0,84.0,0.0,1.0,,409.57932521320134,
16880.0,6.0,463.0,493.0,253.17999999999998,0.988248390897014,1.0620732110997295,279.02686683547836,290.5224052527853
16881.0,0.0,0.0,66.0,0.0,1.0,,409.57932521320134,
16882.0,2.0,251.0,317.0,347.61,0.9544290826897427,0.597114299331645,370.7012973060055,217.00301938597102
16883.0,17.0,548.0,735.0,134.5670588235294,0.7625073510343003,1.5163713282893205,152.5286160545084,226.7427772114118
16884.0,2.0,533.0,570.0,326.535,0.9673733605054646,0.36376485107698286,357.4793615285024,127.48270249677117
16885.0,3.0,370.0,385.0,157.17,0.9803531994711827,0.7171335231748914,228.76535289577896,160.83182699704088
16886.0,0.0,0.0,456.0,0.0,1.0,0.11205258107773555,409.57932521320134,44.99339139030649
16887.0,2.0,703.0,738.0,220.45,0.9686538875391278,0.2879722167871462,290.9242461331801,82.13126225605008
16888.0,2.0,301.0,701.0,118.53,0.8290996907617443,0.2584006794559576,226.98214912520297,57.499442604748154
16889.0,5.0,371.0,565.0,434.78000000000003,0.9249736038620353,0.7478368469203387,429.9422425053709,315.2067238465491
16890.0,2.0,106.0,582.0,58.56,0.49604573309105876,0.18306626772049597,189.35844859961045,33.98383860214328
16891.0,10.0,734.0,735.0,173.899,0.9951661433817394,1.1940777280357069,198.92258149596097,232.85921007705173
16892.0,5.0,730.0,731.0,132.91,0.9900277193574196,0.6332822335429723,186.0220342176426,115.48852352531122
16893.0,1.0,10.0,376.0,291.86,0.397387386784305,0.13393659947920655,355.7742262695429,46.71519603921092
16894.0,1.0,33.0,535.0,17.0,0.38494753115232655,0.09533743348806033,230.14600448973013,21.510386442965313
16895.0,4.0,601.0,665.0,242.7575,0.9807583851500095,0.5630221352189301,280.9551546130033,155.07445619992026
16896.0,0.0,0.0,555.0,0.0,1.0,0.09419613624789218,409.57932521320134,37.823130149758995
16897.0,1.0,14.0,313.0,76.75,0.4824493561243284,0.18974434232082668,257.45549387102903,47.89137263180754
16898.0,4.0,550.0,576.0,205.9325,0.9847290090209537,0.6439156770238792,252.5620766911016,159.43208772222863
16899.0,7.0,390.0,397.0,205.80142857142854,0.9922196720974276,1.482350432217635,235.36517614389098,342.0373496349416
16900.0,2.0,47.0,63.0,67.215,0.9602830586164874,1.8044959753260608,194.78838236731102,344.60466229030925
16901.0,0.0,0.0,729.0,0.0,1.0,0.07358912084200846,409.57932521320134,29.54847065565965
16902.0,0.0,0.0,116.0,0.0,1.0,0.3217923400057461,409.57932521320134,129.2189619753525
16903.0,2.0,386.0,415.0,310.115,0.9671714248979842,0.48132330110668914,347.17785806626745,163.82145599645247
16904.0,18.0,407.0,411.0,274.305,0.9969459632192189,3.524869177558841,282.6795675338728,976.8257048810929
16905.0,14.0,724.0,729.0,343.1535714285714,0.9963009669863936,1.6569540099310267,348.34890355124884,565.8503102527887
16906.0,5.0,494.0,575.0,220.248,0.9788796902394823,0.7790324917706508,256.5938139620148,195.96573880299388
16907.0,8.0,497.0,526.0,200.40625,0.9907083012252286,1.3075668712318864,227.44984170391322,291.56010959986173
16908.0,0.0,0.0,722.0,0.0,1.0,0.07424247307630237,409.57932521320134,29.81081985843946
16909.0,0.0,0.0,72.0,0.0,1.0,,409.57932521320134,
16910.0,7.0,87.0,91.0,199.75428571428571,0.9915316393138686,4.414470185279011,230.19534239587819,996.2518280971568
16911.0,1.0,26.0,661.0,115.9,0.28667584820499675,0.05867132145741623,275.34949402630684,15.837619464824671
16912.0,9.0,702.0,730.0,455.1677777777778,0.9924838616507738,1.0858188862875984,449.852267613157,478.8550979910473
16913.0,1.0,361.0,651.0,113.44,0.8465048096476946,0.1756670590365682,274.2251200701898,47.22559328128925
16914.0,0.0,0.0,36.0,0.0,1.0,,409.57932521320134,
16915.0,10.0,560.0,569.0,124.343,0.9944454265247161,1.506235626776107,154.62823667864137,228.32828499003756
16916.0,3.0,392.0,415.0,335.27,0.9792484113337737,0.6714604964805696,356.34767752872267,234.57166279896126
16917.0,1.0,356.0,632.0,391.52,0.849720015045982,0.18114323459210646,401.3250833697981,71.26864275101099
16918.0,13.0,687.0,736.0,230.12307692307692,0.9913984616479472,1.5227942354928932,245.1480966482704,365.9707586488305
16919.0,21.0,321.0,477.0,236.62142857142857,0.21442559987528212,0.772667985740565,245.8811645999512,186.2502563191438
16920.0,0.0,0.0,411.0,0.0,1.0,0.12262010525470475,409.57932521320134,49.23681814839139
16921.0,2.0,539.0,600.0,141.63,0.9641906886365046,0.34619338081983747,241.47452001299996,81.95383730352007
16922.0,0.0,0.0,572.0,0.0,1.0,0.0916874178798051,409.57932521320134,36.81575943465102
16923.0,28.0,665.0,677.0,458.3725,0.9973416178993766,3.4717191587034226,456.3867225987074,1553.29669634045
16924.0,2.0,63.0,84.0,287.82000000000005,0.9583891075778602,1.5446320183812645,333.1905243457725,504.5644030597025
16925.0,0.0,0.0,540.0,0.0,1.0,0.09652659955141336,409.57932521320134,38.758924246417195
16926.0,4.0,155.0,526.0,249.825,0.43046022577440257,0.3053341938272683,286.40438959502745,85.73028264946826
16927.0,2.0,246.0,361.0,162.475,0.9374832831220805,0.5258068844646431,254.5521594569882,131.2157876010885
16928.0,27.0,594.0,674.0,148.1862962962963,0.9599437621317597,3.2380120306940383,159.20183204334523,505.36292392141286
16929.0,6.0,152.0,155.0,177.70833333333334,0.9910668170328352,2.711411169654001,216.0277994944531,574.2405110614309
16930.0,1.0,42.0,68.0,173.44,0.9002887959202548,1.0108724252014982,301.6488750974355,298.9533921322544
16931.0,21.0,392.0,397.0,238.88904761904763,0.9971761131032056,4.217317904810688,248.02738095823432,1025.453083457983
16932.0,2.0,518.0,571.0,159.615,0.965025960708805,0.362310910545478,252.75786591849908,89.77711305734148
16933.0,7.0,729.0,730.0,371.4942857142857,0.9930104815687258,0.8611926408167311,377.01959789283137,318.30332005229855
16934.0,4.0,567.0,621.0,432.1975,0.9815990452894802,0.5997010840403912,427.0185539755304,251.04972176750806
16935.0,2.0,40.0,421.0,133.425,0.3592536584070941,0.1765754576197588,236.32690515869803,40.90960336526082
16936.0,1.0,360.0,385.0,262.68,0.9223463219894149,0.30464626551588186,342.43714007462575,102.27298140044468
16937.0,0.0,0.0,499.0,0.0,1.0,0.10352792619179486,409.57932521320134,41.570304269168744
16938.0,8.0,652.0,660.0,771.67,0.993377442666026,1.0683623653637597,724.8559807542256,759.1850574737844
16939.0,2.0,161.0,649.0,139.325,0.6162308178796324,0.20605831079289863,240.0284198010358,48.487694534113004
16940.0,7.0,679.0,731.0,824.4014285714285,0.9884209305644795,0.8561338909527861,764.2197496294809,641.411692589657
16941.0,0.0,0.0,611.0,0.0,1.0,0.08640816695070933,409.57932521320134,34.695891977724884
16942.0,7.0,215.0,227.0,233.65,0.990445992850019,2.3450789795724503,259.1735246163128,595.8446206096687
16943.0,4.0,413.0,624.0,264.5275,0.9339920991300574,0.5681277513596632,297.7404175148309,165.82955488546116
16944.0,0.0,0.0,609.0,0.0,1.0,0.08666405887585936,409.57932521320134,34.79864446148442
16945.0,22.0,709.0,730.0,374.55500000000006,0.9960988820640294,2.5581419625776656,376.3492491768193,943.8266513763369
16946.0,4.0,264.0,647.0,140.675,0.6779420144069912,0.39903774866793207,202.24676691544647,79.11767371989832
16947.0,3.0,411.0,646.0,148.96,0.9283386346771593,0.4294624254757345,222.88410143459723,93.83881328020966
16948.0,6.0,518.0,656.0,126.31166666666667,0.9671226182386644,0.8040199492646112,173.12504926450947,136.45965860570104
16949.0,5.0,313.0,316.0,242.36999999999998,0.9896462126280717,1.32464432720281,274.46906770614675,356.4307881413637
16950.0,9.0,628.0,684.0,376.6411111111111,0.9887631871897303,1.14829002150279,380.48163216446585,428.31412772855344
16951.0,2.0,170.0,304.0,111.98,0.912117482519553,0.5907972073192831,222.8728404968449,129.0863053838932
16952.0,3.0,619.0,728.0,182.24666666666667,0.9704724159539441,0.4024778922434856,246.7290779231725,97.35089790923698
16953.0,0.0,0.0,30.0,0.0,1.0,,409.57932521320134,
16954.0,18.0,690.0,690.0,313.2638888888889,0.997392433785568,2.221000594840915,319.2265882021631,695.0636321931325
16955.0,5.0,493.0,677.0,199.804,0.9519536023917102,0.6533066293039047,240.07443562619366,153.75898273582646
16956.0,0.0,0.0,17.0,0.0,1.0,,409.57932521320134,
16957.0,1.0,42.0,281.0,301.8,0.6448842690938366,0.2771250415910191,360.3174283523899,97.89229162980189
16958.0,0.0,0.0,435.0,0.0,1.0,0.11674776096590979,409.57932521320134,46.87875445352894
16959.0,0.0,0.0,87.0,0.0,1.0,,409.57932521320134,
16960.0,7.0,609.0,647.0,228.49285714285716,0.9894848697322418,0.9583319498996201,254.76457119549397,239.34949665544718
16961.0,2.0,416.0,532.0,316.255,0.9513494226253153,0.380538807852162,351.02994279575114,130.9553175054719
16962.0,0.0,0.0,409.0,0.0,1.0,0.12313626602353894,409.57932521320134,49.44408496168795
16963.0,0.0,0.0,187.0,0.0,1.0,0.23125828446474567,409.57932521320134,92.86214790275992
16964.0,0.0,0.0,733.0,0.0,1.0,0.07322091541286385,409.57932521320134,29.400620285389717
16965.0,0.0,0.0,226.0,0.0,1.0,0.20033184782073374,409.57932521320134,80.44294343894944
16966.0,6.0,232.0,240.0,290.96166666666664,0.9902722043112432,1.9507099926664215,310.56465933053613,593.9219274455058
16967.0,0.0,0.0,189.0,0.0,1.0,0.22944136667845033,409.57932521320134,92.13251945767868
16968.0,1.0,103.0,107.0,186.12,0.926226333584551,0.8026225522883591,307.44442865986014,241.92323341005437
16969.0,2.0,152.0,191.0,126.52499999999999,0.9571031434913833,0.8946601568223796,231.99801515325217,203.48468910309586
16970.0,0.0,0.0,626.0,0.0,1.0,0.08453612015088521,409.57932521320134,33.94417879133687
16971.0,0.0,0.0,38.0,0.0,1.0,,409.57932521320134,
16972.0,1.0,74.0,456.0,493.45000000000005,0.5889470096489233,0.16799422950335302,447.9134725352508,73.76853123884695
16973.0,0.0,0.0,386.0,0.0,1.0,0.12940061206085476,409.57932521320134,51.95956751384303
16974.0,1.0,42.0,564.0,276.25,0.4020159905913121,0.09497165397738584,348.6394793366211,32.46022091840516
16975.0,2.0,82.0,505.0,305.56,0.4781355437552146,0.2003253703016654,344.32016328731004,67.62056528893264
16976.0,0.0,0.0,267.0,0.0,1.0,0.17564907227593266,409.57932521320134,70.53113976483758
16977.0,2.0,236.0,631.0,177.89999999999998,0.7876730347007269,0.27020476364747364,264.22942443293056,69.9927545796855
16978.0,1.0,589.0,666.0,344.33,0.9156856466469703,0.18612263133380225,379.7563000408693,69.29212345990764
16979.0,8.0,447.0,450.0,319.26125,0.9936705349858702,1.50547961706802,330.9383033065003,488.42897492589447
16980.0,2.0,173.0,428.0,539.48,0.8320096668220627,0.4031219109785047,491.0758082255558,194.07365019982583
16982.0,0.0,0.0,60.0,0.0,1.0,,409.57932521320134,
16983.0,10.0,434.0,446.0,354.06,0.9938545538879487,1.868582271523335,359.9548168788232,659.3858597265515
16984.0,8.0,554.0,642.0,1117.2275,0.9811348872529064,1.0821056641196702,1025.7370044405322,1088.1359918062215
16985.0,16.0,712.0,729.0,646.438125,0.9957821951459659,1.8822071144585706,630.0684066576881,1162.603786309726
16986.0,5.0,644.0,673.0,459.38,0.9875989295009128,0.6814481682272785,449.8197961671396,300.5030874639217
16987.0,9.0,734.0,737.0,264.2211111111111,0.9944827155840916,1.0784953366717156,281.16954917174337,297.2783781668246
16988.0,1.0,374.0,379.0,126.12,0.9276334094022006,0.3105374532684985,280.0206736326144,85.2488306557381
16989.0,5.0,143.0,150.0,55.10999999999999,0.9880506052553463,2.35000446275687,123.15725068570748,283.7384278983423
16990.0,1.0,204.0,422.0,179.0,0.8293237448294835,0.2530905429369608,304.19014306329365,75.47522091904169
16991.0,0.0,0.0,421.0,0.0,1.0,0.12010292449607271,409.57932521320134,48.22603306691412
16992.0,12.0,656.0,666.0,446.8016666666667,0.9952968782573481,1.5526673882269493,443.44890513017117,674.9927985866805
16993.0,1.0,113.0,576.0,1231.15,0.6064701727171171,0.14058801232744664,785.0885405952373,108.20508593881559
16996.0,7.0,387.0,417.0,246.13000000000002,0.9886917634148592,1.4156316063500927,269.84294763134704,374.4910374396377
16997.0,2.0,37.0,325.0,156.0,0.4824556209897012,0.2956301551683086,250.4899039808633,72.59771113399255
16998.0,3.0,295.0,444.0,98.33333333333333,0.9405003057765629,0.608077148561224,186.61757801095604,111.24791541488906
16999.0,1.0,51.0,74.0,238.99,0.9057806124052349,0.9727529574414435,331.60932746470155,316.25228403501444
17000.0,1.0,12.0,408.0,214.58,0.38050209151000136,0.1195607122645788,320.4524297944504,37.56087591488611
17001.0,17.0,624.0,624.0,356.68,0.9972357958038247,2.3032576930734106,360.13495228184036,813.1770755291208
17002.0,5.0,556.0,641.0,471.038,0.9796982144757538,0.7066833078230537,459.23981732929,318.1575015174538
17003.0,2.0,176.0,578.0,342.9,0.7161290150911159,0.26593425915383967,367.74635934576634,95.87428419418903
17004.0,3.0,378.0,424.0,618.51,0.9751917551684832,0.6563467231805611,559.2472711785542,359.84724474566394
17005.0,1.0,118.0,588.0,288.61,0.610236243532599,0.13886010383450215,354.2887728722337,48.22980057773004
17006.0,7.0,640.0,644.0,207.93,0.99277180151888,0.9655905198739677,237.18493808212372,224.52134842847758
17007.0,5.0,387.0,437.0,177.98600000000002,0.9821556719655349,0.996994873342182,222.4448231956055,217.41791968511052
17008.0,0.0,0.0,429.0,0.0,1.0,0.11816243941177733,409.57932521320134,47.44682363495717
17009.0,0.0,0.0,551.0,0.0,1.0,0.09480651352327918,409.57932521320134,38.06822611887558
17010.0,0.0,0.0,18.0,0.0,1.0,,409.57932521320134,
17011.0,2.0,621.0,651.0,169.58999999999997,0.9687942639788354,0.3230444261516194,259.0159351655023,82.02900633812212
17012.0,0.0,0.0,725.0,0.0,1.0,0.0739610493360486,409.57932521320134,29.697816031936803
17014.0,2.0,58.0,66.0,199.14,0.9670083937163142,1.775043425882037,277.5548771453465,483.01377285896797
17015.0,2.0,157.0,185.0,659.03,0.9619518251161069,0.9208678829320356,566.0785328851287,511.05040602137245
17016.0,0.0,0.0,576.0,0.0,1.0,0.09111643914225026,409.57932521320134,36.58648430335521
17017.0,21.0,734.0,736.0,658.7195238095237,0.9976471195441112,2.430617030663389,645.3811766285689,1537.83360129222
17018.0,5.0,694.0,734.0,387.21999999999997,0.9867916465343525,0.6288391047203674,391.5123054259514,241.35820837065634
17019.0,9.0,726.0,737.0,421.70444444444445,0.993921001930409,1.077886170170832,420.290683044458,444.1190777653535
17020.0,1.0,104.0,646.0,618.76,0.5432115710484927,0.11352059108670183,505.18798490965344,56.22216524872325
17021.0,5.0,147.0,589.0,176.098,0.13936152922412512,0.10853141597103377,220.91926135359657,23.505381871432
17022.0,1.0,401.0,432.0,71.0,0.9214841381567457,0.27555253302880306,254.8273840142513,68.83885366369019
17023.0,2.0,280.0,697.0,328.91499999999996,0.807695694505305,0.25305245244605806,358.9725148926996,89.05330887843735
17024.0,2.0,112.0,157.0,32.3,0.9497317244168146,1.024426308291223,172.88357156439187,173.63050868765643
17025.0,3.0,581.0,641.0,220.64666666666668,0.976080825706279,0.4547506610956762,274.237001931623,122.25811035991629
17026.0,2.0,232.0,417.0,93.99,0.9050436356689708,0.4485326182296966,211.58635771453027,93.03867801356438
17027.0,7.0,651.0,729.0,169.60857142857142,0.9848041168713617,0.8551528418548884,204.42311661024954,171.37627053858577
17028.0,2.0,140.0,721.0,642.96,0.48881844585094253,0.1484672435320314,555.9966107999816,80.92466490620046
17029.0,6.0,553.0,663.0,311.05,0.976034284664554,0.8036144781220802,327.33315432118115,257.8785621570495
17030.0,0.0,0.0,63.0,0.0,1.0,,409.57932521320134,
17031.0,5.0,570.0,581.0,183.37,0.9890943305038888,0.7798382080966273,226.79526014336818,173.38711486518008
17032.0,4.0,182.0,729.0,540.0375,0.24717729328459756,0.13044476302435454,510.1661309775095,65.24024642175213
17033.0,3.0,311.0,397.0,343.37999999999994,0.9636220231710181,0.6865452349392775,362.1572937711324,243.7518252412895
17034.0,4.0,497.0,513.0,271.4925,0.9856377493356978,0.714885956351849,303.110622205287,212.43067121088498
17035.0,3.0,491.0,736.0,186.33,0.9367435643493507,0.3846054317791536,249.6541826896961,94.130810796209
17036.0,0.0,0.0,383.0,0.0,1.0,0.1302650446336998,409.57932521320134,52.30668582096297
17037.0,0.0,0.0,87.0,0.0,1.0,,409.57932521320134,
17038.0,1.0,385.0,415.0,112.4,0.9214661029700744,0.2853150517404612,273.7497749830509,76.57058159410485
17039.0,0.0,0.0,604.0,0.0,1.0,0.08731047177265429,409.57932521320134,35.05820930996664
17040.0,1.0,413.0,550.0,449.73,0.8957805891402261,0.21643792647782817,427.93069637206435,90.80042988163278
17041.0,4.0,574.0,600.0,366.4675,0.9848363687912247,0.6207084108246514,376.3389338314272,229.00509201648862
17042.0,4.0,245.0,247.0,192.79250000000002,0.9870006335630679,1.3284565550929601,242.43077882568986,315.7331041230368
17043.0,7.0,698.0,730.0,319.4557142857143,0.9905321644114379,0.8590433095286116,332.5306931116213,280.04236069611227
17044.0,10.0,707.0,732.0,1097.182,0.993305620018379,1.196338358973591,1024.1751354948572,1201.171473717629
17045.0,4.0,316.0,429.0,116.76,0.9586229876372578,0.8137770537286598,183.80765059495008,146.63900969612965
17046.0,3.0,463.0,620.0,515.5433333333334,0.9560219830392286,0.4590782210320715,485.48687424964476,218.49558290893762
17047.0,4.0,646.0,731.0,491.64500000000004,0.9788036704400365,0.5152520681733515,472.85419551693576,238.84947900179702
17048.0,6.0,573.0,690.0,309.69166666666666,0.9753143372010018,0.7742619151670128,326.1993018846611,247.59861881159532
17049.0,15.0,643.0,645.0,621.796,0.9967163382976724,1.9806877315758218,606.2233143121307,1177.1338420328204
17050.0,10.0,586.0,682.0,439.025,0.9795400290822631,1.2588536060682312,435.89857762229633,537.9448576866621
17051.0,3.0,434.0,628.0,182.24666666666667,0.944219770517314,0.44816978846315697,246.7290779231725,108.40300404297227
17052.0,0.0,0.0,28.0,0.0,1.0,,409.57932521320134,
17053.0,0.0,0.0,130.0,0.0,1.0,0.2987155319967784,409.57932521320134,119.95163179540306
17054.0,4.0,217.0,245.0,260.565,0.9804449194485558,1.3281807808629666,294.6852220968937,383.707802730124
17055.0,0.0,0.0,445.0,0.0,1.0,0.11446381610191417,409.57932521320134,45.96162917394773
17056.0,0.0,0.0,738.0,0.0,1.0,0.07276580952758933,409.57932521320134,29.217875679057347
17057.0,0.0,0.0,596.0,0.0,1.0,0.08836504081056883,409.57932521320134,35.48166805317919
17058.0,2.0,158.0,239.0,298.58500000000004,0.9380534665501169,0.737924260407606,339.94422012963116,245.92711602556943
17059.0,8.0,653.0,682.0,646.52875,0.9915321784514709,1.034922155322133,615.8940065375351,624.8716856485009
17060.0,0.0,0.0,266.0,0.0,1.0,0.1761784089768162,409.57932521320134,70.74370308628293
17061.0,8.0,159.0,232.0,411.685,0.9330848777125383,2.456002598015426,411.41276128506325,990.5836212340103
17062.0,5.0,126.0,439.0,202.51000000000002,0.28106730896308385,0.28417911129722817,242.26096652898823,67.49252468725936
17063.0,9.0,717.0,738.0,373.32444444444445,0.9931309896108508,1.0756861780733127,377.55168130821966,398.14270026359515
17064.0,2.0,269.0,327.0,355.75,0.9577550807058546,0.5838741234133887,375.8081327617054,215.11431782505326
17065.0,0.0,0.0,637.0,0.0,1.0,0.08321405308457124,409.57932521320134,33.41330836528442
17066.0,0.0,0.0,726.0,0.0,1.0,0.07386771509010787,409.57932521320134,29.660338292199476
17067.0,1.0,7.0,731.0,227.72,0.1873630494926989,0.03497253257650317,326.4582321454172,11.192672311947332
17068.0,46.0,609.0,621.0,193.6441304347826,0.9976974013483141,6.11762212969333,199.07997499374557,1193.9534393186702
17069.0,11.0,708.0,736.0,481.2481818181819,0.9934610854483935,1.3023484456281897,474.2630234247641,605.5125580548699
17070.0,1.0,296.0,410.0,312.14,0.8921683877467833,0.27915413043011317,365.043455468752,99.90155044937003
17071.0,11.0,656.0,684.0,317.5627272727273,0.9932660143797106,1.3926395871580495,326.53106501223266,445.8002102307586
17072.0,0.0,0.0,625.0,0.0,1.0,0.0846583949931315,409.57932521320134,33.993277757494
17073.0,3.0,92.0,109.0,330.76666666666665,0.9747096161921917,1.8520623315817617,353.12170484335667,641.1716626273001
17074.0,0.0,0.0,562.0,0.0,1.0,0.09314668577912605,409.57932521320134,37.401725284339705
17075.0,9.0,708.0,725.0,228.2255555555556,0.9934376622204074,1.0937516173242754,249.37099374830908,267.387736901534
17076.0,5.0,699.0,735.0,235.01399999999998,0.987179115629431,0.6282986273395671,268.52519434289593,165.3972406572455
17077.0,0.0,0.0,578.0,0.0,1.0,0.09083360950195356,409.57932521320134,36.47291477413569
17078.0,0.0,0.0,36.0,0.0,1.0,,409.57932521320134,
17079.0,0.0,0.0,78.0,0.0,1.0,,409.57932521320134,
17080.0,6.0,504.0,526.0,112.41333333333334,0.9895224220062697,1.0039450712289384,161.5235824324354,158.97346932106112
17081.0,5.0,630.0,655.0,170.302,0.9879245347677377,0.6987400267773349,216.23591578353106,148.1225354865531
17082.0,4.0,691.0,724.0,955.9575,0.9846390738203634,0.5229282023991269,830.8517784799495,425.9346525728412
17083.0,8.0,559.0,668.0,437.61125,0.9760490558801194,1.0382507137844794,433.9870554049915,441.7293936282753
17084.0,1.0,361.0,396.0,2949.75,0.9197102898834959,0.2965197794159607,1570.596297092313,456.5645273012773
17085.0,24.0,610.0,733.0,321.15875,0.8904131750320691,2.4792875318140055,325.3287470671058,790.7256812247588
17086.0,5.0,56.0,63.0,327.52200000000005,0.9863274846273963,3.960243581809964,343.27449247878616,1332.7907675573185
17087.0,0.0,0.0,737.0,0.0,1.0,0.07285637740844916,409.57932521320134,29.254242578206643
17088.0,3.0,225.0,253.0,325.06,0.9757433921591148,1.0110518528616181,349.0337216921008,345.9602346147351
17089.0,0.0,0.0,386.0,0.0,1.0,0.12940061206085476,409.57932521320134,51.95956751384303
17090.0,11.0,504.0,508.0,235.33818181818185,0.9953100462191496,1.8250816520325324,252.32048128436094,451.4538736891456
17091.0,16.0,721.0,723.0,470.9125,0.99693187039671,1.8987513807972993,466.6736589807793,868.6764464982297
17092.0,9.0,625.0,675.0,589.7444444444444,0.9895678366113516,1.163224207511781,568.7376001952948,648.5635674988775
17093.0,0.0,0.0,592.0,0.0,1.0,0.0889019406766092,409.57932521320134,35.69725853908771
17094.0,1.0,101.0,423.0,302.0,0.683058283590827,0.20802614126367686,360.4088408691474,73.50157846190045
17095.0,6.0,702.0,724.0,378.39166666666665,0.9901739834643761,0.7521375145812969,383.54580180288787,282.80790510876875
17096.0,10.0,540.0,555.0,312.32800000000003,0.9938085977341169,1.5393294510850493,322.6537514595726,486.9074596262134
17097.0,7.0,428.0,430.0,161.3057142857143,0.9928595721250765,1.3841708129643115,197.3248237344049,267.7634601475969
17098.0,2.0,159.0,540.0,145.8,0.7090911170828519,0.2798804506922382,244.09067527716073,66.97360433278872
17099.0,0.0,0.0,533.0,0.0,1.0,0.09765409358219727,409.57932521320134,39.21166826824893
17100.0,0.0,0.0,18.0,0.0,1.0,,409.57932521320134,
17101.0,6.0,540.0,550.0,389.77500000000003,0.9909158876587497,0.9660515222077846,393.0479025899206,372.241057760297
17102.0,0.0,0.0,261.0,0.0,1.0,0.1788737502528713,409.57932521320134,71.82605977936896
17103.0,0.0,0.0,722.0,0.0,1.0,0.07424247307630237,409.57932521320134,29.81081985843946
17104.0,0.0,0.0,423.0,0.0,1.0,0.11961184824549,409.57932521320134,48.0288393852403
17105.0,1.0,147.0,306.0,346.38,0.8368343273656428,0.3353409439855227,380.6932783376335,125.15503264522751
17106.0,0.0,0.0,389.0,0.0,1.0,0.1285475859090617,409.57932521320134,51.61702968261905
17107.0,8.0,644.0,677.0,1807.6287499999999,0.9910906729634886,1.041443161361924,1626.8775812021586,1660.9924817675783
17108.0,0.0,0.0,663.0,0.0,1.0,0.08024774663070125,409.57932521320134,32.22220214572288
17109.0,5.0,468.0,497.0,222.154,0.9866640558967493,0.8944250841728799,258.1339203554835,226.34365027223208
17110.0,2.0,445.0,610.0,156.8,0.9427972305681354,0.33349160479577505,250.9918042713498,82.05849792936735
17111.0,1.0,378.0,425.0,248.61,0.916987074374605,0.27812851025980356,336.0062695207366,91.61702060071804
17112.0,0.0,0.0,502.0,0.0,1.0,0.10298135738283938,409.57932521320134,41.35082936430281
17113.0,4.0,123.0,697.0,451.7425,0.09878570635113984,0.054325093037519055,442.0882812799043,23.544367589192547
17114.0,7.0,329.0,334.0,95.19714285714285,0.9923753164994065,1.7174218113010558,140.80717040980286,237.07373605019404
17115.0,6.0,726.0,734.0,387.89000000000004,0.9912898760957124,0.7435480272304209,391.4744214786272,285.35757957774507
17116.0,0.0,0.0,648.0,0.0,1.0,0.0819327163584757,409.57932521320134,32.89879344369523
17117.0,0.0,0.0,288.0,0.0,1.0,0.1652250153016189,409.57932521320134,66.34520955031968
17118.0,0.0,0.0,317.0,0.0,1.0,0.15271185866940895,409.57932521320134,61.32039888628673
17119.0,1.0,56.0,59.0,59.66,0.9260939238437432,1.1160906979425826,249.64429431410184,273.1670247517091
17120.0,0.0,0.0,233.0,0.0,1.0,0.19563734875370603,409.57932521320134,78.55777619585332
17121.0,0.0,0.0,402.0,0.0,1.0,0.1249775885433314,409.57932521320134,50.18347725377235
17122.0,3.0,380.0,499.0,156.16,0.9594495744489744,0.5597313563117736,228.04183718618168,125.13361922641738
17123.0,2.0,411.0,572.0,379.905,0.9411717384142944,0.35279967517665495,390.9623846575814,135.22054545811176
17124.0,0.0,0.0,185.0,0.0,1.0,0.23310427008976087,409.57932521320134,93.60344979912743
17125.0,0.0,0.0,50.0,0.0,1.0,,409.57932521320134,
17126.0,6.0,313.0,465.0,298.065,0.9267047251529642,1.0486644939792484,316.4940815200432,325.3731251547337
17127.0,4.0,307.0,735.0,254.27000000000004,0.6849695381421245,0.358769737631716,289.8316056537608,101.9386379997896
17128.0,0.0,0.0,334.0,0.0,1.0,0.14622113667739642,409.57932521320134,58.71398251178025
17129.0,0.0,0.0,520.0,0.0,1.0,0.09981947982975714,409.57932521320134,40.08117763483126
17131.0,3.0,70.0,75.0,557.8000000000001,0.9801335740961032,2.3195033118024173,515.7575298620691,1172.8406844185554
17132.0,1.0,36.0,488.0,596.63,0.4300369168496872,0.11556252219520659,495.0731899304377,56.08781048592529
17133.0,10.0,613.0,628.0,1200.871,0.993978918174509,1.377123808227431,1116.8548578244047,1507.8120394937068
17134.0,2.0,336.0,442.0,212.5,0.9489786521111471,0.44707825712467986,285.9366119964707,125.32412896909867
17135.0,7.0,563.0,579.0,254.35142857142858,0.9916118839905821,1.0619838515071531,276.87162545317875,288.2534186714573
17136.0,0.0,0.0,662.0,0.0,1.0,0.08035791808519999,409.57932521320134,32.26644092940015
17137.0,4.0,261.0,677.0,183.3275,0.6244504503911424,0.3526718052580503,235.13300604820716,81.29466313512155
17138.0,6.0,398.0,673.0,448.115,0.8433429468344081,0.6849405415728137,441.74651693095916,296.6220440934795
17139.0,17.0,682.0,697.0,1117.0270588235294,0.996072327395899,2.07980197771294,1070.8223454048064,2183.314077752151
17140.0,0.0,0.0,247.0,0.0,1.0,0.18687979868353125,409.57932521320134,75.0410223473809
17141.0,1.0,266.0,684.0,347.89,0.7707490533590786,0.1528963466327008,381.3834428391525,57.16608640521593
17142.0,3.0,445.0,684.0,352.75,0.9323948471123642,0.4094289801724259,368.8695137700695,148.0571106133795
17143.0,1.0,98.0,515.0,262.6,0.6107052799666288,0.15646819053338068,342.4005750679227,52.52211035461714
17144.0,1.0,83.0,84.0,388.68,0.9281330130237648,0.9293347929054893,400.02702563184175,364.4720995820471
17145.0,2.0,146.0,658.0,1111.94,0.5635033452314948,0.18607915136936123,850.2231085904162,155.09909802914456
17146.0,12.0,570.0,675.0,403.05333333333334,0.9730018896127538,1.4993952419319003,403.64115488640937,593.3195054274111
17147.0,8.0,675.0,697.0,368.79375,0.9922517139740592,1.015254449851186,374.06683996318395,372.30699212563627
17148.0,0.0,0.0,51.0,0.0,1.0,,409.57932521320134,
17149.0,0.0,0.0,451.0,0.0,1.0,0.11313587330208262,409.57932521320134,45.42839007924298
17150.0,5.0,357.0,733.0,247.28000000000003,0.7279145812186187,0.4644501441592784,278.4364981321339,126.77755958852279
17151.0,0.0,0.0,735.0,0.0,1.0,0.07303819141664716,409.57932521320134,29.327248727905335
17152.0,2.0,231.0,425.0,844.75,0.9003925868509227,0.4389299549599476,682.5946853215642,293.7242534747177
17153.0,0.0,0.0,24.0,0.0,1.0,,409.57932521320134,
17154.0,0.0,0.0,75.0,0.0,1.0,,409.57932521320134,
17155.0,6.0,719.0,736.0,124.89999999999999,0.9906079900763287,0.7411787298584355,171.94667746851871,124.9377611075032
17156.0,0.0,0.0,491.0,0.0,1.0,0.10501423129926588,409.57932521320134,42.16713097572432
17157.0,17.0,728.0,735.0,283.5141176470588,0.996771377688362,1.9822438904173736,291.7476683546703,566.9451567525641
17158.0,4.0,610.0,642.0,420.375,0.984381491076233,0.5835120156169474,417.90308449198164,239.05804419190355
17159.0,4.0,624.0,645.0,459.57250000000005,0.9855101012504881,0.5817091429962209,448.1254245284716,255.55444014573584
17160.0,16.0,704.0,735.0,586.45125,0.9943209645987857,1.8653269534424861,574.2273275870323,1050.063120032638
17161.0,0.0,0.0,444.0,0.0,1.0,0.11468817868508084,409.57932521320134,46.05172262703864
17162.0,5.0,277.0,305.0,258.21,0.9845751138886595,1.357167160016399,287.2682729907978,382.2115568251821
17163.0,3.0,654.0,675.0,186.17999999999998,0.980718055807949,0.4358923864258797,249.54672986153807,106.63730618125993
17164.0,4.0,241.0,273.0,460.055,0.9800161138488553,1.2172214249216304,448.49744516926773,535.1969895509903
17165.0,5.0,444.0,728.0,283.73199999999997,0.889585334627142,0.571188723138077,307.8908308995645,172.4064604413408
17166.0,1.0,165.0,203.0,78.75,0.9100240432340813,0.505164445313707,258.3696190386039,127.95742616024137
17167.0,2.0,66.0,445.0,304.71000000000004,0.4740791729751413,0.22203000797565586,343.7868942286682,74.83113242477884
17168.0,0.0,0.0,498.0,0.0,1.0,0.1037114081012959,409.57932521320134,41.6439815123831
17169.0,2.0,521.0,578.0,417.89,0.9644996240998399,0.35816659789509164,414.79323782524244,145.64521223879342
17170.0,1.0,15.0,389.0,106.2,0.4125583650725324,0.13506408473209425,270.9159869635688,35.8722494866045
17171.0,1.0,372.0,661.0,224.91,0.8490093929934796,0.1737589801463367,325.1738862849745,55.39144202680767
17172.0,2.0,648.0,726.0,309.875,0.9634925047323102,0.2907870350426192,347.0272879791215,98.92743456048802
17173.0,6.0,126.0,131.0,550.6366666666667,0.990309580076716,3.043637523473547,527.3252469035424,1573.4828790243887
17174.0,0.0,0.0,217.0,0.0,1.0,0.2067098370520484,409.57932521320134,83.00415496638982
17175.0,3.0,252.0,296.0,308.2033333333333,0.9722267544677238,0.8870391178709962,336.95841164776624,293.02386638888174
17176.0,2.0,476.0,677.0,307.99,0.9374751555897812,0.3016368815282242,345.8446854196627,102.26900493275998
17177.0,0.0,0.0,505.0,0.0,1.0,0.1024405326151037,409.57932521320134,41.13366104915589
17178.0,0.0,0.0,731.0,0.0,1.0,0.07340455624802243,409.57932521320134,29.474360001722538
17179.0,5.0,384.0,562.0,262.81800000000004,0.9373977869889283,0.7615143405500667,290.9916781645145,217.23869350786953
17180.0,9.0,631.0,687.0,231.48000000000002,0.988798012806172,1.1437420600947357,252.24597735231077,282.83257878150886
17181.0,2.0,538.0,595.0,197.72000000000003,0.9647284452069936,0.3490135284547917,276.66400412973303,94.66167719539968
17182.0,1.0,296.0,718.0,142.8,0.7830517238654143,0.1485892557103899,287.64447753018874,41.90083184255447
17183.0,5.0,98.0,105.0,603.528,0.9874157757347192,2.975672741482451,566.2957963800109,1652.044516944185
17184.0,1.0,161.0,730.0,147.86,0.6168377617374909,0.11528165903215919,289.9572142041531,32.76975741437988
17185.0,1.0,7.0,598.0,105.71000000000001,0.23792585371119404,0.05332335222715252,270.69202629751294,14.15055169973925
17186.0,1.0,14.0,60.0,72.0,0.856438591088365,1.0238024849292238,255.28444659803873,256.24032441908673
17187.0,1.0,300.0,526.0,203.95,0.8542725976985784,0.21479600231613702,315.59385452878996,66.45630395132066
17188.0,11.0,720.0,731.0,387.7190909090909,0.9949178120107249,1.3124632365603122,389.8496843964833,501.60407681680925
17189.0,4.0,631.0,737.0,181.79250000000002,0.9758211950090672,0.5098343309412531,233.94947924277284,116.93066691719358
17190.0,4.0,586.0,644.0,334.405,0.9813145598083867,0.5800508083010535,351.61787311531117,199.9470238058097
17191.0,11.0,710.0,738.0,415.8463636363636,0.9934679672418893,1.2991088096786931,415.2355508214654,528.8307958211828
17192.0,0.0,0.0,536.0,0.0,1.0,0.09716767101149867,409.57932521320134,39.01634576873905
17193.0,6.0,702.0,737.0,377.50666666666666,0.9890532726416056,0.739091499730131,382.8070586816705,277.3672122605131
17194.0,2.0,257.0,530.0,131.31,0.870947736722332,0.34955073847497764,235.0000062657244,80.53008271311455
17195.0,0.0,0.0,655.0,0.0,1.0,0.0811376738164688,409.57932521320134,32.57954793814805
17196.0,0.0,0.0,427.0,0.0,1.0,0.11864165407167353,409.57932521320134,47.63925409294552
17197.0,0.0,0.0,29.0,0.0,1.0,,409.57932521320134,
17198.0,2.0,348.0,371.0,334.93,0.9678499932369791,0.5303634672165469,362.74617770179486,188.60762622166644
17199.0,0.0,0.0,582.0,0.0,1.0,0.09027318755749748,409.57932521320134,36.24787881143928
17200.0,1.0,265.0,652.0,191.65,0.7824324132104842,0.16214417147192536,309.9719847482046,49.27239038368873
17201.0,3.0,614.0,667.0,253.74,0.9772242832720024,0.43909222430301187,297.94348366390574,128.25305017822976
17202.0,0.0,0.0,420.0,0.0,1.0,0.12034997896596522,409.57932521320134,48.325238822132945
17203.0,3.0,353.0,388.0,1187.95,0.9767720416187634,0.7097713282558905,967.1668609538685,672.9790107599412
17204.0,6.0,372.0,547.0,867.56,0.927394365462105,0.9085642333855632,791.8731931784208,705.3258655963746
17205.0,2.0,511.0,564.0,362.2,0.9649342943544451,0.3663129843084741,379.8547038537526,136.41101702170792
17206.0,0.0,0.0,53.0,0.0,1.0,,409.57932521320134,
17207.0,0.0,0.0,652.0,0.0,1.0,0.08147650840492852,409.57932521320134,32.71560531699992
17208.0,0.0,0.0,395.0,0.0,1.0,0.1268748609235835,409.57932521320134,50.94533725901454
17209.0,2.0,87.0,736.0,145.6,0.28841247243155815,0.08595674521270096,243.9652002045391,20.558236109441435
17210.0,0.0,0.0,392.0,0.0,1.0,0.12770574172850505,409.57932521320134,51.2789821923284
17211.0,12.0,700.0,726.0,304.99333333333334,0.9939717440383667,1.4327974979906035,314.4138017170708,441.6346494748353
17212.0,2.0,233.0,486.0,172.945,0.8706433406534976,0.3773714289001339,261.12077950873,96.60311135077941
17213.0,11.0,684.0,724.0,443.41818181818184,0.9920842674213434,1.3203542935667771,440.12009971620625,569.6898099432741
17214.0,5.0,299.0,359.0,179.61399999999998,0.9766964507855115,1.1743496902537618,223.76029707208346,257.60956705227215
17215.0,0.0,0.0,464.0,0.0,1.0,0.11036183968193386,409.57932521320134,44.314470501606884
17216.0,0.0,0.0,554.0,0.0,1.0,0.0943479922049336,409.57932521320134,37.88410764584857
17217.0,1.0,385.0,619.0,113.5,0.8669699052757305,0.18833486416455783,274.252543825217,50.63625770870525
17218.0,17.0,679.0,683.0,223.82,0.9969609660576183,2.1206857343384033,235.95228338796113,490.5433523929273
17219.0,1.0,385.0,416.0,114.23,0.9212154248206288,0.2846438737597157,274.58619951138184,76.623858327658
17220.0,13.0,664.0,688.0,318.20384615384614,0.9943385911677992,1.6248300435142318,325.85428122282315,519.0489452054193
17221.0,3.0,600.0,607.0,192.14333333333335,0.9819478660739932,0.48066195138427187,253.81857674097543,119.60291179170832
17222.0,5.0,633.0,698.0,282.152,0.9836917863926321,0.6564815512904326,306.614142493646,197.32952488357674
17223.0,2.0,65.0,375.0,359.81499999999994,0.5669605056661725,0.30785368894375553,378.35841361273975,114.19063021312321
17224.0,0.0,0.0,501.0,0.0,1.0,0.10316290425361117,409.57932521320134,41.42372956892753
17225.0,0.0,0.0,581.0,0.0,1.0,0.09041264343769648,409.57932521320134,36.303876947522745
17226.0,2.0,357.0,665.0,237.245,0.8897308030019577,0.29098538425111237,301.46101535658056,85.99652864105143
17227.0,11.0,675.0,693.0,164.90272727272728,0.9942824467264537,1.3774856357331347,188.74997240455525,254.88891133987687
17228.0,12.0,622.0,637.0,254.09833333333333,0.994807410969254,1.6161279831695277,268.10311295964175,424.77108239545464
17229.0,1.0,46.0,142.0,161.05,0.8202098879245262,0.5900143748074937,295.9858696843093,171.2101158774355
17230.0,13.0,467.0,731.0,740.0576923076923,0.5209125214788587,0.8051586505803919,712.3883075319842,562.3088420408139
17231.0,21.0,720.0,732.0,329.1280952380952,0.9969031623985559,2.4410139912565074,333.4352541895156,797.9181115014457
17232.0,1.0,12.0,14.0,213.48,0.925912194311678,1.7636440053125668,319.9496609522842,553.2378342612994
17233.0,2.0,689.0,724.0,190.75,0.9685881569732367,0.293066581622256,272.2911978488696,78.23084079689482
17234.0,0.0,0.0,182.0,0.0,1.0,0.23592929797809015,409.57932521320134,94.73791175419336
17235.0,7.0,528.0,553.0,255.3642857142857,0.99051337977265,1.1055221894094651,277.73753901976056,301.0096409553721
17236.0,11.0,630.0,642.0,154.31545454545454,0.9947241897834385,1.4776813786729768,179.1945813125921,259.5870395294046
17237.0,3.0,370.0,381.0,139.99333333333334,0.9809757915645005,0.724039515648255,216.46081015137398,153.64674046818303
17238.0,28.0,736.0,738.0,269.0,0.9982120184744695,3.210356050375826,274.7212765579843,864.6133755421681
17239.0,3.0,214.0,526.0,293.6666666666667,0.7810008941767822,0.4347775620268463,326.5450386789422,139.18412473849892
17240.0,0.0,0.0,596.0,0.0,1.0,0.08836504081056883,409.57932521320134,35.48166805317919
17241.0,10.0,277.0,662.0,220.234,0.06031172219374881,0.07964535564412557,240.33791903552236,18.765492850028537
17242.0,4.0,576.0,684.0,612.005,0.9742286384751011,0.5450674805993794,565.6550334987439,302.25923123624773
17243.0,65.0,737.0,738.0,313.1378461538461,0.9992273044345857,7.364109964305247,314.86869628523255,2273.13963954323
17244.0,2.0,680.0,733.0,782.6949999999999,0.9666408554161864,0.28917590557418915,643.6629071638913,182.47300099684438
17245.0,1.0,485.0,689.0,171.45,0.8855738152980208,0.17450915909374387,300.73932055569855,51.45029974581402
17246.0,1.0,192.0,738.0,15.44,0.6625489226946967,0.12259063879692846,229.43298685902172,27.57351848870384
17247.0,0.0,0.0,15.0,0.0,1.0,,409.57932521320134,
17248.0,1.0,361.0,481.0,318.65,0.8963439704815961,0.2439621405987201,368.01893288920814,88.01866661353311
17249.0,0.0,0.0,428.0,0.0,1.0,0.11840156150632994,409.57932521320134,47.54284400951994
17250.0,1.0,258.0,261.0,221.87,0.9278624828440337,0.42323670491610454,323.78441603026073,134.3468696860772
17251.0,2.0,362.0,724.0,253.015,0.8713052505227269,0.2636316059429938,311.35472483279517,80.46944992074724
17252.0,1.0,70.0,186.0,11.9,0.8215713500835248,0.4870455601403711,227.81498531241422,108.77879471963055
17253.0,0.0,0.0,18.0,0.0,1.0,,409.57932521320134,
17254.0,2.0,397.0,401.0,136.22,0.9714303991432508,0.4979929075944731,238.08041929858516,116.23287759384264
17255.0,3.0,406.0,446.0,139.32666666666668,0.9766858904502377,0.6289965229281377,215.9832420262273,133.1830383447527
17256.0,3.0,493.0,600.0,115.09999999999998,0.9674149864451835,0.47853971975904785,198.62841635839578,93.18329061279573
17257.0,0.0,0.0,436.0,0.0,1.0,0.11651527025927619,409.57932521320134,46.78539702245427
17258.0,1.0,269.0,665.0,133.45000000000002,0.7807752098849408,0.15891816942278383,283.37094237177627,44.147750333215285
17259.0,4.0,507.0,655.0,394.8675,0.9638858173804361,0.5610320786597233,398.2361073000493,219.03131067170204
17260.0,0.0,0.0,411.0,0.0,1.0,0.12262010525470475,409.57932521320134,49.23681814839139
17261.0,0.0,0.0,509.0,0.0,1.0,0.10172821260698295,409.57932521320134,40.84762888232076
17262.0,8.0,672.0,724.0,323.515,0.9891717007163296,0.9774169119976476,334.64209400560424,320.65448636212153
17263.0,0.0,0.0,208.0,0.0,1.0,0.2135080914893683,409.57932521320134,85.7341401899022
17264.0,0.0,0.0,424.0,0.0,1.0,0.11936781407287603,409.57932521320134,47.930846482451635
17265.0,1.0,42.0,180.0,178.81,0.7636791664144348,0.4638485569457866,304.103301172374,138.28979252587698
17266.0,4.0,638.0,640.0,100.2625,0.9872163784737584,0.5868549509937172,171.08762878866162,98.42997596452801
17267.0,0.0,0.0,127.0,0.0,1.0,0.30337670364030694,409.57932521320134,121.823488939438
17268.0,10.0,624.0,731.0,157.81900000000002,0.9780382623195725,1.1794324167035133,184.54989070851852,213.38486495183102
17269.0,0.0,0.0,385.0,0.0,1.0,0.12968747761535562,409.57932521320134,52.07476015411073
17270.0,1.0,263.0,732.0,214.78,0.7492086166413793,0.13966913987559015,320.54384231120787,43.890140342849975
17271.0,0.0,0.0,736.0,0.0,1.0,0.07294717108955824,409.57932521320134,29.290700147951892
17272.0,3.0,220.0,262.0,496.98333333333335,0.9714558392765221,0.9788076882679029,472.1913776455603,453.10667472367885
17273.0,0.0,0.0,424.0,0.0,1.0,0.11936781407287603,409.57932521320134,47.930846482451635
17274.0,1.0,360.0,395.0,111.97999999999999,0.9196881864075693,0.2971578967244906,273.55780869786014,79.69303090130016
17275.0,0.0,0.0,383.0,0.0,1.0,0.1302650446336998,409.57932521320134,52.30668582096297
17276.0,0.0,0.0,402.0,0.0,1.0,0.1249775885433314,409.57932521320134,50.18347725377235
17277.0,1.0,95.0,322.0,348.33000000000004,0.7486713784535975,0.2875904932437576,381.584550376019,107.58489385043674
17278.0,1.0,324.0,565.0,246.04000000000002,0.8542712868194964,0.20149125363051593,334.8316186804029,66.13990292465022
17279.0,0.0,0.0,57.0,0.0,1.0,,409.57932521320134,
17280.0,0.0,0.0,438.0,0.0,1.0,0.11605305762508879,409.57932521320134,46.599794008507416
17281.0,5.0,299.0,673.0,137.07,0.6422394044630776,0.44314838003713924,189.38344166613683,82.27515635858329
17282.0,4.0,418.0,548.0,495.815,0.9624838983943023,0.6581658431289618,476.0693790860961,307.1740187897347
17283.0,0.0,0.0,378.0,0.0,1.0,0.13173174207013302,409.57932521320134,52.895647714865916
17284.0,7.0,385.0,445.0,366.24285714285713,0.982045052080655,1.3287292793592689,372.5300375673659,485.2633334970272
17285.0,1.0,35.0,663.0,215.44,0.31975699105385225,0.06526187671625516,320.8455036165076,20.527461496776617
17286.0,1.0,379.0,400.0,153.92,0.9236417516753932,0.29522314740521755,292.7270134619049,84.72216430659634
17287.0,17.0,710.0,736.0,227.16176470588235,0.99504972048055,1.976345728201003,239.07579129095555,463.2069672230494
17288.0,8.0,385.0,394.0,282.4225,0.9928573089738236,1.6882783612738237,298.8623656946009,494.6473287465226
17289.0,8.0,610.0,641.0,253.95,0.9911351262962027,1.0946860038745578,274.071021426546,294.1238035038654
17290.0,6.0,723.0,726.0,240.83166666666668,0.9916436946867121,0.7513466868765378,268.7192438880222,197.93208165233506
17291.0,0.0,0.0,308.0,0.0,1.0,0.1563873025028789,409.57932521320134,62.796315002908784
17292.0,1.0,107.0,579.0,130.39999999999998,0.5907495174621199,0.13630547768248052,281.97690149122457,37.67970977970811
17293.0,15.0,728.0,736.0,243.91466666666668,0.9963235035122938,1.754617410209655,256.0713158071039,440.473679058147
17294.0,0.0,0.0,669.0,0.0,1.0,0.07959301232374305,409.57932521320134,31.959296997816736
17295.0,1.0,36.0,64.0,277.59,0.8960201017887585,1.0375778075318034,349.25194319889624,355.2758371422757
17296.0,0.0,0.0,730.0,0.0,1.0,0.07349672263995158,409.57932521320134,29.51136878672702
17297.0,0.0,0.0,17.0,0.0,1.0,,409.57932521320134,
17298.0,4.0,540.0,641.0,208.885,0.9743781744703783,0.5784016230463788,254.83853460187999,144.50157893923932
17299.0,5.0,470.0,481.0,157.672,0.9888966914224272,0.9227729376801899,206.0304888425498,186.38279387289248
17300.0,1.0,91.0,481.0,237.84,0.6169431542147058,0.16791631057559084,331.083705493346,54.50205513987207
17301.0,1.0,603.0,624.0,197.63,0.9254206519923709,0.19957277630384604,312.7052189992535,61.18100187166753
17302.0,4.0,291.0,305.0,238.195,0.9849166606604517,1.1171661599791194,277.4373428541798,303.854609565975
17303.0,0.0,0.0,361.0,0.0,1.0,0.13697563540739524,409.57932521320134,55.00137089825922
17304.0,0.0,0.0,534.0,0.0,1.0,0.09749141223061238,409.57932521320134,39.1463437271273
17305.0,0.0,0.0,648.0,0.0,1.0,0.0819327163584757,409.57932521320134,32.89879344369523
17306.0,16.0,393.0,403.0,561.9568750000001,0.9957808089890802,3.1970078315809176,551.4258009003815,1728.2661089702442
17307.0,10.0,294.0,689.0,384.725,0.06820787559817275,0.08684208795087084,387.3639314930597,32.97816363629861
17308.0,1.0,59.0,452.0,666.72,0.544646286334913,0.15656062785800973,527.1087064280986,80.90315679340945
17309.0,2.0,578.0,673.0,55.25,0.9601676160197856,0.31061435326673315,187.28183614772266,57.02899203331597
17310.0,1.0,147.0,534.0,260.09999999999997,0.6981461691746086,0.1731941202772456,341.25791860845413,57.94249785167537
17311.0,5.0,596.0,674.0,611.42,0.9815083217562678,0.6763278573699584,572.67277416451,379.7006586459715
17312.0,2.0,21.0,159.0,249.25,0.7206267385711945,0.7703263924177569,308.9926565906932,233.35353202715362
17313.0,0.0,0.0,31.0,0.0,1.0,,409.57932521320134,
17314.0,16.0,712.0,736.0,296.88937500000003,0.9951187236670288,1.8644892315983437,304.6775709490621,556.8996450740796
17315.0,39.0,437.0,438.0,227.82102564102564,0.9987110252707945,7.1037211490736585,233.1934858852994,1623.9826547677803
17316.0,0.0,0.0,420.0,0.0,1.0,0.12034997896596522,409.57932521320134,48.325238822132945
17317.0,2.0,43.0,89.0,286.2,0.9298301127891366,1.4495069163362266,332.17417625753734,472.04610521161146
17318.0,0.0,0.0,725.0,0.0,1.0,0.0739610493360486,409.57932521320134,29.697816031936803
17319.0,0.0,0.0,669.0,0.0,1.0,0.07959301232374305,409.57932521320134,31.959296997816736
17320.0,5.0,587.0,687.0,514.422,0.9780100828156896,0.6622506209396951,494.2954184700288,320.91232752699415
17321.0,4.0,569.0,577.0,331.38,0.9866312910498187,0.6441530477507293,349.28551573000897,220.57090589954225
17322.0,4.0,360.0,736.0,202.01,0.8014694873686936,0.4192647409699366,249.53772236255685,102.56562289436016
17323.0,11.0,683.0,698.0,128.90818181818182,0.994553836724762,1.3688178494008483,156.2636118605753,209.69131902986362
17324.0,10.0,704.0,721.0,220.083,0.9939808017163114,1.2139313129294431,240.2029516033766,285.85729243438993
17325.0,2.0,361.0,641.0,253.835,0.9004481715302515,0.3045116444831248,311.86917263054386,93.10117494818414
17326.0,1.0,121.0,529.0,149.35,0.6531189277188588,0.16338856577414282,290.63823745399634,46.55387306249547
17327.0,1.0,153.0,562.0,148.1,0.6919932249861263,0.16399718222951332,290.0669092242621,46.63537852825168
17328.0,0.0,0.0,673.0,0.0,1.0,0.07916242822678435,409.57932521320134,31.7863982562009
17329.0,3.0,722.0,736.0,241.67,0.9814771159198178,0.40297200249450693,289.2971127581245,114.28691564893239
17330.0,3.0,625.0,647.0,124.61666666666666,0.9805366924390592,0.4529720757945399,205.44570134486509,91.23190081661951
17331.0,0.0,0.0,123.0,0.0,1.0,0.30982344047156146,409.57932521320134,124.41240718337274
17332.0,4.0,128.0,656.0,142.3525,0.1384527654559372,0.08047484130576905,203.5401651018413,16.057876632244458
17333.0,0.0,0.0,85.0,0.0,1.0,,409.57932521320134,
17334.0,2.0,104.0,406.0,153.51,0.6897616770456463,0.3498382075600023,248.92773932672412,85.37340179521972
17335.0,1.0,301.0,684.0,353.23,0.7989985248029902,0.15850029899469822,383.8241570365774,59.64058693117609
17336.0,0.0,0.0,472.0,0.0,1.0,0.1087213934586149,409.57932521320134,43.65574636560718
17337.0,3.0,159.0,310.0,333.71666666666664,0.8939432378913326,0.7850766941984527,355.2349437971309,273.40803750154674
17338.0,16.0,622.0,639.0,741.900625,0.9955798672296483,2.1228354801454774,718.9333293725732,1496.1742657757347
17339.0,2.0,415.0,509.0,151.68,0.9557394079615864,0.39763376937963346,247.7796424122363,96.58934321313214
17340.0,14.0,634.0,663.0,1538.4164285714285,0.993883275631291,1.803046357677311,1450.127123140857,2563.2446429276574
17341.0,2.0,384.0,540.0,647.48,0.9401362345602677,0.37107467108502395,558.8323474412301,203.29316002274118
17342.0,3.0,290.0,669.0,304.98333333333335,0.796612930567296,0.35696235605432863,334.65175760330766,117.10989129634335
17343.0,5.0,381.0,736.0,212.52799999999996,0.7820632827414246,0.4971286636001261,250.35581744702066,122.0122946575508
17344.0,1.0,682.0,728.0,160.57,0.9220594873075583,0.17275973435728206,295.7664796440913,50.092255542958505
17345.0,6.0,723.0,738.0,212.46166666666667,0.9907679036873666,0.7394495204558498,245.0377271095638,177.6308759929188
17346.0,24.0,597.0,600.0,214.51625,0.9978239037694191,3.335138013768229,223.71560715842566,731.4548535180354
17347.0,0.0,0.0,86.0,0.0,1.0,,409.57932521320134,
17348.0,8.0,625.0,639.0,255.825,0.9928428904827848,1.0996927077321532,275.7036062189809,297.22908008477964
17349.0,4.0,452.0,631.0,179.03750000000002,0.9511843064543515,0.5727578263792176,231.82529921086956,130.16971015444003
17350.0,5.0,668.0,676.0,312.758,0.9894752317582143,0.6799746972557813,331.3447281591782,220.87692136349358
17351.0,10.0,693.0,729.0,185.448,0.992188679972865,1.1995150634742178,209.2453554949767,246.05846213898326
17352.0,0.0,0.0,696.0,0.0,1.0,0.0767742806132376,409.57932521320134,30.827451189945318
17353.0,3.0,495.0,624.0,966.6666666666666,0.9635207230639701,0.459989447259044,808.6500610145465,364.65899762943013
17354.0,1.0,378.0,428.0,1393.06,0.9162116886195243,0.2762007947616635,859.0915435362599,232.6202820887151
17355.0,0.0,0.0,386.0,0.0,1.0,0.12940061206085476,409.57932521320134,51.95956751384303
17356.0,4.0,377.0,688.0,161.2225,0.866217517761428,0.4820589065262202,218.08944902271804,103.06527857994979
17357.0,0.0,0.0,24.0,0.0,1.0,,409.57932521320134,
17358.0,4.0,350.0,653.0,187.20749999999998,0.8575215402442208,0.5005147548769137,238.12459171927242,116.84201106326455
17359.0,1.0,637.0,648.0,127.86,0.9271654853658092,0.19321570836693416,280.8159625284045,53.19172949242776
17360.0,3.0,417.0,434.0,327.71,0.9803010673263419,0.6465369860419365,350.932054989559,222.43198075294032
17361.0,3.0,627.0,676.0,162.73333333333332,0.977768828993981,0.4339943779930268,232.75065890012826,99.02686121545057
17362.0,6.0,463.0,702.0,145.49,0.9093246151712775,0.7105650112481555,189.13393268418523,131.749956495541
17363.0,1.0,7.0,402.0,197.64,0.3584349021886028,0.11407523605362677,312.70978962509133,34.97169165497993
17364.0,25.0,732.0,732.0,464.81879999999995,0.9981330066169661,2.895615525534158,462.31313370858896,1312.3619606938742
17365.0,13.0,664.0,676.0,597.8523076923077,0.9954527307866026,1.6530377292440959,582.0891046697176,943.2987505841988
17366.0,1.0,24.0,456.0,610.25,0.40154774045551306,0.11453951231851649,501.2983823216225,56.29039285003002
17367.0,0.0,0.0,238.0,0.0,1.0,0.1924168318544242,409.57932521320134,77.26451734961051
17368.0,12.0,701.0,724.0,218.40166666666667,0.9942569769864916,1.4368473169971332,235.62178434823215,331.8965955052068
17369.0,0.0,0.0,455.0,0.0,1.0,0.11226757562148675,409.57932521320134,45.079722963525235
17370.0,3.0,97.0,169.0,111.82666666666667,0.9351702151923427,1.318666708012533,196.28355686392547,253.75138779348265
17371.0,3.0,714.0,731.0,169.42,0.9812116081327826,0.4053963319172477,237.54066719534978,94.40507930256027
17372.0,27.0,696.0,736.0,156.51518518518517,0.9928766267513811,3.0894417361421853,167.1797277413716,506.3374996789077
17373.0,6.0,609.0,649.0,167.3,0.9880672463848706,0.8294982389603208,207.33956824774455,168.60686715974373
17374.0,2.0,177.0,395.0,247.885,0.861720786952468,0.4475240389887932,308.1362892200507,135.18904314670564
17375.0,3.0,232.0,431.0,133.36666666666667,0.8953001631738617,0.594055006427216,211.71378298741567,123.29817793335144
17376.0,3.0,452.0,522.0,104.13,0.9725706988264046,0.5451184698995523,190.77003285910666,101.94844157822227
17377.0,68.0,714.0,737.0,253.93191176470586,0.9949657384172299,7.677370847190276,256.60421636702415,1931.3130476473661
17378.0,0.0,0.0,374.0,0.0,1.0,0.132929117392444,409.57932521320134,53.37646190015692
17379.0,0.0,0.0,11.0,0.0,1.0,,409.57932521320134,
17380.0,2.0,100.0,534.0,150.89999999999998,0.5232382749125554,0.20859507660235807,247.29028962901197,50.56978559260429
17381.0,27.0,540.0,548.0,1180.0455555555554,0.9975137885430059,4.057860344294262,1147.5768308256079,4565.167734540156
17382.0,6.0,504.0,569.0,113.48000000000002,0.9833467776807279,0.9298903162374268,162.4139696218499,148.05852361695966
17383.0,1.0,449.0,453.0,199.29,0.9280322428019862,0.26625095821829825,313.46394288834057,81.82037695281237
17384.0,2.0,448.0,467.0,168.2,0.9693035435701505,0.4351618473723285,258.14388341078205,110.12694974889538
17385.0,0.0,0.0,14.0,0.0,1.0,,409.57932521320134,
17386.0,4.0,378.0,385.0,671.605,0.9864341886465297,0.9194653190160337,611.6082566934579,551.3025171438924
17387.0,1.0,14.0,33.0,437.67,0.9002567200979833,1.376911500938144,422.41852161158795,570.2459847290332
17388.0,10.0,652.0,729.0,246.26100000000002,0.9859283131393947,1.1919465389876984,263.60147768756,308.0217540044336
17389.0,52.0,735.0,735.0,1083.0123076923078,0.9991090310864312,5.927312497950745,1067.9720329420597,6205.747527430084
17390.0,0.0,0.0,420.0,0.0,1.0,0.12034997896596522,409.57932521320134,48.325238822132945
17391.0,1.0,1.0,164.0,101.76,0.6119425627213788,0.39774758697674645,268.8866290915526,104.8505547808764
17392.0,2.0,144.0,450.0,228.955,0.7565508859752192,0.35087723847405466,296.2600735964144,101.90830147741684
17393.0,1.0,78.0,488.0,186.55,0.57653566080044,0.1549306873132174,307.64096557088874,46.726546038870055
17394.0,0.0,0.0,219.0,0.0,1.0,0.2052575948722849,409.57932521320134,82.42097691486559
17395.0,0.0,0.0,508.0,0.0,1.0,0.10190536176785539,409.57932521320134,40.918763133701304
17396.0,9.0,402.0,441.0,949.3000000000001,0.9884711388619102,1.7005885911618877,886.3697935223521,1477.7254775090078
17397.0,1.0,394.0,416.0,696.41,0.9235721938872401,0.2853720854880505,540.6788945407474,151.26358031072655
17398.0,2.0,141.0,255.0,173.85,0.9142484732822976,0.6831258999252133,261.6885542123428,175.2555512247219
17400.0,7.0,596.0,722.0,553.9642857142857,0.9740429957974491,0.8533424212014192,533.0171634019092,445.90414917019837
17401.0,0.0,0.0,541.0,0.0,1.0,0.09636765189657807,409.57932521320134,38.69509900970857
17402.0,20.0,719.0,723.0,248.32399999999998,0.9973978598465937,2.3560594061133138,257.36466915571174,594.4451195925736
17403.0,1.0,414.0,450.0,281.62,0.9205110996084699,0.26563280986705445,351.0939054115596,91.42980000420273
17404.0,22.0,697.0,701.0,2170.685,0.99760602980687,2.6591723712702566,2080.4659197452593,5423.552075141044
17405.0,2.0,149.0,150.0,319.05,0.9717193713582035,1.0824553672383213,352.78345693563824,374.3780051612204
17406.0,10.0,400.0,733.0,449.83500000000004,0.3909791282023037,0.47030469652285795,445.5608156454465,205.42961561676913
17407.0,0.0,0.0,411.0,0.0,1.0,0.12262010525470475,409.57932521320134,49.23681814839139
17408.0,2.0,351.0,514.0,22.7,0.935059423588991,0.3856659078452007,166.86076807855414,63.08785329831358
17409.0,7.0,544.0,728.0,984.8385714285714,0.9496227399189108,0.825644505702513,901.3809471027448,729.5892302529923
17410.0,4.0,199.0,215.0,228.07999999999998,0.9834224308296845,1.4755963697001773,269.63840237407015,390.06379680445514
17411.0,4.0,724.0,736.0,270.245,0.9864737782728281,0.5160441908762644,302.1487657298607,152.85688048639207
17412.0,15.0,735.0,737.0,264.788,0.9967330384781173,1.7531464994023158,275.41294170234505,473.3464685023867
17413.0,1.0,165.0,569.0,340.3,0.7069886547599847,0.16570004384380582,377.91433782820593,61.389886491692806
17414.0,5.0,693.0,736.0,401.96799999999996,0.9865062366818008,0.627085477476587,403.42914125537277,248.01109616661654
17415.0,0.0,0.0,79.0,0.0,1.0,,409.57932521320134,
17416.0,14.0,696.0,725.0,1188.5035714285714,0.994168569535391,1.6617925765091168,1127.5818667142264,1836.9679454772734
17417.0,0.0,0.0,548.0,0.0,1.0,0.09526951554233935,409.57932521320134,38.25414386030799
17418.0,2.0,345.0,387.0,231.73,0.9640474322470312,0.5095440925042556,298.0010402290394,148.8613653361261
17419.0,16.0,672.0,683.0,392.80125,0.9962353331952335,1.9990640499584194,393.96081158611565,772.0699405369354
17420.0,4.0,351.0,401.0,218.42000000000002,0.9787133847253222,0.880871170836559,262.1902792857994,226.41748579458647
17421.0,2.0,349.0,735.0,464.305,0.8573064909560629,0.25582620815702145,443.9128653039047,111.33219672698326
17422.0,10.0,518.0,534.0,328.752,0.9936356713958152,1.5931315782409294,337.3339177215722,526.8536589915752
17423.0,2.0,347.0,393.0,349.20500000000004,0.9632697791208117,0.5024508387442235,371.7019610101629,183.09258111922293
17425.0,1.0,41.0,60.0,70.2,0.9080063394036924,1.0854475221996072,254.46173394722135,270.79351158212205
17426.0,6.0,652.0,660.0,1259.3016666666665,0.9912298417028947,0.8195079770944186,1118.874844640808,898.9017173737591
17427.0,0.0,0.0,71.0,0.0,1.0,,409.57932521320134,
17428.0,32.0,738.0,738.0,953.976875,0.9985459657434984,3.6598255834901297,934.4914134466142,3352.8346598318562
17429.0,4.0,301.0,429.0,207.115,0.9504667253314557,0.8068531856446979,253.4738163962652,200.4971100279431
17430.0,3.0,447.0,479.0,174.79,0.9783736623336586,0.5917928529606832,241.3874784434065,140.04402028684518
17431.0,0.0,0.0,313.0,0.0,1.0,0.15432381138511259,409.57932521320134,61.96769643443765
17432.0,6.0,718.0,736.0,262.75666666666666,0.9905283493480408,0.7411191421966876,287.02087432044027,208.53477940638996
17433.0,1.0,297.0,385.0,303.16,0.9009279798465524,0.2975718968196521,360.93903346634085,105.2955362597753
17434.0,6.0,83.0,85.0,312.37666666666667,0.9910793844508802,3.9900520120018954,328.4405733880154,1284.784812670221
17435.0,0.0,0.0,411.0,0.0,1.0,0.12262010525470475,409.57932521320134,49.23681814839139
17436.0,4.0,731.0,732.0,114.39,0.9873095714893334,0.5190767451560575,181.98031604844886,92.60475536103434
17437.0,0.0,0.0,529.0,0.0,1.0,0.09831028755638106,409.57932521320134,39.47516239391828
17438.0,4.0,388.0,641.0,289.76,0.9075591383711674,0.5387371068012511,317.1953622171903,167.5258032400343
17439.0,0.0,0.0,655.0,0.0,1.0,0.0811376738164688,409.57932521320134,32.57954793814805
17440.0,2.0,393.0,549.0,93.21,0.9408991554319001,0.36592545689213773,211.09700493130595,75.72765374864535
17441.0,0.0,0.0,732.0,0.0,1.0,0.07331262079470888,409.57932521320134,29.437443950680915
17442.0,13.0,626.0,662.0,315.5946153846154,0.9927251712004779,1.6803089355780576,323.4635089589318,532.8335369894519
17443.0,0.0,0.0,219.0,0.0,1.0,0.2052575948722849,409.57932521320134,82.42097691486559
17444.0,2.0,25.0,172.0,884.29,0.7152601446132867,0.7224473167353844,707.4011071788582,501.02853722267054
17446.0,1.0,134.0,310.0,52.800000000000004,0.8191856894695192,0.3247619198169366,246.5088449893201,78.48451788468665
17447.0,1.0,31.0,71.0,169.05,0.87842475640481,0.9643693014949034,299.6423703546087,283.3032077974969
17448.0,17.0,148.0,645.0,830.904705882353,1.7539918894812626e-07,3.9310539018790797e-07,803.387169893503,0.0003096072014872348
17449.0,11.0,728.0,730.0,422.9518181818182,0.9955493877720811,1.3149508733536455,421.6484768711636,543.5466122136908
17450.0,30.0,430.0,438.0,6924.523,0.9974570889550073,5.484254187976004,6676.381813813445,35895.32234130695
17451.0,4.0,104.0,105.0,343.8475,0.9870294186978147,2.447241333778257,358.89829778001064,861.0770652210574
17453.0,1.0,47.0,64.0,144.72,0.9113212438918313,1.0552963000570768,288.5220376910606,298.5104728194782
17454.0,9.0,501.0,693.0,154.33777777777777,0.916634469182468,1.0518646331495025,184.09836326605944,189.83960925452615
17455.0,0.0,0.0,203.0,0.0,1.0,0.21748209618080805,409.57932521320134,87.3299908033561
17456.0,1.0,91.0,456.0,499.72,0.6351646066469896,0.18117757107735127,450.7792549355979,80.066528935458
17457.0,13.0,606.0,732.0,433.03307692307686,0.9627737219796948,1.4862599989578333,431.0694056359063,628.0853311038305
17458.0,1.0,366.0,381.0,316.5,0.925036283721764,0.3082778938256851,367.03624833406514,110.92658348843297
17459.0,1.0,17.0,60.0,356.91,0.8641474818942629,1.0330178351542723,385.5061473449152,390.43259546024575
17460.0,15.0,592.0,686.0,132.63266666666667,0.9748430085718737,1.8312809428540715,152.95530752504243,274.59741034406943
17461.0,1.0,7.0,29.0,374.9,0.8919824750918451,1.4232461021975749,393.728703227251,549.4035647803454
17462.0,1.0,224.0,284.0,212.28,0.905086869608519,0.38559243041813274,319.4011858517393,120.74033076107575
17463.0,6.0,573.0,589.0,351.385,0.990398128540025,0.9078673461273652,361.00231115089986,321.29982887718603
17464.0,2.0,461.0,619.0,337.32500000000005,0.9452862983095845,0.32996772814392233,364.24874169643874,117.82801235791428
17465.0,5.0,311.0,736.0,426.884,0.5757005111736644,0.3659514927621263,423.5620325983252,151.95592888745944
17466.0,1.0,68.0,78.0,302.87,0.9203511042019464,0.9605232198998958,360.80648531704253,339.77068885523227
17467.0,0.0,0.0,395.0,0.0,1.0,0.1268748609235835,409.57932521320134,50.94533725901454
17468.0,2.0,365.0,375.0,68.5,0.9703454879905927,0.5268875610247923,195.5945597089049,101.03164603961295
17469.0,13.0,707.0,723.0,362.5338461538462,0.9951856854946681,1.5538694604280685,366.4727407734708,558.2553873124149
17470.0,10.0,464.0,508.0,248.791,0.9888438886223238,1.6575471558320987,265.8628525440419,432.0183379976563
17471.0,0.0,0.0,474.0,0.0,1.0,0.10831887835645383,409.57932521320134,43.49411579441027
17472.0,3.0,437.0,628.0,236.76333333333332,0.9453686298261391,0.44871508951433914,285.78221135704473,125.71418133709275
17473.0,1.0,48.0,456.0,308.9,0.5021310159778725,0.14323039553120984,363.56257269728064,51.05014806011151
17474.0,0.0,0.0,599.0,0.0,1.0,0.08796660426475982,409.57932521320134,35.32167713158624
17475.0,0.0,0.0,79.0,0.0,1.0,,409.57932521320134,
17476.0,1.0,342.0,737.0,229.5,0.8089941070839134,0.14987392297033617,327.2718035445588,48.085451019153105
17477.0,1.0,35.0,647.0,412.58,0.3278251699229931,0.06841278485195307,410.95082138436135,27.561764777762036
17478.0,1.0,225.0,633.0,566.6,0.7519154437347352,0.16006351530675178,481.3476005393012,75.5320402154367
17479.0,0.0,0.0,632.0,0.0,1.0,0.08380982767727521,409.57932521320134,33.65253907446146
17480.0,1.0,367.0,444.0,511.82,0.9086337921335091,0.2652987521046696,456.3097121994258,118.68007197388508
17481.0,3.0,90.0,93.0,331.65333333333336,0.9813521355357153,2.055259471071806,353.7568704498018,712.7998912200356
17482.0,1.0,91.0,578.0,525.35,0.5511112432166542,0.1273574794116832,462.4937689580697,57.74455783425053
17483.0,3.0,349.0,414.0,138.01333333333335,0.9706400201976364,0.6669501978951885,215.04243281968826,140.6043428745531
17484.0,1.0,48.0,624.0,75.72,0.3880841670535365,0.08369278823818421,256.984719409728,21.0850916519222
17486.0,0.0,0.0,261.0,0.0,1.0,0.1788737502528713,409.57932521320134,71.82605977936896
17487.0,0.0,0.0,728.0,0.0,1.0,0.07368175173009643,409.57932521320134,29.585665960249116
17488.0,0.0,0.0,641.0,0.0,1.0,0.08274349986162516,409.57932521320134,33.22435981668961
17489.0,1.0,154.0,212.0,168.07999999999998,0.8981318898215889,0.48232152840718856,299.1990196483349,141.4775581642837
17490.0,7.0,569.0,569.0,342.48,0.9930772765640203,1.0803597340866695,352.21465496296133,373.03880462453077
17491.0,15.0,589.0,590.0,371.23800000000006,0.9967821811520972,2.1474733319975168,374.0515272923366,787.4751420074574
17492.0,2.0,270.0,518.0,383.90999999999997,0.8879178929518253,0.36370635004357904,393.47502298682934,140.29695981811133
17493.0,0.0,0.0,385.0,0.0,1.0,0.12968747761535562,409.57932521320134,52.07476015411073
17494.0,0.0,0.0,501.0,0.0,1.0,0.10316290425361117,409.57932521320134,41.42372956892753
17495.0,2.0,383.0,390.0,248.78000000000003,0.9709157245760784,0.50978441785564,308.6977901700324,154.27745284560757
17496.0,3.0,336.0,694.0,352.74333333333334,0.8443793255023807,0.36588916065880317,368.864738088818,132.31056768964555
17497.0,1.0,220.0,610.0,82.65,0.7568316791762588,0.16660232511924591,260.15216311537483,42.49020430745554
17498.0,0.0,0.0,75.0,0.0,1.0,,409.57932521320134,
17499.0,1.0,272.0,561.0,622.88,0.8234693608330825,0.19546796048552753,507.0710827548577,97.16847173142462
17500.0,2.0,12.0,29.0,425.0,0.9525411607467215,2.4485953719867544,419.25387665694103,1006.4764660267595
17501.0,0.0,0.0,220.0,0.0,1.0,0.20453911238691794,409.57932521320134,82.13245546313118
17502.0,3.0,20.0,29.0,154.16666666666666,0.9747455501346294,3.456039438102392,226.61390849199302,767.843248679711
17503.0,1.0,36.0,38.0,218.53,0.9266461557590729,1.3474885787376125,322.2578270004107,425.7361080609113
17504.0,14.0,463.0,669.0,659.7407142857144,0.6978231765984448,1.2555847857685911,640.1749370614782,787.9919111329737
17505.0,3.0,444.0,605.0,503.77,0.9537203937042741,0.4682401191043514,477.0530211595538,218.98476155670875
17506.0,0.0,0.0,75.0,0.0,1.0,,409.57932521320134,
17507.0,1.0,48.0,309.0,265.02,0.6364146411192296,0.2529788997789332,343.50666652068827,85.19338839048092
17508.0,7.0,452.0,732.0,566.8971428571429,0.837189053569401,0.724231255268931,544.0737438225943,386.2886532759193
17509.0,2.0,6.0,63.0,898.14,0.8732847914637674,1.641014987581049,716.0902559579054,1152.0796140204884
17510.0,1.0,396.0,420.0,308.48,0.9231096055503648,0.2828745891825521,363.37060641208996,100.76903777573627
17511.0,50.0,735.0,737.0,3449.8982,0.9989477664481141,5.686984005380085,3379.343482313179,18840.42666055215
17512.0,16.0,701.0,729.0,287.683125,0.9946526122572948,1.880072000013071,296.10758069379006,545.7586482286526
17513.0,2.0,407.0,479.0,385.90000000000003,0.9597151649375177,0.4213391300782768,394.7234999594145,163.04427283460728
17514.0,1.0,541.0,669.0,208.65,0.9048095482389734,0.1831599611939999,317.74204867259095,57.05384300700715
17515.0,8.0,519.0,550.0,181.755,0.9905958505046317,1.2562962417078278,211.2099765786324,260.12661684742443
17516.0,4.0,363.0,378.0,192.01999999999998,0.9852052333296725,0.932867273758731,241.8351602867986,221.16720101950398
17517.0,0.0,0.0,308.0,0.0,1.0,0.1563873025028789,409.57932521320134,62.796315002908784
17518.0,1.0,196.0,621.0,175.87,0.7234404332330457,0.15669706911238926,302.759537176039,46.50920292742157
17519.0,14.0,721.0,738.0,342.93071428571426,0.9953863616267472,1.6368499430264838,348.1434766490301,558.6550535717024
17520.0,0.0,0.0,53.0,0.0,1.0,,409.57932521320134,
17521.0,4.0,405.0,434.0,258.24,0.9833677278220765,0.826400035699527,292.892583775959,237.28982512481195
17522.0,4.0,217.0,218.0,230.8175,0.9871736153695585,1.4654517432327907,271.7490894293643,390.4143802442212
17523.0,2.0,8.0,19.0,201.76500000000001,0.9593402204444899,2.765874747691727,279.2017374735053,757.1170688450021
17524.0,1.0,77.0,438.0,145.0,0.6116184912852582,0.18070953317503857,288.65001521452103,51.137047685508236
17525.0,2.0,69.0,428.0,364.80000000000007,0.5120552736286298,0.24809892079768395,381.4858797978337,92.78653845128358
17526.0,10.0,718.0,722.0,343.692,0.9949642375711638,1.2135859897606018,350.687649087517,417.2226148730547
17527.0,3.0,165.0,218.0,215.75333333333333,0.9633047857339164,1.1221214150624175,270.73165189304615,297.8281225403564
17528.0,6.0,70.0,71.0,420.2366666666667,0.9914345510995698,4.407465022059242,418.4754129976215,1808.2384288092157
17529.0,1.0,87.0,697.0,381.98,0.4699710239373171,0.09163875232262612,396.964706320466,35.66239087143031
17530.0,10.0,732.0,733.0,287.783,0.995165981330252,1.1970747313069448,300.714840055482,352.9009860207883
17531.0,2.0,428.0,618.0,353.34000000000003,0.935860776309536,0.32715640251299494,374.2961581366149,120.04659004765945
17532.0,0.0,0.0,385.0,0.0,1.0,0.12968747761535562,409.57932521320134,52.07476015411073
17533.0,0.0,0.0,434.0,0.0,1.0,0.11698118198978953,409.57932521320134,46.9724854686859
17534.0,4.0,599.0,652.0,291.6575,0.9820339640851632,0.5739902202620037,318.6583863952435,179.31133501670558
17535.0,0.0,0.0,280.0,0.0,1.0,0.1690466279095919,409.57932521320134,67.87983074631506
17536.0,2.0,505.0,682.0,165.025,0.9442219592467704,0.30177225273851027,256.15196663291385,75.78014609484731
17537.0,1.0,274.0,303.0,266.92,0.9193063909128141,0.3713973968555957,344.3750854298844,125.38835691723263
17538.0,0.0,0.0,25.0,0.0,1.0,,409.57932521320134,
17539.0,3.0,109.0,726.0,288.34,0.17538778696728063,0.0729215859785797,322.72926935902,23.07130021966396
17540.0,5.0,575.0,599.0,253.89000000000001,0.9878232517416692,0.757688266222523,283.7775806404385,210.7884494421694
17541.0,0.0,0.0,509.0,0.0,1.0,0.10172821260698295,409.57932521320134,40.84762888232076
17542.0,1.0,372.0,641.0,170.75,0.8548521601531439,0.1799131393074164,300.41937674704735,52.987177645164195
17543.0,0.0,0.0,549.0,0.0,1.0,0.09511467963088382,409.57932521320134,38.19196973497528
17544.0,0.0,0.0,390.0,0.0,1.0,0.12826573965440868,409.57932521320134,51.50385264172541
17545.0,2.0,534.0,577.0,554.37,0.9665828631702273,0.35949995274757235,500.41742738223536,176.36432405509092
17547.0,1.0,290.0,665.0,323.3,0.7976729990814799,0.16235752775845871,370.1442739038197,58.914632709922955
17548.0,3.0,163.0,396.0,182.45333333333335,0.8080586010965537,0.5769636049249076,246.877124041968,139.64029912392283
17549.0,1.0,28.0,51.0,120.66,0.8996143809233536,1.1598024680225294,277.52511192513504,315.56958078229457
17550.0,6.0,473.0,670.0,374.34666666666664,0.9379439379485083,0.7648869365350204,380.16928663303014,285.0701279486451
17551.0,0.0,0.0,359.0,0.0,1.0,0.13762016635162608,409.57932521320134,55.26018734403296
17552.0,8.0,567.0,627.0,333.67125,0.9868557013022043,1.112048576940262,343.4852616312933,374.46347865979567
17553.0,3.0,481.0,610.0,980.5333333333333,0.9628943821382986,0.4692376367879463,818.583478017598,376.56017551264694
17554.0,4.0,147.0,148.0,295.005,0.9871028496131037,1.9499551891415825,321.23940006377205,614.1063159740214
17555.0,4.0,567.0,586.0,225.2725,0.9855361502559445,0.6345285393307541,267.47374341233933,166.3837124807922
17556.0,1.0,174.0,379.0,157.9,0.8229927621089603,0.275507623823534,294.5461225453789,79.55569582693815
17557.0,3.0,718.0,732.0,180.48666666666668,0.9814711396806696,0.40499421084207093,245.4682980727852,97.4589648581854
17558.0,0.0,0.0,393.0,0.0,1.0,0.1274275739372378,409.57932521320134,51.16728231032482
17559.0,0.0,0.0,512.0,0.0,1.0,0.10120044336855026,409.57932521320134,40.635703170367165
17560.0,8.0,566.0,660.0,209.07500000000002,0.9801573994412569,1.0541444094859616,234.99782539427062,242.85178353976255
17561.0,3.0,714.0,733.0,176.68999999999997,0.9810412680280536,0.40430898042721797,242.74854760007463,96.21606437301438
17562.0,6.0,159.0,173.0,137.04666666666668,0.9877835614597263,2.496790857229421,182.08596158797621,445.703799016581
17563.0,1.0,33.0,611.0,32.550000000000004,0.3392844162412438,0.07457657548549462,237.25332766762466,17.345828865723245
17564.0,2.0,56.0,80.0,167.445,0.9551071582580155,1.5822215366519647,257.67021501163543,399.6971098957754
17565.0,0.0,0.0,586.0,0.0,1.0,0.08971964158631777,409.57932521320134,36.02560395176832
17566.0,1.0,17.0,25.0,486.95,0.9175808376431965,1.530285237871382,444.9425657406324,667.5625111107381
17567.0,8.0,434.0,441.0,606.17875,0.9932117520701451,1.5316157856819839,580.760781804336,872.0206071157118
17568.0,0.0,0.0,633.0,0.0,1.0,0.08368999099243025,409.57932521320134,33.60441916533165
17569.0,0.0,0.0,332.0,0.0,1.0,0.14695593991904743,409.57932521320134,59.00904990772134
17570.0,0.0,0.0,381.0,0.0,1.0,0.13084778348887344,409.57932521320134,52.540688343296665
17571.0,4.0,492.0,542.0,374.6275,0.9812554707543546,0.6776462450028832,382.630516067482,254.19183592304506
17572.0,9.0,653.0,724.0,73.41111111111111,0.9868308243383089,1.0878567517169717,112.60756237365251,120.09256380661448
17573.0,2.0,64.0,93.0,102.94500000000001,0.952537410117833,1.4469852802317194,217.2045040911633,308.12765972502194
17574.0,0.0,0.0,242.0,0.0,1.0,0.18991588463847053,409.57932521320134,76.26021644942017
17575.0,0.0,0.0,667.0,0.0,1.0,0.0798100663351792,409.57932521320134,32.046453892862615
17576.0,38.0,728.0,736.0,229.8842105263158,0.9981964996440474,4.341734305514031,235.33122533260868,1001.6574436787989
17577.0,1.0,23.0,668.0,236.35,0.2719109933517142,0.05511787438777024,330.4026822435027,17.85318493851308
17578.0,4.0,311.0,529.0,222.72500000000002,0.9018735265587989,0.6364806392306989,265.50955153165927,165.67022201269143
17579.0,3.0,574.0,578.0,149.63333333333333,0.9822208887808014,0.5025110562794071,223.3664452409954,110.03793990124092
17580.0,4.0,170.0,422.0,96.965,0.7184961529965581,0.6187196213543371,168.54516648187354,102.23292889873733
17581.0,19.0,736.0,736.0,966.0815789473684,0.9975322715050374,2.205806868892159,933.336184648152,2018.28328800402
17582.0,4.0,387.0,623.0,286.78749999999997,0.9164082370256093,0.5582432740051273,314.9034837617156,172.33723131555934
17583.0,0.0,0.0,560.0,0.0,1.0,0.0934441338798042,409.57932521320134,37.52116498415212
17584.0,5.0,676.0,683.0,969.4739999999999,0.9895607731841213,0.6736604475399898,861.99137574219,569.2741202152356
17585.0,6.0,369.0,478.0,290.98333333333335,0.9644742727285949,1.0652184108254485,310.5827453203211,324.33613355556093
17586.0,0.0,0.0,619.0,0.0,1.0,0.08539954027496804,409.57932521320134,34.29088171254572
17587.0,0.0,0.0,628.0,0.0,1.0,0.08429262746511776,409.57932521320134,33.846405303443795
17588.0,6.0,537.0,637.0,422.8416666666667,0.9775654072279006,0.834733005291803,420.6499054617697,344.22790894175967
17589.0,15.0,582.0,642.0,895.3886666666666,0.9874460030919967,1.970607109327122,859.7394596178518,1660.9024560043358
17590.0,2.0,38.0,40.0,564.92,0.9705963878558277,2.2294160424929825,507.0362374630257,1108.2478483787547
17591.0,7.0,618.0,691.0,376.0814285714286,0.9850136677549047,0.8983928967327268,380.9412459355597,335.5069338961905
17592.0,0.0,0.0,738.0,0.0,1.0,0.07276580952758933,409.57932521320134,29.217875679057347
17593.0,10.0,732.0,735.0,725.279,0.995035475409315,1.1939209424409827,691.7592883603908,809.6686141641661
17594.0,3.0,519.0,604.0,628.7266666666666,0.9716948269720789,0.4777789546223598,566.5660026964274,265.37264858794833
17595.0,1.0,25.0,37.0,230.89,0.9133900154373917,1.3414198293306472,327.90712053602334,431.2486499426361
17596.0,12.0,701.0,724.0,370.27583333333337,0.9942569769864916,1.4368473169971332,373.81605220939537,526.5568946296194
17597.0,4.0,370.0,583.0,792.0675,0.923779312814722,0.5975248750780444,704.4881249668342,412.67502923163227
17598.0,0.0,0.0,381.0,0.0,1.0,0.13084778348887344,409.57932521320134,52.540688343296665
17599.0,0.0,0.0,477.0,0.0,1.0,0.10772066653551148,409.57932521320134,43.25390296654713
17600.0,0.0,0.0,17.0,0.0,1.0,,409.57932521320134,
17601.0,1.0,141.0,380.0,116.00999999999999,0.783137673142792,0.2615758388295426,275.3997709105235,70.62289615135344
17602.0,12.0,617.0,619.0,586.7116666666667,0.9958999203904578,1.6605573962199514,570.7566655005788,929.142577801565
17603.0,3.0,651.0,729.0,501.21000000000004,0.9748038229121511,0.40376450331675123,475.2191595589905,188.10470835264493
17604.0,5.0,464.0,681.0,157.77,0.9341595495380638,0.6376525011844879,206.10967584494222,128.84273442000912
17605.0,0.0,0.0,590.0,0.0,1.0,0.08917284576440061,409.57932521320134,35.806039668244615
17606.0,0.0,0.0,737.0,0.0,1.0,0.07285637740844916,409.57932521320134,29.254242578206643
17607.0,0.0,0.0,376.0,0.0,1.0,0.1323277188090702,409.57932521320134,53.13496618042378
17608.0,2.0,574.0,607.0,166.805,0.9681791591432035,0.3440003929264327,257.2686947792463,86.76109605927297
17609.0,7.0,569.0,609.0,217.01,0.9889645787964818,1.0119234816188434,244.94762726293385,242.99578612258165
17610.0,4.0,193.0,733.0,287.86,0.28254522803561777,0.14836141228604235,315.73041047105005,45.92135215333174
17611.0,25.0,731.0,738.0,314.57959999999997,0.9976618182024228,2.8725876733975575,318.88879392479294,898.0262288742429
17612.0,16.0,669.0,722.0,322.59125,0.9906238953076684,1.8891384892075735,328.60314523742284,608.5722898673258
17613.0,10.0,283.0,305.0,397.235,0.9908216439380484,2.5753447658547683,398.545670407917,1006.2260521053718
17614.0,0.0,0.0,57.0,0.0,1.0,,409.57932521320134,
17615.0,5.0,355.0,485.0,122.1,0.9556684613262626,0.8852676228705987,177.28722303537762,153.86202382336336
17616.0,3.0,278.0,451.0,299.2,0.9263539205836124,0.590790315869872,330.5088541176599,191.424272042072
17617.0,0.0,0.0,558.0,0.0,1.0,0.0937434886777106,409.57932521320134,37.641370335713475
17618.0,10.0,679.0,684.0,363.68899999999996,0.9948775540298325,1.2751449886387,368.5614486942636,460.73005225068323
17619.0,0.0,0.0,312.0,0.0,1.0,0.15473213681993572,409.57932521320134,62.13166413778126
17620.0,0.0,0.0,59.0,0.0,1.0,,409.57932521320134,
17621.0,5.0,410.0,431.0,378.65999999999997,0.9873694966829571,1.0144401692935738,384.59556317616523,382.4819188827257
17622.0,1.0,1.0,598.0,393.33,0.21166165310318608,0.04743708472767603,402.1523666464533,18.702044480977925
17623.0,6.0,693.0,725.0,364.43666666666667,0.9892872101299969,0.7505113692184605,371.8970331513762,273.62579948140547
17624.0,3.0,705.0,719.0,417.26666666666665,0.981451276523417,0.41170889017144613,415.0861690811424,167.5352385597667
17625.0,7.0,706.0,724.0,770.3828571428572,0.9917453350431144,0.8666455411827656,718.0380998506935,610.0507523045939
17626.0,0.0,0.0,602.0,0.0,1.0,0.08757174619214306,409.57932521320134,35.163123172315935
17627.0,0.0,0.0,478.0,0.0,1.0,0.10752272911576753,409.57932521320134,43.17442092531664
17628.0,0.0,0.0,81.0,0.0,1.0,,409.57932521320134,
17629.0,9.0,416.0,421.0,235.06333333333336,0.9941192161438791,1.7808740929335072,255.4115021467476,445.91647722461994
17630.0,1.0,63.0,232.0,168.1,0.7605521833184137,0.3808684436347183,299.2081609000107,111.72184076102734
17631.0,6.0,729.0,730.0,155.83166666666668,0.9917831650603464,0.7476662146883376,197.76651473155536,144.95644780394855
17633.0,6.0,358.0,389.0,282.165,0.986975168879853,1.3043279005947825,303.22174747783356,387.7286196971669
17634.0,8.0,301.0,337.0,197.04,0.9864591914975616,1.916006487638179,224.51880780656174,421.72680936366777
17635.0,2.0,166.0,590.0,363.39,0.6818209231878031,0.24855004359806918,380.60128053585123,92.73921565718322
17636.0,0.0,0.0,19.0,0.0,1.0,,409.57932521320134,
17637.0,1.0,84.0,115.0,208.11,0.9047635428930763,0.7489810663398726,317.4952348773457,233.13457633867273
17638.0,1.0,74.0,721.0,234.0,0.42002414358639334,0.07939805010361795,329.32858517160224,25.634121322716126
17639.0,3.0,207.0,483.0,144.79666666666665,0.8107670445088598,0.48682598900543983,219.901688493056,104.94998419004493
17640.0,5.0,540.0,626.0,538.992,0.9791670543313713,0.7216562620200683,514.1487312126977,363.7450382210712
17642.0,4.0,615.0,734.0,385.8675,0.973573953035201,0.5105724402652057,391.2968621867536,195.8578675035618
17643.0,1.0,132.0,505.0,203.1,0.6894922739576047,0.17975537862592633,315.2053513325707,55.54657154288674
17644.0,16.0,660.0,661.0,337.791875,0.996990752085852,2.0613103740115717,342.75322894404013,692.631131321764
17646.0,11.0,504.0,723.0,337.6627272727273,0.8357836572834374,1.1137492738911206,344.6720316139248,376.3312220521211
17647.0,1.0,604.0,669.0,133.06,0.9180353948320076,0.18583726002827142,283.19268796409915,51.593441468566844
17648.0,3.0,325.0,385.0,599.1666666666666,0.9709182030233864,0.7102317736346231,545.3906320274223,379.74275093147867
17649.0,2.0,334.0,472.0,441.67,0.9402755787366304,0.4181936755615954,429.71222395995295,176.17166091876229
17650.0,0.0,0.0,21.0,0.0,1.0,,409.57932521320134,
17651.0,13.0,515.0,526.0,414.66692307692307,0.9952960014082476,2.073169419397486,414.24096266047275,841.9109237973303
17652.0,11.0,256.0,281.0,422.3109090909091,0.989617571669072,3.009800720640904,421.07003356703905,1242.4380256754512
17653.0,3.0,84.0,120.0,348.1066666666666,0.9618961904439122,1.7182084416038728,365.5432517784226,615.754863799961
17654.0,0.0,0.0,277.0,0.0,1.0,0.17052576982316237,409.57932521320134,68.47380130696493
17655.0,8.0,406.0,416.0,417.355,0.9927827944561792,1.6107344702260398,416.34969769738643,657.4492318526413
17656.0,4.0,55.0,128.0,333.27750000000003,0.8909522315136456,1.9437512182058447,350.7485399080622,668.3873621638768
17657.0,0.0,0.0,430.0,0.0,1.0,0.11792428191204386,409.57932521320134,47.351190609594724
17658.0,1.0,186.0,211.0,277.82,0.9176631452733183,0.49460055693546967,349.35706759316736,169.40059623882124
17659.0,13.0,369.0,386.0,251.52,0.9938437260430681,2.7146492304622316,264.7535569349457,704.5888022881719
17660.0,1.0,596.0,737.0,196.0,0.9045742878411774,0.16758106882327764,311.96020698767995,51.25109925110932
17662.0,1.0,61.0,722.0,59.92,0.3796557661793981,0.07167590749696784,249.76313058588659,17.550144262827416
17663.0,16.0,620.0,645.0,289.289375,0.9946559119994781,2.1029100919374804,297.6028199983419,613.5287627641997
17664.0,3.0,602.0,620.0,285.79333333333335,0.980866620209191,0.4710085239294115,320.9049591209596,148.1779814180639
17665.0,0.0,0.0,493.0,0.0,1.0,0.10463866610039275,409.57932521320134,42.016322497127256
17666.0,4.0,524.0,527.0,434.09999999999997,0.9870833664947412,0.6989735143044393,428.4854332897576,293.6134275848183
17667.0,7.0,588.0,654.0,499.42857142857144,0.9855967900737279,0.9452579012393411,486.3933969643027,450.728947369951
17668.0,1.0,37.0,38.0,185.89999999999998,0.9277805790697173,1.3491382078274725,307.3438748914269,406.5303020904516
17669.0,9.0,575.0,617.0,515.1622222222222,0.9901867873732874,1.2631141988330958,502.85149591567375,622.6729303981317
17670.0,0.0,0.0,227.0,0.0,1.0,0.19964743522416697,409.57932521320134,80.16810403348411
17671.0,4.0,360.0,375.0,491.72249999999997,0.9851887748637026,0.9392283208092389,472.91395012763354,435.44648201501286
17672.0,5.0,632.0,682.0,1132.748,0.9853964981771516,0.6717248549427108,993.9217699117683,654.5172534714386
17673.0,11.0,629.0,630.0,330.88545454545454,0.9956049279654197,1.5045718716701644,338.55530135541665,499.36716480712266
17674.0,1.0,294.0,368.0,250.38,0.9053177249529949,0.31077477993931846,336.8152702940403,102.61767598128478
17675.0,61.0,728.0,729.0,621.8180327868853,0.9991797333077417,6.993594726617069,617.7639472024896,4235.448849975257
17676.0,9.0,615.0,619.0,266.28222222222223,0.994368749295595,1.2647333431126897,282.99033940234193,350.8715732596089
17677.0,34.0,722.0,723.0,1048.89,0.9985706984192285,3.9581801015461466,1027.3079396024991,3986.3250504428115
17678.0,1.0,340.0,603.0,298.11,0.8504868312290771,0.18918158333933993,358.63086741821434,66.51305973524512
17679.0,5.0,684.0,736.0,622.522,0.9855734258119687,0.6264925241551043,581.6435302926791,357.23162375313086
17680.0,2.0,488.0,511.0,135.7,0.9689553813025423,0.4017306053960411,237.75418410976894,93.6361160028028
17681.0,3.0,96.0,693.0,128.06666666666666,0.1569815633587912,0.06811360150733732,207.9171163924993,13.883595236745673
17682.0,10.0,631.0,641.0,408.32800000000003,0.9944477562096292,1.3523594842122786,408.46086063833366,541.5268311920049
17683.0,2.0,169.0,554.0,156.41,0.7206056567710976,0.2779845250962358,250.7471278797376,68.33391958868071
17684.0,0.0,0.0,43.0,0.0,1.0,,409.57932521320134,
17685.0,11.0,650.0,666.0,482.38818181818186,0.9944073852880827,1.4286292638778424,475.29191406784514,665.6671447548036
17686.0,6.0,526.0,533.0,1166.99,0.9911896473544526,0.9938420968008279,1041.8187895469018,1015.0519226903393
17687.0,0.0,0.0,420.0,0.0,1.0,0.12034997896596522,409.57932521320134,48.325238822132945
17688.0,0.0,0.0,393.0,0.0,1.0,0.1274275739372378,409.57932521320134,51.16728231032482
17689.0,1.0,86.0,474.0,151.07999999999998,0.6089900832768558,0.1679059002189776,291.4289557239486,47.97124283848795
17690.0,18.0,644.0,674.0,397.4138888888889,0.9943490079241993,2.2622469810200703,398.16702713531083,883.0438121441215
17691.0,3.0,188.0,546.0,202.46666666666667,0.687344206518135,0.3700952138404729,261.2137191588722,94.77388903944379
17692.0,10.0,413.0,540.0,263.21999999999997,0.9435141899399925,1.4977362026413095,278.75983981842046,409.3019518379257
17693.0,0.0,0.0,137.0,0.0,1.0,0.28837873650743157,409.57932521320134,115.80053897380014
17694.0,2.0,421.0,562.0,542.55,0.9463511581005127,0.3604056955306523,493.00185059029764,174.18864622804716
17695.0,4.0,549.0,680.0,360.535,0.9694154839752128,0.5452905690387166,371.7648147609131,198.73481106144135
17696.0,23.0,691.0,729.0,315.3073913043478,0.9935160611693453,2.667528246334866,319.93715299797526,836.6623789621879
17697.0,0.0,0.0,236.0,0.0,1.0,0.19369221004941406,409.57932521320134,77.77666911840689
17698.0,0.0,0.0,260.0,0.0,1.0,0.17942275969007276,409.57932521320134,72.04652332074139
17699.0,1.0,85.0,561.0,259.3,0.5457350508807021,0.12954181713961696,340.8922685414242,43.292043148849814
17700.0,12.0,722.0,738.0,498.6033333333333,0.9949039991341282,1.4126766685847043,490.5845935497818,679.4121801770233
17701.0,0.0,0.0,252.0,0.0,1.0,0.18393939879344592,409.57932521320134,73.86025426509855
17702.0,5.0,370.0,400.0,462.97200000000004,0.9855914563680739,1.0802902003337573,452.72224221401257,479.46067481325196
17703.0,3.0,383.0,418.0,266.24666666666667,0.9772041014280924,0.6658882378352821,306.90266169165807,200.34711422017062
17704.0,1.0,71.0,239.0,497.9,0.7719698632982629,0.3776648108480917,449.9474010331048,166.59331645339094
17705.0,10.0,573.0,576.0,199.52,0.9949856207170923,1.4905641914244985,221.82324758209677,324.14227287508515
17706.0,22.0,685.0,689.0,839.6322727272727,0.997601466313205,2.7015542197091142,817.6012373720225,2165.369544571754
17707.0,7.0,547.0,732.0,79.75714285714287,0.9495818413144446,0.8214594373679696,127.60717911556182,102.76332590279083
17708.0,3.0,236.0,423.0,193.79333333333332,0.9050987773568833,0.6104219377747775,255.0005578507135,152.5992039063689
17709.0,4.0,434.0,603.0,104.88499999999999,0.9523779060818224,0.5975510987742777,174.65170218157377,102.31191234955148
17710.0,0.0,0.0,423.0,0.0,1.0,0.11961184824549,409.57932521320134,48.0288393852403
17711.0,1.0,279.0,289.0,164.57,0.9256681002439329,0.3887812696172619,297.59472997924104,113.42733157253772
17712.0,0.0,0.0,44.0,0.0,1.0,,409.57932521320134,
17713.0,3.0,166.0,548.0,298.3866666666667,0.6080284427954592,0.3263184642740944,329.926221004981,105.54501081335738
17714.0,4.0,193.0,513.0,266.64250000000004,0.6400256551319453,0.46421248868267967,299.3711401164554,136.24044423968564
17715.0,1.0,392.0,592.0,326.4,0.8772777486472426,0.19840977389103492,371.56116791356067,72.27264040006963
17716.0,19.0,715.0,737.0,812.4615789473685,0.9957353366725005,2.199083550711831,788.7554067510126,1700.4372471182116
17717.0,0.0,0.0,421.0,0.0,1.0,0.12010292449607271,409.57932521320134,48.22603306691412
17718.0,1.0,412.0,644.0,139.35,0.8712171391658482,0.182581150334444,286.06761161612206,51.20407927572449
17719.0,14.0,218.0,255.0,344.015,0.9795426007678752,4.0524112830522965,349.1429575386712,1387.0754399880607
17720.0,9.0,552.0,578.0,292.9211111111111,0.9920784715686933,1.3424312505201643,306.52319426951186,403.39764733082325
17721.0,0.0,0.0,659.0,0.0,1.0,0.08069025566412004,409.57932521320134,32.399889401442
17722.0,4.0,279.0,375.0,833.5450000000001,0.9610407986232326,0.9162068819196048,736.4684070986925,661.4989397789348
17723.0,6.0,248.0,375.0,546.0666666666667,0.9252747151224046,1.2618038116856,523.5104942888947,647.5871448467526
17724.0,2.0,67.0,138.0,329.95000000000005,0.915669900767267,1.0806717423075907,359.62184839351653,381.0069986270022
17725.0,10.0,251.0,267.0,310.137,0.9919112362051695,2.87450379623559,320.6953829573781,903.7300887413373
17726.0,6.0,287.0,682.0,163.87000000000003,0.4413579278501897,0.35413384446583857,204.4764169417836,70.98850187972019
17727.0,0.0,0.0,15.0,0.0,1.0,,409.57932521320134,
17728.0,4.0,450.0,453.0,812.14,0.9870396115609289,0.7989968237766295,719.9645691375707,563.9444081931573
17729.0,0.0,0.0,596.0,0.0,1.0,0.08836504081056883,409.57932521320134,35.48166805317919
17730.0,18.0,586.0,589.0,412.5811111111111,0.9971583949362874,2.56407878872886,412.3952764474774,1036.6273033395414
17731.0,4.0,589.0,668.0,333.97249999999997,0.978691430206441,0.5595329530270277,351.28440383625554,192.6913887156137
17732.0,6.0,115.0,487.0,347.91,0.06098750614952903,0.06625738282956713,358.10159663538553,23.260538481982174
17733.0,1.0,223.0,261.0,475.24,0.913956021161798,0.41689338882319504,439.5903628844817,179.66416198087245
17734.0,5.0,589.0,642.0,224.12400000000002,0.9846714693764991,0.7092644960200185,259.72574070969836,180.59303834208012
17735.0,24.0,495.0,497.0,707.24625,0.9978745790325326,3.9480470359911,693.2079992835536,2683.0224897735793
17736.0,2.0,104.0,113.0,34.975,0.9679921694803206,1.3040069534526368,174.561800660706,223.16422083029266
17737.0,1.0,49.0,58.0,80.85000000000001,0.9198789008645238,1.117708721019587,259.32945046455745,284.17627686366416
17738.0,8.0,611.0,630.0,466.29875,0.9923556211414759,1.11341098726294,458.9656027292456,500.9717292835926
17739.0,17.0,721.0,732.0,430.5523529411765,0.9964664066762794,1.9891084358250692,429.1825659029897,836.9068387925465
17740.0,5.0,308.0,697.0,73.32000000000001,0.6324459066902395,0.422626989073107,137.87148857923628,57.122743967122275
17741.0,1.0,154.0,560.0,59.7,0.6947510963198144,0.16517795334244847,249.66257681745336,40.42839398086364
17742.0,10.0,625.0,738.0,187.993,0.9762961769481092,1.1670530320039905,211.52013771226783,242.00204108257725
17743.0,0.0,0.0,448.0,0.0,1.0,0.11379596812820288,409.57932521320134,45.693452928454846
17744.0,6.0,377.0,380.0,387.06666666666666,0.9914767702867541,1.3368500300856037,390.7871538667979,512.1578873662381
17745.0,1.0,78.0,555.0,111.11,0.5296477641186781,0.12694052062495711,273.1601642499651,33.993718178836644
17746.0,2.0,370.0,610.0,249.8,0.9151070173932834,0.3236968649202095,309.33771304040266,98.16360076094497
17747.0,0.0,0.0,112.0,0.0,1.0,0.3290577867732987,409.57932521320134,132.13667994648495
17748.0,0.0,0.0,527.0,0.0,1.0,0.09864170443668245,409.57932521320134,39.6082425953422
17749.0,2.0,368.0,546.0,337.26,0.9328145159297189,0.3645647130955306,364.20796229783673,130.16790332832292
17750.0,8.0,159.0,164.0,184.32125,0.9927051076760092,3.393765204413159,213.44444096454498,710.157115719672
17751.0,0.0,0.0,421.0,0.0,1.0,0.12010292449607271,409.57932521320134,48.22603306691412
17752.0,0.0,0.0,359.0,0.0,1.0,0.13762016635162608,409.57932521320134,55.26018734403296
17753.0,2.0,238.0,702.0,180.055,0.7446085629261023,0.23176497910886287,265.5814183404285,60.342565413069934
17754.0,11.0,728.0,728.0,390.18636363636364,0.9956780716925864,1.318442775983689,392.07648599562367,506.76758049292516
17756.0,2.0,19.0,394.0,278.9,0.2613211514059015,0.13601012744213897,327.59433610684823,43.680734276644586
17757.0,54.0,694.0,695.0,172.27907407407406,0.9990780211560799,6.47666669526499,177.3868114024143,1126.2881382732073
17758.0,9.0,549.0,568.0,508.6188888888889,0.9928607318478294,1.3647550854576453,497.0711004073207,665.0454006679342
17759.0,3.0,566.0,583.0,381.58666666666664,0.980869133288944,0.4979418971513441,389.5267230232904,190.1493176711413
17760.0,4.0,628.0,649.0,194.3475,0.985521543014478,0.5784523822931772,243.6297261758204,138.15792897047277
17761.0,0.0,0.0,32.0,0.0,1.0,,409.57932521320134,
17762.0,0.0,0.0,456.0,0.0,1.0,0.11205258107773555,409.57932521320134,44.99339139030649
17763.0,2.0,396.0,659.0,34.05,0.912618404171908,0.30094669596717094,173.98147844983103,51.32999694169904
17764.0,4.0,686.0,736.0,357.2475,0.9830261193239457,0.5142406514291152,369.23006272647314,186.14043884808947
17765.0,3.0,290.0,448.0,123.96,0.9358447700772137,0.6003401918846272,204.97529674159557,120.63672238038792
17766.0,0.0,0.0,381.0,0.0,1.0,0.13084778348887344,409.57932521320134,52.540688343296665
17767.0,1.0,395.0,410.0,271.2,0.925282445580778,0.28951532025326665,346.3313132884946,98.29850514221076
17768.0,5.0,729.0,737.0,620.288,0.9895243702390417,0.6282186677273188,579.8383898503866,357.1041518633616
17769.0,16.0,677.0,689.0,427.0175,0.9961575451439937,1.9829745983479834,425.8123177989551,827.774879849198
17770.0,3.0,84.0,282.0,180.03333333333333,0.7112815645862897,0.6752243892680005,245.14355174768542,162.27549802261686
17771.0,3.0,533.0,589.0,123.80333333333333,0.9760177021400919,0.49092695469048186,204.8630682321861,98.59600845616302
17772.0,1.0,382.0,392.0,182.77,0.9264188747813374,0.30129962027225826,305.91326900417226,90.36097822362908
17773.0,1.0,176.0,690.0,209.02,0.6613505675866528,0.13015155529685676,317.9111618285923,40.563423151753696
17774.0,8.0,573.0,669.0,347.7375,0.9799369290647506,1.040963924021057,355.73291274414,363.0253932983589
17775.0,0.0,0.0,254.0,0.0,1.0,0.18278902275863138,409.57932521320134,73.39830143602025
17776.0,1.0,337.0,723.0,122.81,0.8103222418181272,0.15278801183324012,278.507796480278,41.71630067507504
17777.0,2.0,76.0,100.0,235.57999999999998,0.9578545559388368,1.3928260303798734,300.41643537700554,410.22058993592066
17778.0,0.0,0.0,661.0,0.0,1.0,0.08046839257284122,409.57932521320134,32.3108013975002
17779.0,2.0,122.0,143.0,167.74,0.9631207377347225,1.1091904085982494,257.85529074375233,280.39794388955227
17780.0,1.0,17.0,684.0,193.81,0.2419479016619048,0.04799610207541678,310.95923992918546,14.631503399351853
17781.0,1.0,94.0,253.0,86.02000000000001,0.803480783667873,0.3757396080645791,261.6924640227385,96.39773654528064
17782.0,0.0,0.0,382.0,0.0,1.0,0.13055576324640986,409.57932521320134,52.42342573422593
17783.0,2.0,440.0,512.0,141.735,0.9606071138126165,0.39757823157269406,241.5403944261263,94.1440024714177
17784.0,0.0,0.0,550.0,0.0,1.0,0.09496034643968752,409.57932521320134,38.129997481840284
17785.0,2.0,512.0,565.0,144.065,0.9649475349910482,0.3657358619767105,243.00217902216815,87.12791638050919
17786.0,1.0,232.0,317.0,163.89,0.8956838369948856,0.34857292238051535,297.2839274222656,101.5900628355291
17787.0,3.0,219.0,371.0,376.30333333333334,0.920914972873003,0.6953362662526257,385.74199563150273,262.9503888142367
17788.0,1.0,56.0,129.0,1101.2,0.8548533856753625,0.6563389346045273,725.6932578320608,466.95859371487035
17789.0,1.0,380.0,661.0,225.9,0.8528363512027408,0.17454220864886166,325.6263782429241,55.71854886702994
17790.0,17.0,518.0,544.0,151.46588235294118,0.9940229044956811,2.5980723977715163,168.32374631981804,428.72090907551967
17791.0,0.0,0.0,29.0,0.0,1.0,,409.57932521320134,
17792.0,1.0,11.0,478.0,119.00999999999999,0.32316354072899117,0.08844324198870218,276.77095866188574,23.99757805549239
17793.0,0.0,0.0,25.0,0.0,1.0,,409.57932521320134,
17794.0,1.0,2.0,688.0,13.5,0.18243850270535872,0.03599867784762182,228.54628544647412,8.065665305830919
17795.0,1.0,85.0,264.0,187.14000000000001,0.7778534487928281,0.35156981918225594,307.91063249532334,106.12664292508228
17796.0,6.0,381.0,421.0,203.29166666666666,0.9856056871176545,1.2165410129920486,237.38317974056613,283.11108622166313
17797.0,6.0,702.0,724.0,296.1983333333333,0.9901739834643761,0.7521375145812969,314.9359039385679,232.21832390744265
17798.0,0.0,0.0,581.0,0.0,1.0,0.09041264343769648,409.57932521320134,36.303876947522745
17799.0,16.0,704.0,726.0,374.58,0.995295149067726,1.8884330458363021,376.9988634596932,697.9402899265417
17800.0,8.0,297.0,334.0,132.87,0.9860443725656688,1.9296482640261154,168.64522587026957,319.0316566594345
17801.0,2.0,240.0,691.0,194.32,0.755127158113128,0.2384620242902643,274.5309278951655,64.1783971997983
17802.0,8.0,644.0,726.0,566.27125,0.9845734094132761,0.9704097746517962,546.0128470821516,519.4394298905313
17803.0,0.0,0.0,392.0,0.0,1.0,0.12770574172850505,409.57932521320134,51.2789821923284
17804.0,2.0,362.0,738.0,130.14,0.8659639900620442,0.2574434202804311,234.26597709088793,59.12470769252266
17805.0,1.0,537.0,610.0,512.31,0.915275538057211,0.2014807743395047,456.53367286548166,90.17512369704521
17806.0,0.0,0.0,11.0,0.0,1.0,,409.57932521320134,
17807.0,2.0,309.0,704.0,124.095,0.8357148130448236,0.2594453431697222,230.4734930208995,58.61990619042923
17808.0,3.0,33.0,581.0,46.946666666666665,0.04944384882844889,0.025178176735846828,149.80662692464756,3.6977212445660848
17809.0,16.0,721.0,737.0,662.668125,0.9958857043569942,1.8635960072351492,645.1767234906077,1178.7101768639175
17810.0,1.0,15.0,683.0,64.14,0.23463788036053623,0.04660823766246745,251.69193468946952,11.500361945369137
17811.0,44.0,441.0,445.0,213.0965909090909,0.9984987670267347,7.8878155257374365,218.26166419125525,1687.7696001646725
17812.0,6.0,518.0,530.0,177.41499999999996,0.9906728965507547,0.9983420773468563,215.78294301736406,211.19090193830192
17813.0,4.0,57.0,71.0,366.0675,0.9789891170882932,3.041194850672115,376.03052293750295,1121.1542065549397
17814.0,1.0,47.0,422.0,814.2,0.5263596272696123,0.1606328586107866,594.5162962850686,93.6227707732754
17815.0,0.0,0.0,393.0,0.0,1.0,0.1274275739372378,409.57932521320134,51.16728231032482
17816.0,5.0,688.0,724.0,17.538,0.9871316286369793,0.6370392562125867,92.79792360522077,57.95376247859417
17817.0,4.0,418.0,422.0,175.92499999999998,0.9868925437452437,0.8498441897522601,229.4254769425214,191.1443937081807
17818.0,0.0,0.0,737.0,0.0,1.0,0.07285637740844916,409.57932521320134,29.254242578206643
17819.0,11.0,655.0,726.0,551.5836363636364,0.987121083079427,1.3104219705553597,537.7432787393872,690.8168321649605
17820.0,0.0,0.0,374.0,0.0,1.0,0.132929117392444,409.57932521320134,53.37646190015692
17821.0,0.0,0.0,406.0,0.0,1.0,0.12391871310419501,409.57932521320134,49.7582804211622
17822.0,1.0,140.0,560.0,1088.01,0.670767130735531,0.15947573513907626,719.6646023519046,112.51377981315122
17823.0,0.0,0.0,421.0,0.0,1.0,0.12010292449607271,409.57932521320134,48.22603306691412
17824.0,0.0,0.0,51.0,0.0,1.0,,409.57932521320134,
17825.0,1.0,127.0,725.0,264.5,0.5530863909333205,0.10402152852662995,343.26899397711884,35.005552990851996
17826.0,0.0,0.0,374.0,0.0,1.0,0.132929117392444,409.57932521320134,53.37646190015692
17827.0,3.0,616.0,621.0,665.1533333333333,0.9821520188395082,0.47093735326567876,592.6603250544438,273.61976349455085
17828.0,3.0,162.0,184.0,328.9766666666667,0.9756895648786871,1.2925015388203929,351.8394344273378,445.82471940752725
17829.0,4.0,357.0,655.0,861.61,0.8653282011396379,0.5036663789987453,758.107286443653,374.3273038623055
17830.0,2.0,287.0,288.0,105.1,0.9718553541468075,0.6580984551986735,218.5564979986612,141.00668340656634
17831.0,0.0,0.0,33.0,0.0,1.0,,409.57932521320134,
17832.0,0.0,0.0,49.0,0.0,1.0,,409.57932521320134,
17833.0,0.0,0.0,723.0,0.0,1.0,0.07414842742858192,409.57932521320134,29.77305645342519
17834.0,1.0,31.0,445.0,317.79,0.44177373300724637,0.12873395468843213,367.62585906715094,46.396158639386364
17835.0,2.0,21.0,23.0,120.4,0.9702896395886673,2.66768245248227,228.15534105421509,596.7273879059145
17836.0,0.0,0.0,47.0,0.0,1.0,,409.57932521320134,
17837.0,7.0,121.0,163.0,210.51142857142855,0.9671658829022076,2.93681665435967,239.39185742600725,689.246009607664
17838.0,11.0,604.0,630.0,569.6345454545454,0.9932627787296162,1.5010323835052706,554.0348677417933,815.2758632425883
17839.0,0.0,0.0,42.0,0.0,1.0,,409.57932521320134,
17840.0,0.0,0.0,443.0,0.0,1.0,0.11491342315093761,409.57932521320134,46.142170213990326
17841.0,192.0,736.0,737.0,366.4234895833333,0.9996943686494523,21.64748712041488,366.6888485367718,7781.826033462266
17842.0,0.0,0.0,602.0,0.0,1.0,0.08757174619214306,409.57932521320134,35.163123172315935
17843.0,1.0,108.0,411.0,205.48,0.7065680948079985,0.22061601754947982,316.29316028198474,68.40855583171535
17844.0,0.0,0.0,106.0,0.0,1.0,0.3405950459555679,409.57932521320134,136.76992084274931
17845.0,1.0,21.0,576.0,144.90000000000003,0.30960920089542093,0.07177161237322596,288.6043089561423,20.306555342395463
17846.0,0.0,0.0,85.0,0.0,1.0,,409.57932521320134,
17847.0,1.0,130.0,645.0,89.04,0.6025730996576449,0.1261034267752285,263.0727930257765,32.52241186745054
17848.0,27.0,652.0,733.0,128.7296296296296,0.9673024000526946,3.0211986594269993,140.56510157801165,416.325757912604
17849.0,6.0,417.0,635.0,145.4466666666667,0.9093615461087959,0.778716559206004,189.09776070461527,144.35888184768785
17850.0,22.0,362.0,734.0,2468.0763636363636,0.000296574651478372,0.0007578321428550671,2362.6223229320044,1.7552696434820811
17851.0,5.0,314.0,736.0,249.26,0.586726750232802,0.3729604645537568,280.0363987927153,102.38925525820332
17852.0,3.0,720.0,731.0,191.72,0.9817232137198526,0.4056077063309495,253.51532098150724,100.80637158131242
17853.0,2.0,329.0,736.0,511.9200000000001,0.8398945950146917,0.2503172109740667,473.7853432182967,116.2653592874018
17854.0,4.0,546.0,731.0,233.8775,0.9578731705668909,0.5042340431360199,274.10843276788484,135.49768270142397
17855.0,0.0,0.0,372.0,0.0,1.0,0.1335360122039588,409.57932521320134,53.62016474529493
17856.0,3.0,280.0,281.0,311.74,0.9824332173575557,0.9353346167466697,339.49191055166955,311.3012226683407
17857.0,20.0,637.0,641.0,1410.712,0.997365607868694,2.6301277861465886,1354.5841835588767,3492.6896839322317
17858.0,27.0,728.0,733.0,454.21037037037036,0.9979445430019688,3.116903995416318,452.3295441088818,1382.1490122924931
17859.0,0.0,0.0,304.0,0.0,1.0,0.15807830340763185,409.57932521320134,63.47535647172277
17860.0,2.0,360.0,728.0,379.425,0.8683613813413514,0.26141441768845924,390.6612444832896,100.11702398908062
17861.0,16.0,726.0,729.0,299.91875,0.9968675804219964,1.8842586874816991,307.4975806413434,568.0137492918602
17862.0,3.0,240.0,563.0,376.08666666666664,0.7986078460749036,0.41834669420004766,385.58678599083004,158.13847353035186
17863.0,11.0,593.0,652.0,491.78363636363633,0.988277314847533,1.4475933861733914,483.7716467602235,686.5374905292974
17864.0,4.0,415.0,427.0,178.0525,0.9858581925144057,0.8403066675482219,231.06583738458107,190.35052477751057
17865.0,34.0,708.0,738.0,758.3841176470588,0.9948746829922496,3.8697432330504187,746.6090505409827,2832.3819964763725
17866.0,2.0,583.0,725.0,492.72499999999997,0.9535494438150186,0.2881507736527647,461.74287312343677,130.43618256402584
17867.0,11.0,707.0,737.0,139.57545454545456,0.9932650092824872,1.3004653802907948,165.89120580468455,211.49438718293754
17868.0,0.0,0.0,386.0,0.0,1.0,0.12940061206085476,409.57932521320134,51.95956751384303
17869.0,5.0,440.0,547.0,176.19400000000002,0.9710457280667811,0.8082183708164804,220.99683229471566,175.10294536416174
17870.0,9.0,379.0,381.0,246.75,0.9944420695594928,1.9416882492511578,265.7355299879527,505.83590781062236
17871.0,4.0,489.0,693.0,220.8675,0.9475710992634416,0.5238499838381899,264.0773684429985,135.6174880245033
17872.0,0.0,0.0,381.0,0.0,1.0,0.13084778348887344,409.57932521320134,52.540688343296665
17873.0,14.0,643.0,723.0,423.08,0.9839132001318639,1.6488311992921243,422.02407687679255,682.1660753558735
17874.0,2.0,70.0,255.0,309.15000000000003,0.7727105142981345,0.5773688235611608,346.5724408408681,196.17048162193882
17875.0,0.0,0.0,688.0,0.0,1.0,0.07758841882954207,409.57932521320134,31.154363591875214
17876.0,2.0,276.0,675.0,1323.31,0.8148580062371374,0.2628935420294042,982.8314390905743,253.3013225933616
17877.0,0.0,0.0,170.0,0.0,1.0,0.24795075263353908,409.57932521320134,99.56544721338742
17878.0,1.0,352.0,395.0,379.45,0.9173218819996538,0.2963933266764478,395.8083379834838,115.01045252989812
17879.0,0.0,0.0,173.0,0.0,1.0,0.24483172107690193,409.57932521320134,98.31291483303619
17880.0,2.0,366.0,730.0,326.66,0.8718360132058878,0.2617995797266613,357.55778344889086,91.76841528435386
17881.0,0.0,0.0,304.0,0.0,1.0,0.15807830340763185,409.57932521320134,63.47535647172277
17882.0,0.0,0.0,379.0,0.0,1.0,0.1314357640138626,409.57932521320134,52.776795764804184
17883.0,5.0,649.0,652.0,165.474,0.9898617939048078,0.7030439342861985,212.33474386974976,146.3461283761879
17884.0,15.0,732.0,735.0,194.9006666666667,0.9966679095813284,1.7574214264680597,210.65401534578075,362.92949059061186
17885.0,0.0,0.0,12.0,0.0,1.0,,409.57932521320134,
17886.0,5.0,558.0,589.0,292.836,0.9869937100244034,0.7686470254727136,315.24714181569226,237.55072935796449
17887.0,0.0,0.0,129.0,0.0,1.0,0.3002532101308375,409.57932521320134,120.56914012563593
17888.0,23.0,697.0,718.0,76.27130434782609,0.9961315830614162,2.7121867172149456,92.64029820630873,246.31799084062482
17889.0,4.0,406.0,618.0,189.6075,0.9322310601238879,0.5720454207578496,239.97505708281795,134.5782290504295
17890.0,1.0,39.0,361.0,125.13,0.5502935756582163,0.19201079069357566,279.56818167466486,52.62573824595084
17891.0,0.0,0.0,162.0,0.0,1.0,0.2566713575725554,409.57932521320134,103.06745232962241
17892.0,2.0,99.0,155.0,51.0,0.9403052624003161,1.02352798998726,184.61549085451324,185.25058984103018
17893.0,0.0,0.0,225.0,0.0,1.0,0.20102097708169384,409.57932521320134,80.71967699643866
17894.0,16.0,398.0,469.0,145.065,0.9687710493547886,2.724900094980982,163.3460391893581,436.3531136986235
17895.0,0.0,0.0,44.0,0.0,1.0,,409.57932521320134,
17896.0,0.0,0.0,23.0,0.0,1.0,,409.57932521320134,
17897.0,7.0,404.0,576.0,331.0585714285714,0.9283220886220853,0.9988641611978627,342.45022765009514,335.3374227830701
17898.0,3.0,482.0,567.0,61.43333333333334,0.9708130657509463,0.5053320837757189,160.18418228408558,79.35522291903199
17899.0,0.0,0.0,159.0,0.0,1.0,0.26010225252887276,409.57932521320134,104.44522817803623
17900.0,0.0,0.0,190.0,0.0,1.0,0.22854359414454994,409.57932521320134,91.77199680308593
17901.0,1.0,492.0,521.0,110.38,0.9231164219406717,0.2340875838847143,272.82650856380025,62.6103992191288
17902.0,0.0,0.0,546.0,0.0,1.0,0.09558070538790142,409.57932521320134,38.37910168779795
17903.0,0.0,0.0,394.0,0.0,1.0,0.12715061629745983,409.57932521320134,51.0560683881216
17904.0,0.0,0.0,21.0,0.0,1.0,,409.57932521320134,
17905.0,11.0,609.0,680.0,200.64454545454547,0.9861755873106822,1.3901343839519709,221.00823757471028,301.19121622866345
17906.0,0.0,0.0,247.0,0.0,1.0,0.18687979868353125,409.57932521320134,75.0410223473809
17907.0,0.0,0.0,640.0,0.0,1.0,0.08286063835947574,409.57932521320134,33.271396253129815
17908.0,4.0,352.0,725.0,252.6575,0.7975427417175557,0.4230270989750793,288.5883242376286,119.68074781211362
17909.0,0.0,0.0,737.0,0.0,1.0,0.07285637740844916,409.57932521320134,29.254242578206643
17910.0,0.0,0.0,726.0,0.0,1.0,0.07386771509010787,409.57932521320134,29.660338292199476
17911.0,0.0,0.0,9.0,0.0,1.0,,409.57932521320134,
17912.0,4.0,65.0,375.0,77.7525,0.19863141495485898,0.1893649776448431,153.73180573307417,28.539402135877495
17913.0,12.0,678.0,736.0,266.8575,0.9897977523454758,1.408940822145153,279.713011698303,386.35103878959285
17914.0,0.0,0.0,3.0,0.0,1.0,,409.57932521320134,
17915.0,0.0,0.0,551.0,0.0,1.0,0.09480651352327918,409.57932521320134,38.06822611887558
17916.0,1.0,105.0,733.0,18.41,0.49795766611261877,0.09271400893185036,230.7904627328704,20.97694704682622
17917.0,2.0,317.0,362.0,115.185,0.9627386021662004,0.5387046996314386,224.88357853560638,118.76583370695165
17918.0,2.0,5.0,505.0,135.23,0.10697761631766,0.04482061809191946,237.45931768910813,10.433918596123483
17919.0,1.0,350.0,438.0,1304.04,0.9046487706417231,0.2672886110531149,818.403832327503,214.45249879898677
17920.0,50.0,729.0,733.0,472.6402,0.9988035421418885,5.714712875809361,471.1767869828445,2639.700864200834
17921.0,9.0,448.0,512.0,250.8777777777778,0.9835222801031115,1.4834090587579651,269.3820182395288,391.74924789952047
17922.0,0.0,0.0,543.0,0.0,1.0,0.09605132262035584,409.57932521320134,38.5680773928171
17923.0,2.0,262.0,544.0,154.75,0.8686005938175081,0.3405847070538715,249.70568477697816,83.37453814922881
17924.0,5.0,403.0,414.0,648.3,0.9887141710902106,1.0519612863573642,602.4729440444299,621.3235090173716
17925.0,0.0,0.0,372.0,0.0,1.0,0.1335360122039588,409.57932521320134,53.62016474529493
17926.0,4.0,446.0,579.0,214.2975,0.9636639477291968,0.6272010690167679,259.0117195102926,159.2592877391827
17927.0,0.0,0.0,721.0,0.0,1.0,0.07433675766670825,409.57932521320134,29.848679211540286
17928.0,2.0,526.0,571.0,106.27,0.966231599818569,0.36276355764662643,219.2905271734977,77.9871532078271
17929.0,10.0,719.0,730.0,268.96999999999997,0.9944678015975864,1.2007558418841868,283.89932812860667,334.1918380731323
17930.0,12.0,610.0,645.0,335.98833333333334,0.992514552520275,1.5942031137869275,342.61696112440967,535.4633949247674
17931.0,10.0,527.0,661.0,307.99,0.9591613396185671,1.2683794195514568,318.77634271355726,396.3807000341948
17932.0,2.0,182.0,211.0,371.28,0.9627239974245658,0.8344495711333367,385.5512721507741,315.4064129052587
17933.0,0.0,0.0,632.0,0.0,1.0,0.08380982767727521,409.57932521320134,33.65253907446146
17934.0,2.0,355.0,406.0,352.125,0.9624351318248333,0.48813465957183444,373.53389707043857,178.7523321994685
17935.0,5.0,597.0,735.0,115.978,0.97153630083687,0.6183426235037014,172.34045947776184,104.47046798053552
17936.0,0.0,0.0,5.0,0.0,1.0,,409.57932521320134,
17937.0,6.0,354.0,362.0,484.60999999999996,0.9907601924145544,1.3923604300863148,472.2102798787857,644.5674355538606
17938.0,0.0,0.0,420.0,0.0,1.0,0.12034997896596522,409.57932521320134,48.325238822132945
17939.0,0.0,0.0,159.0,0.0,1.0,0.26010225252887276,409.57932521320134,104.44522817803623
17940.0,13.0,687.0,736.0,2001.0146153846156,0.9913984616479472,1.5227942354928932,1867.7712936612204,2788.3132142136783
17941.0,3.0,572.0,702.0,339.52,0.9662188083654638,0.4143129910332442,359.392174326533,145.97381368140512
17942.0,0.0,0.0,7.0,0.0,1.0,,409.57932521320134,
17944.0,0.0,0.0,423.0,0.0,1.0,0.11961184824549,409.57932521320134,48.0288393852403
17945.0,0.0,0.0,696.0,0.0,1.0,0.0767742806132376,409.57932521320134,30.827451189945318
17946.0,1.0,26.0,259.0,132.03,0.6057603337681098,0.2780214568369629,282.7219135027981,77.05949511742733
17947.0,0.0,0.0,37.0,0.0,1.0,,409.57932521320134,
17948.0,0.0,0.0,147.0,0.0,1.0,0.27479754719140853,409.57932521320134,110.34657142136616
17949.0,70.0,736.0,737.0,1668.0297142857144,0.9992781956362129,7.935289096341588,1647.030448250113,12812.702629017283
17950.0,5.0,632.0,704.0,259.922,0.9828262683245196,0.6507792775939982,288.6516214407551,184.1556450308466
17951.0,3.0,365.0,404.0,434.68,0.9762330269668278,0.6851266432439403,427.5602485099745,287.17691574059563
17952.0,1.0,163.0,541.0,438.55,0.7193282928232589,0.1763864000891502,422.82073668532087,73.11434672189233
17953.0,0.0,0.0,540.0,0.0,1.0,0.09652659955141336,409.57932521320134,38.758924246417195
17954.0,17.0,725.0,730.0,214.29823529411766,0.9969097481075503,1.995007712184761,227.05240265820038,444.06575024656024
17955.0,4.0,467.0,665.0,231.22500000000002,0.9468823901406742,0.5435750060058523,272.06328302754963,144.979703355578
17956.0,0.0,0.0,249.0,0.0,1.0,0.18569241246315338,409.57932521320134,74.56420682667056
17957.0,0.0,0.0,66.0,0.0,1.0,,409.57932521320134,
17958.0,1.0,612.0,728.0,508.4599999999999,0.9094959406044327,0.17040579188296825,454.7739819179,75.97296392026647
17959.0,0.0,0.0,592.0,0.0,1.0,0.0889019406766092,409.57932521320134,35.69725853908771
17960.0,2.0,470.0,641.0,62.09,0.9432305543581483,0.31897969957139233,191.57308363138202,59.90683059903016
17961.0,83.0,717.0,738.0,36.065542168674696,0.994866243118785,9.342313952327011,41.335791221280935,378.5794732333102
17962.0,2.0,553.0,695.0,152.2,0.9525088071152257,0.2992086981589855,248.1058776010525,72.77623707408286
17963.0,3.0,218.0,689.0,159.13,0.6059831509991915,0.26432991029483327,230.1694031837103,59.64469026178692
17964.0,1.0,341.0,372.0,209.94,0.9203648168741362,0.31304496478571736,318.3316594056767,97.6947181604611
17965.0,27.0,688.0,725.0,258.10962962962964,0.9934886519193282,3.1344616192101737,264.492813807146,812.7432431517691
17966.0,6.0,653.0,690.0,263.6666666666667,0.9886378212848042,0.7848388808794486,287.7804858914095,221.42117157117568
17967.0,1.0,45.0,416.0,246.14,0.523853246838851,0.16186400427549164,334.8773249387816,53.13974807690006
17968.0,3.0,139.0,512.0,252.4666666666667,0.5499409571415175,0.31358859381247683,297.0313285448756,91.31501230253029
17969.0,19.0,567.0,733.0,119.39684210526316,0.8018058615946088,1.77968032193577,136.4715974442311,238.1007849798865
17970.0,0.0,0.0,211.0,0.0,1.0,0.21119277030214587,409.57932521320134,84.80437231425995
17971.0,0.0,0.0,548.0,0.0,1.0,0.09526951554233935,409.57932521320134,38.25414386030799
17972.0,0.0,0.0,241.0,0.0,1.0,0.1905349970784493,409.57932521320134,76.50883222066545
17973.0,0.0,0.0,51.0,0.0,1.0,,409.57932521320134,
17974.0,5.0,383.0,407.0,327.452,0.9867188735681822,1.065446527598473,343.2179303342201,358.4942770290361
17975.0,23.0,475.0,490.0,300.4491304347826,0.9961075943636326,3.828964705563773,305.80859188268,1147.9145651294784
17976.0,0.0,0.0,372.0,0.0,1.0,0.1335360122039588,409.57932521320134,53.62016474529493
17977.0,1.0,371.0,400.0,288.14,0.9214815625221011,0.29453268723527753,354.0739534578537,102.23775720928685
17978.0,3.0,366.0,731.0,446.21999999999997,0.8559644243018218,0.35364934025185196,435.826952756264,151.10001642786352
17979.0,2.0,224.0,259.0,258.02,0.9624251926709518,0.7102184875545501,314.4947385251512,218.97347193442917
17980.0,3.0,228.0,393.0,270.48333333333335,0.9159854000749272,0.6583181598373891,309.9376071269654,200.02840507059193
17981.0,0.0,0.0,410.0,0.0,1.0,0.12287764317995899,409.57932521320134,49.340233720741715
17982.0,0.0,0.0,680.0,0.0,1.0,0.0784200149371402,409.57932521320134,31.488286277909953
17983.0,0.0,0.0,395.0,0.0,1.0,0.1268748609235835,409.57932521320134,50.94533725901454
17984.0,4.0,593.0,738.0,240.4525,0.9686167793497188,0.5054392641692468,279.1779368367648,138.33348895049193
17985.0,0.0,0.0,22.0,0.0,1.0,,409.57932521320134,
17986.0,0.0,0.0,56.0,0.0,1.0,,409.57932521320134,
17987.0,4.0,365.0,550.0,201.58,0.9361369273787719,0.6380639475582451,249.20618065158834,155.88412333542038
17988.0,10.0,721.0,732.0,32.479,0.9944698815817714,1.1977405968549584,72.5179837869986,85.15011613495656
17989.0,0.0,0.0,379.0,0.0,1.0,0.1314357640138626,409.57932521320134,52.776795764804184
17990.0,5.0,496.0,732.0,238.98200000000003,0.9315683773586629,0.5951394116669962,271.73145990915197,158.5388714797967
17991.0,2.0,366.0,591.0,46.675000000000004,0.9190145660452761,0.33450501109429776,181.90209240907075,59.65126276159779
17992.0,0.0,0.0,389.0,0.0,1.0,0.1285475859090617,409.57932521320134,51.61702968261905
17993.0,0.0,0.0,617.0,0.0,1.0,0.08564948204801055,409.57932521320134,34.3912448726227
17994.0,10.0,499.0,620.0,173.913,0.9630116306110776,1.349829807002273,198.93509503271622,263.2497497523131
17995.0,2.0,106.0,387.0,81.175,0.7192482360376976,0.38015628428457326,203.54654243630003,75.859216128979
17996.0,1.0,167.0,546.0,219.43,0.7224446495323474,0.17570003430369774,322.6691833258194,55.578969816810115
17997.0,7.0,90.0,164.0,235.4485714285714,0.8728437193706656,2.6387567881845664,260.71116238828256,674.4456854567917
17998.0,2.0,358.0,738.0,204.82,0.8630187441742581,0.25656782477805434,281.11836920780047,70.70813903779438
17999.0,2.0,341.0,378.0,286.2,0.9649887805578788,0.5204236506946646,332.17417625753734,169.47495843363063
18000.0,0.0,0.0,564.0,0.0,1.0,0.09285112620900142,409.57932521320134,37.2830439411003
18001.0,4.0,725.0,737.0,194.31,0.9864749648433266,0.5154005736537833,243.60081265451498,123.08380056052783
18002.0,3.0,356.0,731.0,68.53333333333333,0.8449853551194351,0.3491132398454624,165.27028281689806,56.563811236957335
18003.0,0.0,0.0,376.0,0.0,1.0,0.1323277188090702,409.57932521320134,53.13496618042378
18004.0,0.0,0.0,362.0,0.0,1.0,0.13665563065934208,409.57932521320134,54.872870518977436
18005.0,1.0,44.0,47.0,109.75,0.9257749348445167,1.2366751007254744,272.53855913601416,330.44051572875685
18006.0,3.0,699.0,722.0,308.82,0.9806580738952299,0.40980624883474365,337.40016216352694,135.55061812039713
18007.0,0.0,0.0,392.0,0.0,1.0,0.12770574172850505,409.57932521320134,51.2789821923284
18008.0,20.0,632.0,702.0,986.4765,0.9831942590229434,2.386203581487916,954.1331557587067,2231.994978422308
18009.0,6.0,417.0,652.0,317.26166666666666,0.8952505052084428,0.7484275029254898,332.5182684695371,243.97359510680917
18010.0,0.0,0.0,256.0,0.0,1.0,0.18165296718775464,409.57932521320134,72.9420994669679
18011.0,1.0,194.0,567.0,205.57999999999998,0.747390790719269,0.17572390599560095,316.3388665403635,54.49595494380028
18012.0,0.0,0.0,723.0,0.0,1.0,0.07414842742858192,409.57932521320134,29.77305645342519
18013.0,0.0,0.0,155.0,0.0,1.0,0.2648224228217027,409.57932521320134,106.3407529411482
18014.0,0.0,0.0,28.0,0.0,1.0,,409.57932521320134,
18015.0,0.0,0.0,4.0,0.0,1.0,,409.57932521320134,
18016.0,6.0,649.0,681.0,293.21,0.9891084748517462,0.7946997357304599,312.44142857822385,243.41595505083657
18017.0,3.0,350.0,431.0,174.33333333333334,0.9670422642969835,0.6416577614548857,241.06034427768105,151.63871322180705
18018.0,3.0,312.0,420.0,52.23,0.9572178410361095,0.6495738402363485,153.59135431643526,97.80844481855617
18019.0,0.0,0.0,51.0,0.0,1.0,,409.57932521320134,
18020.0,0.0,0.0,543.0,0.0,1.0,0.09605132262035584,409.57932521320134,38.5680773928171
18021.0,1.0,3.0,512.0,116.41,0.2625898576153132,0.06762791170390255,275.5825959440385,18.270878663627922
18022.0,4.0,511.0,546.0,363.245,0.983440971877365,0.6747017599686995,373.85429856724994,247.28235894054853
18024.0,0.0,0.0,152.0,0.0,1.0,0.2684768311515097,409.57932521320134,107.80829152110192
18025.0,4.0,240.0,619.0,229.8175,0.6401054485638951,0.3922131274717602,270.9780621945537,104.1920159909269
18026.0,1.0,5.0,505.0,1328.65,0.27647122404714064,0.07207794986956279,829.6521425145116,58.62464781903114
18027.0,0.0,0.0,98.0,0.0,1.0,0.35730356197280283,409.57932521320134,143.47991170641515
18028.0,0.0,0.0,583.0,0.0,1.0,0.0901341614102597,409.57932521320134,36.19205323812323
18029.0,0.0,0.0,642.0,0.0,1.0,0.08262669221538885,409.57932521320134,33.17745623558116
18030.0,1.0,38.0,42.0,109.55,0.9244772758880443,1.293404638010706,272.44714661925667,345.4837203257654
18031.0,0.0,0.0,378.0,0.0,1.0,0.13173174207013302,409.57932521320134,52.895647714865916
18032.0,0.0,0.0,334.0,0.0,1.0,0.14622113667739642,409.57932521320134,58.71398251178025
18033.0,0.0,0.0,65.0,0.0,1.0,,409.57932521320134,
18034.0,1.0,354.0,375.0,422.88,0.9233231366936876,0.31190756157830096,415.65856599737185,127.10045017036849
18035.0,2.0,350.0,385.0,365.2,0.9655493539525671,0.5126103909354793,381.7368299430769,191.83769974412445
18036.0,9.0,689.0,721.0,165.8711111111111,0.9920594713010688,1.097801123737333,194.28693609280498,209.09523557313543
18037.0,13.0,584.0,738.0,11.19,0.93659135538529,1.4350215436168139,44.54524690094769,62.66664091335805
18038.0,0.0,0.0,556.0,0.0,1.0,0.0940447685733698,409.57932521320134,37.76234872810867
18039.0,3.0,266.0,640.0,152.73333333333332,0.7781762399714951,0.3630629210964194,225.5871370229276,80.29241607799574
18040.0,1.0,226.0,245.0,118.2,0.9215912014673532,0.4421179022368326,276.40073796901794,119.80261944057827
18041.0,35.0,683.0,694.0,235.20399999999998,0.9977619367042248,4.224867162339089,240.92795143423922,997.8768190881688
18042.0,1.0,488.0,541.0,165.04999999999998,0.9181740069915378,0.22514533261721711,297.814120019459,65.73390936339888
18043.0,2.0,342.0,366.0,121.525,0.9675907884148475,0.5363848463617852,228.86113833771168,120.34594816078771
18044.0,17.0,556.0,560.0,203.0441176470588,0.9969032587861282,2.5387569548069164,216.53331214595084,538.9192767820397
18045.0,0.0,0.0,45.0,0.0,1.0,,409.57932521320134,
18046.0,0.0,0.0,649.0,0.0,1.0,0.08181818590527774,409.57932521320134,32.852804281939584
18047.0,0.0,0.0,381.0,0.0,1.0,0.13084778348887344,409.57932521320134,52.540688343296665
18048.0,1.0,290.0,493.0,172.29000000000002,0.8602806075322762,0.22910764928763055,301.12325312608,67.63412319001534
18049.0,1.0,153.0,590.0,283.97,0.6763324413386821,0.15343022073231455,352.1680024834601,52.97138996861321
18050.0,1.0,34.0,393.0,74.4,0.49933455333759075,0.1620438533052849,256.38139679912854,40.728936640769795
18051.0,6.0,96.0,730.0,324.83,0.0026538884762728906,0.0020006618595297706,338.8358438244295,0.6645689718069415
18052.0,0.0,0.0,564.0,0.0,1.0,0.09285112620900142,409.57932521320134,37.2830439411003
18053.0,2.0,457.0,527.0,164.935,0.9613538395676191,0.3877925712491984,256.09550285023414,97.36021496494607
18054.0,0.0,0.0,392.0,0.0,1.0,0.12770574172850505,409.57932521320134,51.2789821923284
18055.0,12.0,406.0,413.0,817.005,0.9952361616201314,2.37654902809123,780.3065796947207,1817.991521605671
18056.0,1.0,330.0,618.0,363.65,0.8402351485245643,0.18279454928351863,388.5867491596424,69.63562116030397
18057.0,2.0,297.0,690.0,453.12,0.8303869525201909,0.2625760025344499,436.89567186754067,112.46338357431897
18058.0,2.0,658.0,667.0,236.42999999999998,0.9711535992230899,0.3167459685467091,300.9497044356474,93.45092121423858
18059.0,2.0,44.0,67.0,91.19,0.9538044316197987,1.7373928182771952,209.82970669782762,357.4098342823529
18060.0,1.0,156.0,564.0,721.06,0.6957359963927446,0.16435962711790558,551.9454872311074,88.93490378427143
18061.0,26.0,714.0,735.0,237.5676923076923,0.9963504596835729,2.9918600226753167,245.08316859372567,718.8383505766764
18062.0,5.0,424.0,597.0,241.984,0.9470214726918601,0.7285903050807245,274.1571678803971,195.82186271070526
18063.0,1.0,243.0,633.0,84.60000000000001,0.7701862403098964,0.16395289934805973,261.04343515376036,41.95772486896652
18064.0,8.0,543.0,676.0,505.32875,0.9673041605472723,1.0178220793355555,492.9494877685706,491.8713354906341
18065.0,16.0,725.0,730.0,347.48312500000003,0.9967330155490811,1.8816307390071747,351.7747000165621,648.8967716697265
18066.0,2.0,340.0,415.0,344.55,0.9567150623352918,0.476119579391302,368.78152869489475,172.1341649230119
18067.0,0.0,0.0,40.0,0.0,1.0,,409.57932521320134,
18068.0,0.0,0.0,289.0,0.0,1.0,0.16475944375815946,409.57932521320134,66.15825307347345
18069.0,9.0,623.0,649.0,460.53666666666663,0.9923924521875845,1.2090953385419168,454.5951562353953,538.8435870462355
18070.0,0.0,0.0,669.0,0.0,1.0,0.07959301232374305,409.57932521320134,31.959296997816736
18071.0,4.0,477.0,734.0,300.345,0.9273014263906969,0.4863056891134655,325.35668549766086,155.11234835506733
18072.0,0.0,0.0,185.0,0.0,1.0,0.23310427008976087,409.57932521320134,93.60344979912743
18073.0,9.0,83.0,197.0,423.83555555555563,0.4069672394982073,1.3556384607834062,422.17331143383166,561.0745494820765
18074.0,1.0,132.0,505.0,979.2,0.6894922739576047,0.17975537862592633,669.9316226099945,118.0576555785874
18075.0,19.0,475.0,498.0,271.35105263157897,0.9943890537171224,3.1305602056735182,279.4846033200313,857.7454628845402
18076.0,0.0,0.0,380.0,0.0,1.0,0.13114111412904547,409.57932521320134,52.65847716923123
18077.0,17.0,724.0,732.0,242.76117647058825,0.9966963686053346,1.9895674771032674,253.6563767652575,494.74457788767404
18078.0,3.0,411.0,628.0,157.28666666666666,0.9343490443083896,0.4434846913966046,228.84892731767962,99.4960681797844
18079.0,3.0,446.0,491.0,1217.3233333333333,0.9764468822210679,0.5778579072113758,988.2085125478325,559.8215311594768
18080.0,1.0,224.0,242.0,390.0,0.9219309072160384,0.44661210410338514,400.6303482424412,175.41369329317646
18081.0,2.0,97.0,133.0,115.10000000000001,0.9529130505409693,1.1532011520041885,224.83025162974218,254.18700034380674
18082.0,0.0,0.0,25.0,0.0,1.0,,409.57932521320134,
18083.0,0.0,0.0,397.0,0.0,1.0,0.1263269257724839,409.57932521320134,50.72531085033478
18084.0,2.0,372.0,388.0,98.34,0.9693328023262295,0.5112045451184825,214.3154405440505,107.4065070737691
18085.0,3.0,298.0,628.0,462.3333333333334,0.839993214428966,0.39869910901660566,447.36977434106007,174.8599333007615
18086.0,0.0,0.0,274.0,0.0,1.0,0.17203105988695083,409.57932521320134,69.07827245543703
18087.0,13.0,640.0,738.0,1105.136923076923,0.9787097749569628,1.4995543188991338,1046.9011874729165,1539.0209047338883
18088.0,0.0,0.0,61.0,0.0,1.0,,409.57932521320134,
18089.0,0.0,0.0,446.0,0.0,1.0,0.11424033022924693,409.57932521320134,45.87188777768493
18090.0,0.0,0.0,421.0,0.0,1.0,0.12010292449607271,409.57932521320134,48.22603306691412
18091.0,0.0,0.0,593.0,0.0,1.0,0.08876710471650591,409.57932521320134,35.643115568480724
18092.0,16.0,733.0,735.0,943.865,0.9969338299075028,1.8702286383707842,906.9395996413708,1662.836890668354
18093.0,7.0,525.0,618.0,586.2157142857143,0.9789647993018237,0.9884695378054419,560.5896100579776,543.2329305265083
18094.0,9.0,620.0,701.0,615.2,0.9844362674077081,1.11785263289468,591.2250957117438,647.9095945258225
18095.0,4.0,287.0,599.0,320.5125,0.8002454239805368,0.5051278609534434,340.9063772557044,168.81647082974953
18096.0,5.0,502.0,513.0,308.036,0.9889678960597418,0.8716483331415652,327.5292074928826,279.8790618343962
18097.0,9.0,715.0,722.0,499.1177777777778,0.994199923629017,1.0987696791373547,488.67779730120316,526.38818689144
18098.0,0.0,0.0,396.0,0.0,1.0,0.12660029999842912,409.57932521320134,50.8350857837715
18099.0,0.0,0.0,127.0,0.0,1.0,0.30337670364030694,409.57932521320134,121.823488939438
18100.0,0.0,0.0,550.0,0.0,1.0,0.09496034643968752,409.57932521320134,38.129997481840284
18101.0,4.0,663.0,674.0,129.165,0.9864795413188746,0.559400286384631,193.37224344277604,106.0460611547346
18102.0,66.0,738.0,738.0,9189.930454545454,0.9992990405024282,7.476822066887613,9034.693533517659,66222.69247539136
18103.0,0.0,0.0,549.0,0.0,1.0,0.09511467963088382,409.57932521320134,38.19196973497528
18104.0,0.0,0.0,37.0,0.0,1.0,,409.57932521320134,
18105.0,0.0,0.0,37.0,0.0,1.0,,409.57932521320134,
18106.0,3.0,364.0,693.0,385.7166666666667,0.8748339244186552,0.379586545311439,392.48525755857435,146.0535155151415
18107.0,0.0,0.0,442.0,0.0,1.0,0.11513955471246261,409.57932521320134,46.232974028215146
18108.0,2.0,483.0,737.0,177.78,0.9265534819761502,0.2757998962710783,264.1541393893576,71.42159042391403
18109.0,36.0,525.0,526.0,268.685,0.9986260995180687,5.5857145288569745,273.18555561792914,1495.9411431147805
18110.0,1.0,392.0,411.0,236.3,0.9242826019082404,0.2885943311361629,330.37982911431334,93.47272442286072
18111.0,0.0,0.0,589.0,0.0,1.0,0.0893089186587447,409.57932521320134,35.86067933936102
18112.0,3.0,539.0,551.0,207.98666666666668,0.9813389992305585,0.5240990120385354,265.16798323508704,136.24281861987924
18113.0,0.0,0.0,368.0,0.0,1.0,0.13476659491719936,409.57932521320134,54.11431405604213
18114.0,0.0,0.0,290.0,0.0,1.0,0.16429649185770662,409.57932521320134,65.97234859060927
18115.0,0.0,0.0,697.0,0.0,1.0,0.07667371349160322,409.57932521320134,30.7870690665306
18116.0,12.0,344.0,411.0,160.65333333333334,0.9733055349475259,2.333973106847422,183.07506873254766,418.89472496802347
18117.0,0.0,0.0,25.0,0.0,1.0,,409.57932521320134,
18118.0,28.0,371.0,381.0,235.82392857142855,0.996801966923648,5.779783898394597,242.89539997109694,1376.2930128798134
18119.0,0.0,0.0,367.0,0.0,1.0,0.13507779580259716,409.57932521320134,54.239279053007635
18120.0,0.0,0.0,214.0,0.0,1.0,0.20892721543818812,409.57932521320134,83.8945900688901
18121.0,1.0,5.0,154.0,23.25,0.6530275102642572,0.44390854296226984,233.00264563840156,101.40261240315512
18122.0,5.0,142.0,150.0,341.404,0.9877194357899315,2.3492168009534016,354.49157377686225,816.429146150427
18123.0,2.0,489.0,513.0,294.72,0.9688220605333842,0.40028358986790924,337.5194143512183,132.4484317256979
18124.0,0.0,0.0,472.0,0.0,1.0,0.1087213934586149,409.57932521320134,43.65574636560718
18125.0,3.0,287.0,316.0,195.51,0.9768660237514342,0.8443523528311662,256.2302957729663,212.09847306873775
18126.0,0.0,0.0,60.0,0.0,1.0,,409.57932521320134,
18127.0,2.0,384.0,403.0,174.365,0.9688949926108488,0.4945667298007296,262.0116525243435,127.03623574335995
18128.0,0.0,0.0,537.0,0.0,1.0,0.09700660576315864,409.57932521320134,38.95167019069634
18129.0,0.0,0.0,243.0,0.0,1.0,0.18930078879730222,409.57932521320134,76.01321368380192
18130.0,2.0,42.0,57.0,372.765,0.9605070523290615,1.8947934516337992,386.4829245649896,717.9520552660197
18131.0,0.0,0.0,631.0,0.0,1.0,0.0839300081803732,409.57932521320134,33.70079704587315
18132.0,0.0,0.0,504.0,0.0,1.0,0.10262017491297018,409.57932521320134,41.20579644943851
18133.0,0.0,0.0,212.0,0.0,1.0,0.21043213568733302,409.57932521320134,84.4989230409243
18134.0,1.0,96.0,694.0,142.85,0.495819356806428,0.09706114437433455,287.6673306593781,27.372557192521356
18135.0,9.0,605.0,634.0,117.63555555555556,0.9919957389772849,1.2345927255509277,151.67553690641992,183.57635354562697
18136.0,4.0,388.0,451.0,237.145,0.9770282896744539,0.793964683113156,276.6277642576286,215.31639459944455
18137.0,0.0,0.0,551.0,0.0,1.0,0.09480651352327918,409.57932521320134,38.06822611887558
18138.0,0.0,0.0,295.0,0.0,1.0,0.1620202630830799,409.57932521320134,65.05829930270076
18139.0,1.0,1.0,18.0,1825.74,0.8978638600716565,1.6261413503605262,1056.8533822894046,1684.965105210807
18140.0,0.0,0.0,473.0,0.0,1.0,0.10851976243203505,409.57932521320134,43.574781105738985
18141.0,1.0,188.0,589.0,424.20000000000005,0.728846617034491,0.16559633583250039,416.2618886079713,67.57685109864772
18142.0,1.0,58.0,215.0,737.04,0.7661287177002094,0.4070127122403581,559.2493473200306,223.15366852971894
18143.0,1.0,25.0,141.0,519.98,0.7627598556158722,0.5513631953449045,460.0393428831312,248.67303227721413
18144.0,17.0,716.0,723.0,262.38235294117646,0.9967636680200112,2.0124635965887037,271.99605809113007,536.6205288590534
18145.0,10.0,719.0,731.0,530.809,0.9943933420810098,1.199155276218909,517.9373245896235,608.876751117174
18146.0,1.0,80.0,220.0,83.70000000000002,0.8077603389153043,0.4215825797676601,260.63207882835167,107.72110946843034
18147.0,1.0,63.0,108.0,80.46,0.8870670419625014,0.7642191710001164,259.1511960568804,194.1648515880782
18148.0,0.0,0.0,646.0,0.0,1.0,0.08216274226007617,409.57932521320134,32.9911592662221
18149.0,6.0,585.0,635.0,209.56999999999996,0.9866978194251066,0.8449421841143696,242.62394308826046,200.97329972609555
18150.0,2.0,169.0,201.0,169.5,0.9610270967941925,0.8644189882404357,258.9594713828226,219.4547108025222
18151.0,5.0,511.0,645.0,263.048,0.968232919579636,0.6944723828110665,291.17752521094565,198.2396837643068
18152.0,0.0,0.0,646.0,0.0,1.0,0.08216274226007617,409.57932521320134,32.9911592662221
18153.0,0.0,0.0,659.0,0.0,1.0,0.08069025566412004,409.57932521320134,32.399889401442
18154.0,4.0,487.0,490.0,185.825,0.9870629784407334,0.7456450483471493,237.0586465671467,173.28761824961882
18155.0,2.0,216.0,291.0,128.845,0.9486188315098236,0.6369361685948917,233.45352599566297,145.77443020368162
18156.0,1.0,357.0,369.0,528.71,0.9257443596272837,0.3170537192825403,464.0294992395955,144.2324730537959
18157.0,0.0,0.0,571.0,0.0,1.0,0.09183128296731313,409.57932521320134,36.873528124928576
18158.0,1.0,79.0,88.0,109.6,0.9218231986798965,0.8987065745768769,272.46999974844607,240.07048359888756
18159.0,0.0,0.0,301.0,0.0,1.0,0.1593707774988079,409.57932521320134,63.99436514995548
18160.0,2.0,329.0,386.0,319.03,0.9603980202872205,0.5087428656187711,352.77090942837606,175.94363700661242
18161.0,5.0,364.0,379.0,323.738,0.9879834032159172,1.1342669894780624,340.216904549675,378.31389874586625
18162.0,0.0,0.0,732.0,0.0,1.0,0.07331262079470888,409.57932521320134,29.437443950680915
18163.0,0.0,0.0,584.0,0.0,1.0,0.08999556301189293,409.57932521320134,36.13639943082764
18164.0,0.0,0.0,37.0,0.0,1.0,,409.57932521320134,
18165.0,0.0,0.0,177.0,0.0,1.0,0.24079333054293262,409.57932521320134,96.69119094686988
18166.0,0.0,0.0,623.0,0.0,1.0,0.08490400934876477,409.57932521320134,34.09190321520823
18167.0,2.0,82.0,105.0,443.19000000000005,0.959140605222185,1.353354473226022,430.6658345118773,571.4106069505473
18168.0,15.0,560.0,736.0,234.17666666666668,0.8651264660124021,1.5235673493070232,247.0479006218024,368.9940974120941
18169.0,0.0,0.0,60.0,0.0,1.0,,409.57932521320134,
18170.0,8.0,667.0,700.0,327.45125,0.9911978099720301,1.0101928496355228,338.06943367985593,334.80139275590403
18171.0,8.0,645.0,703.0,266.88875,0.9881641540287394,1.0031610592248323,285.3369448842085,280.6116592695753
18172.0,34.0,714.0,728.0,507.25705882352946,0.9974611886554526,3.928811243801096,503.9596217097629,1941.0350995789822
18173.0,4.0,526.0,612.0,526.71,0.9764516515287406,0.6044988225361492,499.89026550557077,296.2431967797817
18174.0,1.0,596.0,603.0,104.0,0.9277246111652195,0.2063622908651913,269.91044927923645,54.6047524606433
18175.0,0.0,0.0,675.0,0.0,1.0,0.0789488791158882,409.57932521320134,31.70064876973475
18176.0,0.0,0.0,358.0,0.0,1.0,0.13794471391072696,409.57932521320134,55.390511989542595
18177.0,8.0,693.0,724.0,235.29625000000001,0.9914972543410124,0.979714829983854,257.82897952154195,247.6328830608585
18178.0,10.0,531.0,659.0,561.807,0.9629619543911214,1.2769289205912715,545.6440826138239,683.0514500242969
18179.0,7.0,654.0,663.0,320.45285714285717,0.9923880246374435,0.9399860948568848,333.38317219409544,307.2150586325557
18180.0,5.0,138.0,142.0,308.62,0.9889366360546102,2.4436553517992965,328.0010973846905,785.7878422106172
18181.0,4.0,711.0,735.0,226.7375,0.9854820977533314,0.5161706236027613,268.6032983113369,135.91954324360995
18182.0,0.0,0.0,463.0,0.0,1.0,0.11057038500462697,409.57932521320134,44.398212295178084
18183.0,1.0,47.0,274.0,319.27000000000004,0.6700521998100869,0.2938966617209648,368.3023116911563,106.11745692708979
18184.0,0.0,0.0,15.0,0.0,1.0,,409.57932521320134,
18185.0,0.0,0.0,249.0,0.0,1.0,0.18569241246315338,409.57932521320134,74.56420682667056
18186.0,0.0,0.0,722.0,0.0,1.0,0.07424247307630237,409.57932521320134,29.81081985843946
18187.0,0.0,0.0,631.0,0.0,1.0,0.0839300081803732,409.57932521320134,33.70079704587315
18188.0,5.0,608.0,623.0,596.168,0.9887923699129644,0.7319329091514224,560.3486908942134,402.0754779619077
18189.0,2.0,548.0,625.0,545.12,0.9621012170536162,0.3329138528419592,494.6142052734855,161.42746125735061
18190.0,4.0,525.0,717.0,138.3,0.9544944594350284,0.5114621901007117,200.41557723277123,100.48989956911042
18191.0,1.0,216.0,477.0,207.8,0.8139668167318995,0.22317735618274903,317.3535454763716,69.43456868380467
18192.0,0.0,0.0,71.0,0.0,1.0,,409.57932521320134,
18193.0,2.0,277.0,442.0,261.6,0.9239660223439431,0.4352944273224508,316.7407423250782,135.16629702413357
18194.0,5.0,598.0,680.0,706.344,0.9809794175535806,0.67051159747908,649.3742743185642,426.8535193468199
18195.0,0.0,0.0,387.0,0.0,1.0,0.12911501383667162,409.57932521320134,51.84488379534257
18196.0,3.0,537.0,632.0,390.46,0.9706031490191592,0.4580452393737363,395.8831547689931,177.76807289288726
18197.0,0.0,0.0,575.0,0.0,1.0,0.09125851578133239,409.57932521320134,36.643534826915015
18198.0,16.0,332.0,336.0,320.31375,0.9965219119435159,3.7357956025249197,326.48304717291427,1195.7071283351208
18199.0,0.0,0.0,683.0,0.0,1.0,0.07810608503714397,409.57932521320134,31.362229492273016
18200.0,0.0,0.0,106.0,0.0,1.0,0.3405950459555679,409.57932521320134,136.76992084274931
18201.0,0.0,0.0,722.0,0.0,1.0,0.07424247307630237,409.57932521320134,29.81081985843946
18202.0,1.0,112.0,311.0,911.26,0.7874397432044069,0.31134491789489016,638.8787906674766,195.00538553283047
18203.0,3.0,574.0,731.0,131.78,0.9619086250465709,0.3974211322015591,210.5771708495665,82.0426760072934
18204.0,2.0,121.0,192.0,722.135,0.9357888406257301,0.8713183456698973,605.669055174065,517.3703744922872
18205.0,1.0,38.0,74.0,291.6,0.8870403353201579,0.9526270464778899,355.65538999775816,332.1671463957204
18206.0,0.0,0.0,553.0,0.0,1.0,0.09450033881202388,409.57932521320134,37.94528216710519
18207.0,0.0,0.0,499.0,0.0,1.0,0.10352792619179486,409.57932521320134,41.570304269168744
18208.0,0.0,0.0,565.0,0.0,1.0,0.09270404900884127,409.57932521320134,37.22398539876466
18209.0,0.0,0.0,28.0,0.0,1.0,,409.57932521320134,
18210.0,6.0,381.0,382.0,436.8966666666667,0.991729202561234,1.3311909838445173,432.38214791228904,564.2726237185449
18211.0,4.0,253.0,278.0,115.5425,0.9820928904660894,1.2019567733704704,182.86892493656813,215.48284506138782
18212.0,1.0,351.0,677.0,248.42000000000002,0.8332425092916351,0.16685339458742035,335.919427629817,54.947730050286964
18213.0,0.0,0.0,236.0,0.0,1.0,0.19369221004941406,409.57932521320134,77.77666911840689
18214.0,3.0,24.0,554.0,352.2633333333333,0.0405392946281714,0.021545537666042506,368.52088903871237,7.783924334956966
18215.0,4.0,534.0,623.0,362.235,0.9761638642413376,0.5946442748139033,373.0755610600912,217.48644266801057
18216.0,0.0,0.0,31.0,0.0,1.0,,409.57932521320134,
18217.0,3.0,497.0,526.0,214.73333333333335,0.9791627256875469,0.5450928236781641,270.0009726615717,144.28303964943197
18218.0,3.0,449.0,660.0,280.02666666666664,0.9411551600538322,0.42697351991587623,316.77399483844056,132.59543929002223
18219.0,15.0,730.0,732.0,227.41133333333335,0.9967322324250512,1.7641608724437363,240.77901465613945,416.42178043624716
18220.0,5.0,498.0,724.0,333.62399999999997,0.9363450067907195,0.6042644257159041,348.2050954236687,206.2715496446822
18221.0,5.0,368.0,390.0,208.32200000000003,0.9869123727743503,1.1055740122879756,246.95724058924026,267.6643252594529
18222.0,0.0,0.0,92.0,0.0,1.0,,409.57932521320134,
18223.0,24.0,731.0,735.0,533.9870833333333,0.9977975575908355,2.7713341128629945,528.1198970451277,1434.821623084974
18224.0,0.0,0.0,263.0,0.0,1.0,0.17778576349777844,409.57932521320134,71.38916141943488
18225.0,24.0,732.0,735.0,541.4483333333334,0.9978648075903247,2.771520896460786,535.2292675132211,1454.234710413594
18226.0,24.0,600.0,644.0,477.3929166666667,0.9905579544069091,3.104999065755107,474.1947642367712,1443.4286406514157
18227.0,1.0,267.0,484.0,93.75,0.8497940455476274,0.23002762474445015,265.2255577954153,59.81050950699921
18228.0,1.0,23.0,79.0,359.51,0.8496669503534126,0.8805455149908928,386.69451006276245,333.8284615980556
18229.0,26.0,725.0,736.0,400.8734615384615,0.9974044034215236,2.991279612809684,401.25383530093194,1176.6645881028035
18230.0,8.0,516.0,525.0,500.38250000000005,0.9931274695308496,1.3129859901933834,488.6427290861273,628.9702460000635
18231.0,24.0,506.0,698.0,275.52791666666667,0.2806067040064639,0.8172300342404768,281.8499065330817,225.8077977657976
18232.0,3.0,116.0,197.0,161.70666666666668,0.9348443112203604,1.176655984755631,232.01520398740234,267.6417149311147
18233.0,0.0,0.0,325.0,0.0,1.0,0.14958701412665518,409.57932521320134,60.065584267401576
18234.0,0.0,0.0,551.0,0.0,1.0,0.09480651352327918,409.57932521320134,38.06822611887558
18235.0,2.0,146.0,217.0,683.01,0.9410352577741711,0.798231808610727,581.1229940924608,454.7629470827254
18236.0,9.0,574.0,603.0,173.19,0.9918386200249454,1.291786248331845,200.75245913806248,254.23144848605648
18237.0,4.0,132.0,134.0,165.92999999999998,0.9867735944927359,2.087420868402949,221.7190597305891,453.737042261592
18238.0,0.0,0.0,515.0,0.0,1.0,0.10067812498186818,409.57932521320134,40.425966311310084
18239.0,5.0,204.0,422.0,399.942,0.7720212838178723,0.8078811685890732,401.79207118550516,318.2212625624179
18240.0,0.0,0.0,46.0,0.0,1.0,,409.57932521320134,
18241.0,20.0,608.0,617.0,138.5345,0.9969167337412524,2.721635948219281,153.73044213636342,410.17316593702753
18242.0,6.0,625.0,697.0,546.445,0.9843050511596669,0.7742105859731309,523.8263034951402,397.5791960472392
18243.0,0.0,0.0,414.0,0.0,1.0,0.12185393310166391,409.57932521320134,48.92915818078036
18244.0,1.0,72.0,502.0,265.84,0.5484955825214678,0.14375367684524676,343.881457839394,48.462917136090766
18245.0,14.0,634.0,641.0,429.5864285714286,0.9960975480163555,1.8634753673263689,428.02162063419786,781.9277295461056
18246.0,2.0,586.0,609.0,298.05,0.9694376943820737,0.3434243493506331,339.6085743103683,114.33754366391474
18247.0,2.0,217.0,631.0,326.865,0.7569711656320592,0.25967273968605037,357.68639539832805,91.05581537020288
18248.0,1.0,64.0,186.0,307.56,0.8100080517147062,0.4801905826261979,362.9501088350055,170.86493093605716
18249.0,0.0,0.0,17.0,0.0,1.0,,409.57932521320134,
18250.0,0.0,0.0,310.0,0.0,1.0,0.15555531190357522,409.57932521320134,62.46221951676047
18251.0,7.0,630.0,717.0,3284.8542857142857,0.9830368011378957,0.8667363152390771,2867.714328267837,2436.6878414394696
18252.0,6.0,671.0,721.0,194.20666666666668,0.9874163769845232,0.7529096194472794,229.79958510072495,169.61691757274886
18253.0,0.0,0.0,642.0,0.0,1.0,0.08262669221538885,409.57932521320134,33.17745623558116
18254.0,0.0,0.0,581.0,0.0,1.0,0.09041264343769648,409.57932521320134,36.303876947522745
18255.0,1.0,367.0,456.0,103.3,0.9053688400691182,0.2582519958704302,269.59050547058524,68.25444292225365
18256.0,0.0,0.0,387.0,0.0,1.0,0.12911501383667162,409.57932521320134,51.84488379534257
18257.0,10.0,620.0,659.0,423.97700000000003,0.9914064326594096,1.3146475207563977,422.4483132585257,544.452694915456
18258.0,4.0,108.0,572.0,296.22,0.14585960065820014,0.09597768514990496,322.17619815406704,30.313938057872665
18259.0,6.0,707.0,731.0,660.3000000000001,0.9900211408712108,0.7453989832006126,618.8653973552524,452.23275184721825
18260.0,21.0,552.0,724.0,459.70142857142855,0.6802437605486759,1.682559095573007,457.0180156986831,753.8418309860825
18261.0,1.0,52.0,95.0,99.44,0.8849584080884336,0.8247588691662198,267.8262438971658,216.561516524922
18262.0,2.0,462.0,602.0,187.74,0.9488980108050946,0.339679811704925,270.40279800591424,90.04510686683953
18263.0,2.0,227.0,252.0,452.78,0.9654206567914769,0.7282097833587244,436.6823642440839,311.7515246055216
18264.0,0.0,0.0,498.0,0.0,1.0,0.1037114081012959,409.57932521320134,41.6439815123831
18265.0,1.0,86.0,158.0,312.96,0.8715003567595189,0.5817524749608857,365.41824678745763,208.4120973770701
18266.0,0.0,0.0,434.0,0.0,1.0,0.11698118198978953,409.57932521320134,46.9724854686859
18267.0,0.0,0.0,672.0,0.0,1.0,0.07926963674508926,409.57932521320134,31.829447259134078
18268.0,5.0,594.0,728.0,223.01,0.9721945017593844,0.6242307673996798,258.8255945804621,158.39065193566813
18269.0,0.0,0.0,366.0,0.0,1.0,0.13539043855301083,409.57932521320134,54.36482306188462
18270.0,2.0,394.0,432.0,141.575,0.9656812781010149,0.464116016054928,241.44001436802898,109.85437582589408
18271.0,1.0,122.0,731.0,488.3,0.538990857799812,0.10060615144703786,445.55960022874547,43.944995345532845
18272.0,8.0,643.0,645.0,468.8725,0.9938341230175436,1.0914726065267886,461.2065974543279,493.4984692918346
18273.0,3.0,588.0,590.0,68.0,0.982423680466382,0.4933936086404588,164.8882283167807,79.7557389815275
18274.0,0.0,0.0,30.0,0.0,1.0,,409.57932521320134,
18275.0,1.0,153.0,731.0,369.21000000000004,0.6019693117132411,0.11236148974382955,391.12801712550055,43.083948309133554
18276.0,5.0,686.0,729.0,287.694,0.9864682330971631,0.6325969165307529,311.0922482820006,192.9271768057
18277.0,3.0,436.0,494.0,280.97,0.9742260121097543,0.5734441288474568,317.44975373552313,178.46210473346326
18278.0,1.0,331.0,404.0,173.9,0.907903601199111,0.2877153585246566,301.85912388597774,85.14342053031626
18279.0,0.0,0.0,519.0,0.0,1.0,0.09999003454120517,409.57932521320134,40.14966380907134
18280.0,1.0,117.0,394.0,180.60000000000002,0.7358538464474157,0.23827821367873736,304.92144319735354,71.22890673360845
18281.0,1.0,397.0,577.0,80.82,0.883222629223281,0.20442390222311474,259.3157385870438,51.96863171565124
18282.0,1.0,119.0,126.0,77.84,0.9246304467311639,0.7211185343008459,257.9536920873573,182.36682373034523
18283.0,18.0,655.0,658.0,146.40555555555557,0.9971817610960265,2.318987717646766,162.6981262534189,369.8776190825887
18284.0,0.0,0.0,431.0,0.0,1.0,0.11768708317852562,409.57932521320134,47.25594259279252
18285.0,0.0,0.0,660.0,0.0,1.0,0.08057917134603898,409.57932521320134,32.35528405294738
18286.0,1.0,247.0,723.0,833.48,0.7368792006461038,0.13894016752566798,603.3284629004903,82.17898721045569
18287.0,5.0,529.0,571.0,622.2760000000001,0.9854703075289242,0.7892186567956693,581.4447547560613,449.86710265353344
